race_date,time,track,placing,horse_name,last,last2,last3,last4,last5,last6,last7,last8,last9,last10,leveller,speed,jockey,trainer,stallion,today,total,odds_numerical,racetype,jockey_name,trainer_name,runners,placing_num,HorseAge,Distance,AgeRestrictions,WinPrizeMoney,UKClass,MajorType,
"2026-02-14","12.35.","Wincanton","2nd","At The Oche (IRE)","75.5625","53.3244","69.1632","83.1451","71.5549","0.0000","0.0000","0.0000","0.0000","0.0000","352.7501","68.4800","0.0000","0.0000","0.0000","2.8570","776.8373","1.38","Handicap Hurdle","Broughton, Tom","Twiston-Davies, N A","7","2","5","2m6f ","4yo+","3697","5",,
"2026-02-14","12.35.","Wincanton","1st","Eton Mes (IRE)","76.8000","65.6767","54.6775","55.1676","0.0000","0.0000","0.0000","0.0000","0.0000","0.0000","378.4827","48.1492","0.0000","0.0000","0.0000","1.4290","680.3828","2.50","Handicap Hurdle","Corcoran, Rian","Pipe, D E","7","1","5","2m6f ","4yo+","3697","5",,
"2026-02-14","12.35.","Wincanton","4th","Thankyouandplease (FR)","41.0734","58.1063","75.0200","52.3960","49.6356","41.9109","58.3104","39.5046","40.3758","38.1528","0.0000","57.9400","0.0000","0.0000","0.0000","1.5090","553.9349","18.00","Handicap Hurdle","Hanlon, Paddy","Hosie, Syd","7","4","6","2m6f ","4yo+","3697","5",,
"2026-02-14","12.35.","Wincanton","3rd","Charlies Jetaway (IRE)","45.5675","57.1603","39.4374","0.0000","0.0000","0.0000","0.0000","0.0000","0.0000","0.0000","331.7189","50.7300","0.0000","0.0000","0.0000","2.6000","527.2142","10.00","Handicap Hurdle","Palmer, Oscar","Hosie, Syd","7","3","5","2m6f ","4yo+","3697","5",,
"2026-02-14","12.35.","Wincanton","7th","Star Of Diamonds (IRE)","58.7567","40.8898","46.6688","0.0000","0.0000","0.0000","0.0000","0.0000","0.0000","0.0000","341.4021","30.4825","0.0000","0.0000","0.0000","0.0000","518.1998","5.00","Handicap Hurdle","Johnstone-baker, Cameron","Lavelle, Miss E C","7","7","7","2m6f ","4yo+","3697","5",,
"2026-02-14","12.35.","Wincanton","6th","Looking For Larry (IRE)","42.9522","36.2986","55.6500","41.2538","33.8076","60.8500","48.1138","41.2557","30.4826","0.0000","43.4071","62.8530","0.0000","0.0000","0.0000","2.3000","499.2244","10.00","Handicap Hurdle","Dodd, Murray","Dennis, T W","7","6","8","2m6f ","4yo+","3697","5",,
"2026-02-14","12.35.","Wincanton","5th","Moonlight Artist","27.7774","28.1512","40.3833","38.9226","38.9100","61.1250","30.8520","37.9332","39.6898","34.9637","0.0000","62.3759","0.0000","0.0000","0.0000","3.3090","444.3930","14.00","Handicap Hurdle","OShea, Ciaran","Tizzard, Joe","7","5","8","2m6f ","4yo+","3697","5",,
"2026-02-14","12.45.","Gowran Park","1st","Madness Delle (FR)","59.0508","0.0000","0.0000","0.0000","0.0000","0.0000","0.0000","0.0000","0.0000","0.0000","531.4572","62.8000","0.0000","0.0000","0.0000","0.0000","653.3080","0.40","Maiden Hurdle","Townend, P","Mullins, W P","10","1","4","2m ","4yo","6372","0",,
"2026-02-14","12.45.","Gowran Park","5th","Whats New (IRE)","48.6580","51.1810","38.5827","60.3432","40.2294","0.0000","0.0000","0.0000","0.0000","0.0000","238.9942","62.2256","0.0000","0.0000","0.0000","0.5560","540.7699","18.00","Maiden Hurdle","Quirke, Cian","Slattery, Andrew","10","5","4","2m ","4yo","6372","0",,
"2026-02-14","12.45.","Gowran Park","2nd","Manoir De Mirande (FR)","43.2084","40.3991","0.0000","0.0000","0.0000","0.0000","0.0000","0.0000","0.0000","0.0000","334.4302","59.7764","0.0000","0.0000","0.0000","0.0000","477.8142","4.00","Maiden Hurdle","Kennedy, J W","Elliott, Gordon","10","2","4","2m ","4yo","6372","0",,
"2026-02-14","12.45.","Gowran Park","9th","Wolfpack","38.9601","43.3382","0.0000","0.0000","0.0000","0.0000","0.0000","0.0000","0.0000","0.0000","329.1931","31.0207","0.0000","0.0000","0.0000","1.4290","443.9411","100.00","Maiden Hurdle","Sexton, K C","Elliott, Gordon","10","9","4","2m ","4yo","6372","0",,
"2026-02-14","12.45.","Gowran Park","7th","Ocean Murphy","42.2694","39.8028","32.2967","0.0000","0.0000","0.0000","0.0000","0.0000","0.0000","0.0000","266.8607","24.0015","0.0000","0.0000","0.0000","0.0000","405.2310","125.00","Maiden Hurdle","Roche, T P","Rothwell, P J","10","7","4","2m ","4yo","6372","0",,
"2026-02-14","12.45.","Gowran Park","10th","Nile Star (FR)","31.7808","32.9662","0.0000","0.0000","0.0000","0.0000","0.0000","0.0000","0.0000","0.0000","258.9880","29.2394","0.0000","0.0000","0.0000","0.0000","352.9744","300.00","Maiden Hurdle","McKenna, Liam","OSullivan, Ross","10","10","4","2m ","4yo","6372","0",,
"2026-02-14","12.45.","Gowran Park","3rd","Arouet (FR)","0.0000","0.0000","0.0000","0.0000","0.0000","0.0000","0.0000","0.0000","0.0000","0.0000","0.0000","0.0000","0.0000","0.0000","0.0000","3.3330","3.3330","3.50","Maiden Hurdle","King, D","Twomey, P","10","3","4","2m ","4yo","6372","0",,
"2026-02-14","12.45.","Gowran Park","6th","Rebel Queen (IRE)","0.0000","0.0000","0.0000","0.0000","0.0000","0.0000","0.0000","0.0000","0.0000","0.0000","0.0000","0.0000","0.0000","0.0000","0.0000","0.7000","0.7000","150.00","Maiden Hurdle","Kenneally, Michael","Motherway, C","10","6","4","2m ","4yo","6372","0",,
"2026-02-14","12.45.","Gowran Park","8th","Youknowthecode (IRE)","0.0000","0.0000","0.0000","0.0000","0.0000","0.0000","0.0000","0.0000","0.0000","0.0000","0.0000","0.0000","0.0000","0.0000","0.0000","0.0000","0.0000","33.00","Maiden Hurdle","Gainford, Jordan","Elliott, Gordon","10","8","4","2m ","4yo","6372","0",,
"2026-02-14","12.45.","Gowran Park","4th","Tea Biscuit (IRE)","0.0000","0.0000","0.0000","0.0000","0.0000","0.0000","0.0000","0.0000","0.0000","0.0000","0.0000","0.0000","0.0000","0.0000","0.0000","0.0000","0.0000","40.00","Maiden Hurdle","OConnor, M P","Houlihan, Conor","10","4","4","2m ","4yo","6372","0",,
"2026-02-14","12.50.","Lingfield","8th","Bownder (IRE)","56.0110","52.2491","60.2218","64.2520","43.0444","46.5940","53.5206","45.0809","55.9311","48.4255","0.0000","59.6560","0.0000","0.0000","0.0000","2.1810","587.1675","4.00","Handicap","Graham, Mr McKenzie","Portman, J G","9","8","4","1m4f ","4yo+","4172","5",,
"2026-02-14","12.50.","Lingfield","1st","Sea Of Charm (FR)","33.5859","62.4160","61.5520","38.6853","45.2985","40.2735","37.4037","46.3450","58.8320","50.8332","0.0000","63.1404","0.0000","0.0000","0.0000","1.4170","539.7825","25.00","Handicap","Brown, Harry","Nicholls, Georgina","9","1","8","1m4f ","4yo+","4172","5",,
"2026-02-14","12.50.","Lingfield","4th","Shahbaz (IRE)","58.7900","36.0124","35.8248","37.1311","38.1840","45.4619","59.8353","49.7189","72.1380","38.2356","0.0000","67.0204","0.0000","0.0000","0.0000","0.7320","539.0843","5.00","Handicap","Hampson, Brodie","Watson, Archie","9","4","6","1m4f ","4yo+","4172","5",,
"2026-02-14","12.50.","Lingfield","9th","Man Is King (IRE)","63.0630","42.7500","30.2185","55.6404","38.2004","31.9765","38.0151","43.4783","44.1794","56.9020","0.0000","56.8225","0.0000","0.0000","0.0000","2.4380","503.6842","12.00","Handicap","Chance, Miss Louise","Flood, D","9","9","7","1m4f ","4yo+","4172","5",,
"2026-02-14","12.50.","Lingfield","7th","Kathleen Mary","43.7176","43.8718","35.2833","49.4559","50.2547","43.7242","32.4000","0.0000","0.0000","0.0000","128.0175","64.4760","0.0000","0.0000","0.0000","0.6000","491.8010","2.00","Handicap","Walker, Mr S","Chapple-Hyam, P W","9","7","4","1m4f ","4yo+","4172","5",,
"2026-02-14","12.50.","Lingfield","6th","Johnny Boom (IRE)","46.1632","62.1000","27.4044","36.8916","32.4876","49.9542","34.9984","58.2750","35.5895","39.0125","0.0000","66.1900","0.0000","0.0000","0.0000","1.6050","490.6714","25.00","Handicap","Milburn, Miss Amy","Lycett, Shaun","9","6","8","1m4f ","4yo+","4172","5",,
"2026-02-14","12.50.","Lingfield","5th","Roland Garros","40.6490","52.5462","65.5689","42.6003","35.9503","42.6572","37.3006","36.7701","0.0000","0.0000","88.5107","41.5550","0.0000","0.0000","0.0000","-0.2000","483.9084","11.00","Handicap","Yarham, Fletcher","Burton, Hayley","9","5","5","1m4f ","4yo+","4172","5",,
"2026-02-14","12.50.","Lingfield","2nd","Imperial Decision","48.6834","44.6280","32.3478","0.0000","0.0000","0.0000","0.0000","0.0000","0.0000","0.0000","293.2046","63.1641","0.0000","0.0000","0.0000","0.7000","482.7278","25.00","Handicap","Burke, Louis","Burke, Kieran","9","2","4","1m4f ","4yo+","4172","5",,
"2026-02-14","12.50.","Lingfield","3rd","Voix De Bocelli","49.8700","47.9468","46.2538","29.2410","32.5593","33.7910","47.4462","36.4698","60.5800","32.6472","0.0000","60.0887","0.0000","0.0000","0.0000","1.3670","478.2608","4.00","Handicap","Cagney, Eireann","Knight, Miss H C","9","3","6","1m4f ","4yo+","4172","5",,
"2026-02-14","12.55.","Haydock","1st","Manlaga (IRE)","90.1865","0.0000","0.0000","0.0000","0.0000","0.0000","0.0000","0.0000","0.0000","0.0000","811.6785","86.0000","0.0000","0.0000","0.0000","0.7000","988.5650","1.75","Hurdle","Hughes, Brian","Henderson, N J","7","1","4","2m ","4yo","10892","2",,
"2026-02-14","12.55.","Haydock","4th","Love Sonnet (IRE)","98.2723","75.3576","57.2111","0.0000","0.0000","0.0000","0.0000","0.0000","0.0000","0.0000","538.6289","71.7170","0.0000","0.0000","0.0000","5.7000","846.8869","18.00","Hurdle","Davies, James","Vaughan, Tim","7","4","4","2m ","4yo","10892","2",,
"2026-02-14","12.55.","Haydock","5th","Macktoad (FR)","58.3353","91.7809","0.0000","0.0000","0.0000","0.0000","0.0000","0.0000","0.0000","0.0000","600.4650","68.1850","0.0000","0.0000","0.0000","5.0000","823.7662","5.00","Hurdle","Bowen, Sean P","Moore, Gary and Josh","7","5","4","2m ","4yo","10892","2",,
"2026-02-14","12.55.","Haydock","2nd","Pourquoi Pas Papa (FR)","85.1010","64.5128","74.8288","0.0000","0.0000","0.0000","0.0000","0.0000","0.0000","0.0000","523.6993","69.1990","0.0000","0.0000","0.0000","3.6330","820.9739","1.63","Hurdle","Gingell, Frederick","Nicholls, P F","7","2","4","2m ","4yo","10892","2",,
"2026-02-14","12.55.","Haydock","6th","Whatsgoingonmarvin (IRE)","63.8846","42.7976","0.0000","0.0000","0.0000","0.0000","0.0000","0.0000","0.0000","0.0000","426.7287","63.2675","0.0000","0.0000","0.0000","3.1080","599.7864","20.00","Hurdle","Bowen, James C","Bowen, Mickey","7","6","4","2m ","4yo","10892","2",,
"2026-02-14","12.55.","Haydock","F","Try Them (IRE)","44.2469","0.0000","0.0000","0.0000","0.0000","0.0000","0.0000","0.0000","0.0000","0.0000","398.2225","57.9600","0.0000","0.0000","0.0000","0.8000","501.2294","50.00","Hurdle","Meyler, D","Mullins, Emmet","7","0","4","2m ","4yo","10892","2",,
"2026-02-14","12.55.","Haydock","3rd","The Mighty Celt (IRE)","0.0000","0.0000","0.0000","0.0000","0.0000","0.0000","0.0000","0.0000","0.0000","0.0000","0.0000","0.0000","0.0000","0.0000","0.0000","0.0000","0.0000","7.50","Hurdle","Skelton, Harry","Skelton, Daniel","7","3","4","2m ","4yo","10892","2",,
"2026-02-14","1.05.","Wincanton","2nd","Bluey (IRE)","113.0000","60.0801","69.8368","99.2640","0.0000","0.0000","0.0000","0.0000","0.0000","0.0000","513.2713","68.3575","0.0000","0.0000","0.0000","4.5450","928.3547","0.33","Novices Chase","Powell, Brendan","Lavelle, Miss E C","5","2","7","2m ","5yo+","20206","1","Lst",
"2026-02-14","1.05.","Wincanton","1st","Queens Gamble (IRE)","64.7800","61.6224","0.0000","0.0000","0.0000","0.0000","0.0000","0.0000","0.0000","0.0000","505.6097","77.4000","0.0000","0.0000","0.0000","4.1670","713.5791","3.33","Novices Chase","OBrien, P V","Derham, Harry","5","1","8","2m ","5yo+","20206","1","Lst",
"2026-02-14","1.05.","Wincanton","3rd","Sunday Soldier (IRE)","59.3684","54.8008","63.3552","51.4849","0.0000","0.0000","0.0000","0.0000","0.0000","0.0000","343.5139","67.7595","0.0000","0.0000","0.0000","2.0000","642.2826","22.00","Novices Chase","Slatter, Nick","Killahena, David / Mcpherson, Graeme","5","3","8","2m ","5yo+","20206","1","Lst",
"2026-02-14","1.05.","Wincanton","4th","Followango (IRE)","87.2000","54.6360","46.1138","60.2920","40.4640","35.0400","0.0000","0.0000","0.0000","0.0000","215.8305","65.3600","0.0000","0.0000","0.0000","1.0530","605.9893","25.00","Novices Chase","Williams, Isabel","Williams, Evan","5","4","8","2m ","5yo+","20206","1","Lst",
"2026-02-14","1.05.","Wincanton","5th","Presenting A Queen","58.0075","50.1373","52.6856","42.5465","57.1675","73.7150","53.6395","38.1828","0.0000","0.0000","106.5204","66.3077","0.0000","0.0000","0.0000","2.0000","600.9099","28.00","Novices Chase","Twiston-Davies, Sam","Honeyball, A J","5","5","9","2m ","5yo+","20206","1","Lst",
"2026-02-14","1.15.","Ascot","1st","Mondouiboy (FR)","88.7040","0.0000","0.0000","0.0000","0.0000","0.0000","0.0000","0.0000","0.0000","0.0000","798.3360","73.0587","0.0000","0.0000","0.0000","3.6330","963.7317","0.73","Novices Hurdle","Jones, Ben R","Pauling, Ben","6","1","6","2m3.5f ","5yo+","13008","2",,
"2026-02-14","1.15.","Ascot","4th","Etna Bianco (IRE)","66.3982","100.1928","73.7670","0.0000","0.0000","0.0000","0.0000","0.0000","0.0000","0.0000","560.8353","78.4680","0.0000","0.0000","0.0000","2.5000","882.1613","5.00","Novices Hurdle","Cobden, Harry","Tizzard, Joe","6","4","6","2m3.5f ","5yo+","13008","2",,
"2026-02-14","1.15.","Ascot","UR","Starzand (IRE)","67.2949","70.3039","77.7427","0.0000","0.0000","0.0000","0.0000","0.0000","0.0000","0.0000","502.4636","67.2469","0.0000","0.0000","0.0000","5.3000","790.3521","4.50","Novices Hurdle","Houlihan, Sean M","Hobbs, P J / White, J","6","0","6","2m3.5f ","5yo+","13008","2",,
"2026-02-14","1.15.","Ascot","3rd","Catchintsavo (IRE)","78.0120","67.7562","54.4570","0.0000","0.0000","0.0000","0.0000","0.0000","0.0000","0.0000","467.1922","74.0512","0.0000","0.0000","0.0000","1.9670","743.4356","5.50","Novices Hurdle","Dingle, Rex","Honeyball, A J","6","3","6","2m3.5f ","5yo+","13008","2",,
"2026-02-14","1.15.","Ascot","2nd","Kildinan Prince (IRE)","62.1431","0.0000","0.0000","0.0000","0.0000","0.0000","0.0000","0.0000","0.0000","0.0000","559.2876","0.0000","0.0000","0.0000","0.0000","0.8000","622.2307","28.00","Novices Hurdle","Burke, Jonathan","Lavelle, Miss E C","6","2","7","2m3.5f ","5yo+","13008","2",,
"2026-02-14","1.15.","Ascot","5th","Coumeenoole (IRE)","51.5267","43.7972","56.4528","54.0588","66.1023","41.1975","43.6974","38.4330","0.0000","0.0000","98.8164","50.0865","0.0000","0.0000","0.0000","0.8000","544.9685","100.00","Novices Hurdle","Durrell, Tristan","Skelton, Daniel","6","5","7","2m3.5f ","5yo+","13008","2",,
"2026-02-14","1.20.","Gowran Park","1st","Storm Heart (FR)","93.0422","88.7450","74.7668","69.4401","95.4559","51.8265","0.0000","0.0000","0.0000","0.0000","315.5177","86.8655","0.0000","0.0000","0.0000","3.3330","878.9926","1.10","Hurdle","Townend, P","Mullins, W P","7","1","6","2m ","5yo+","19912","0","G3",
"2026-02-14","1.20.","Gowran Park","3rd","Farren Glory (IRE)","85.8322","65.9786","51.0305","64.9094","105.8062","60.2168","68.3130","0.0000","0.0000","0.0000","215.1800","82.9860","0.0000","0.0000","0.0000","3.3330","803.5858","8.00","Hurdle","Kennedy, J W","Elliott, Gordon","7","3","9","2m ","5yo+","19912","0","G3",
"2026-02-14","1.20.","Gowran Park","5th","Kel Histoire (FR)","65.7059","70.5003","78.7270","52.1235","0.0000","0.0000","0.0000","0.0000","0.0000","0.0000","400.5851","78.8365","0.0000","0.0000","0.0000","2.5000","748.9784","20.00","Hurdle","Torrens, Simon","Mullins, W P","7","5","6","2m ","5yo+","19912","0","G3",
"2026-02-14","1.20.","Gowran Park","2nd","Workahead (IRE)","76.6569","66.2563","60.8108","48.6326","0.0000","0.0000","0.0000","0.0000","0.0000","0.0000","378.5348","81.8910","0.0000","0.0000","0.0000","2.5000","715.2823","8.00","Hurdle","OKeeffe, Darragh","Bromhead, Henry De","7","2","8","2m ","5yo+","19912","0","G3",
"2026-02-14","1.20.","Gowran Park","6th","Yeah Man (IRE)","89.6142","59.8455","48.9860","52.9297","0.0000","0.0000","0.0000","0.0000","0.0000","0.0000","377.0631","52.3475","0.0000","0.0000","0.0000","0.8700","681.6559","40.00","Hurdle","Buckley, Kieran","Cromwell, Gavin Patrick","7","6","9","2m ","5yo+","19912","0","G3",
"2026-02-14","1.20.","Gowran Park","4th","Kawaboomga (FR)","53.4600","57.1890","0.0000","0.0000","0.0000","0.0000","0.0000","0.0000","0.0000","0.0000","442.5960","83.7644","0.0000","0.0000","0.0000","5.0000","642.0094","1.50","Hurdle","Walsh, M P","Mullins, W P","7","4","6","2m ","5yo+","19912","0","G3",
"2026-02-14","1.20.","Gowran Park","7th","Lisnagar Fortune (IRE)","51.6780","54.3580","48.1621","42.6699","0.0000","0.0000","0.0000","0.0000","0.0000","0.0000","295.3021","50.6810","0.0000","0.0000","0.0000","1.8180","544.6691","150.00","Hurdle","Harvey, A","McConnell, John C","7","7","8","2m ","5yo+","19912","0","G3",
"2026-02-14","1.25.","Lingfield","2nd","Al Azd (IRE)","59.5999","49.1848","35.3572","0.0000","0.0000","0.0000","0.0000","0.0000","0.0000","0.0000","336.3312","53.9000","0.0000","0.0000","0.0000","0.0000","534.3731","0.30","Maiden","Mitchell, Jack","Varian, Roger","5","2","3","1m2f ","3yo","6480","3",,
"2026-02-14","1.25.","Lingfield","3rd","Kindly Queen (IRE)","52.7743","34.4392","0.0000","0.0000","0.0000","0.0000","0.0000","0.0000","0.0000","0.0000","348.8537","69.9400","0.0000","0.0000","0.0000","0.5000","506.5072","18.00","Maiden","Crouch, Hector","Beckett, R M","5","3","3","1m2f ","3yo","6480","3",,
"2026-02-14","1.25.","Lingfield","4th","Dors Dazzler","46.2352","43.8599","0.0000","0.0000","0.0000","0.0000","0.0000","0.0000","0.0000","0.0000","360.3806","47.0653","0.0000","0.0000","0.0000","0.5000","498.0411","150.00","Maiden","Egan, John","Ivory, D K","5","4","3","1m2f ","3yo","6480","3",,
"2026-02-14","1.25.","Lingfield","5th","Virtue Chastity","40.0772","47.0465","0.0000","0.0000","0.0000","0.0000","0.0000","0.0000","0.0000","0.0000","348.4946","56.9631","0.0000","0.0000","0.0000","0.2000","492.7813","66.00","Maiden","Hornby, Rob","Perrett, Mrs A J","5","5","3","1m2f ","3yo","6480","3",,
"2026-02-14","1.25.","Lingfield","1st","Into The Light","0.0000","0.0000","0.0000","0.0000","0.0000","0.0000","0.0000","0.0000","0.0000","0.0000","0.0000","0.0000","0.0000","0.0000","0.0000","0.6000","0.6000","2.75","Maiden","Planas, Connor","Appleby, Charlie","5","1","3","1m2f ","3yo","6480","3",,
"2026-02-14","1.28.","Haydock","1st","The Bluesman (FR)","84.5098","86.8040","0.0000","0.0000","0.0000","0.0000","0.0000","0.0000","0.0000","0.0000","685.2552","74.5855","0.0000","0.0000","0.0000","6.1000","937.2545","1.75","Handicap Chase","Bowen, Sean P","Murphy, Olly","11","1","7","2m4f ","5yo+","9770","3",,
"2026-02-14","1.28.","Haydock","F","Throatlash (IRE)","92.9000","98.7060","84.8760","45.2785","0.0000","0.0000","0.0000","0.0000","0.0000","0.0000","482.6407","74.1432","0.0000","0.0000","0.0000","6.3000","884.8444","1.50","Handicap Chase","Hughes, Brian","McCain Jnr, D","11","0","7","2m4f ","5yo+","9770","3",,
"2026-02-14","1.28.","Haydock","PU","Nells Son","53.8656","68.3122","58.3320","59.7562","81.9000","82.8630","46.5636","77.1000","53.7438","56.5375","0.0000","82.2550","0.0000","0.0000","0.0000","2.9630","724.1919","18.00","Handicap Chase","McMenamin, Daniel","Richards, N G","11","0","11","2m4f ","5yo+","9770","3",,
"2026-02-14","1.28.","Haydock","8th","Gentleman Bill (IRE)","56.3600","77.7890","52.4813","64.9272","0.0000","0.0000","0.0000","0.0000","0.0000","0.0000","377.3363","72.5190","0.0000","0.0000","0.0000","4.2270","705.6399","18.00","Handicap Chase","Nichol, Craig","Greenall, O / Guerriero, J","11","8","8","2m4f ","5yo+","9770","3",,
"2026-02-14","1.28.","Haydock","5th","Cerendipity (IRE)","48.2512","61.1700","51.0299","73.1104","54.7555","59.9737","89.2960","44.5250","60.0538","58.6838","0.0000","71.1524","0.0000","0.0000","0.0000","3.3000","675.3016","7.50","Handicap Chase","Sheehan, Gavin","Smith, Mrs S J / Parkinson, J","11","5","9","2m4f ","5yo+","9770","3",,
"2026-02-14","1.28.","Haydock","PU","Twoshotsoftequila (IRE)","75.6750","68.8500","47.4419","59.7612","64.6075","66.7375","35.0000","42.7502","68.4750","56.4137","0.0000","63.6750","0.0000","0.0000","0.0000","2.8180","652.2051","25.00","Handicap Chase","Moscrop, Nathan","Menzies, Rebecca","11","0","9","2m4f ","5yo+","9770","3",,
"2026-02-14","1.28.","Haydock","3rd","Bythesametoken (IRE)","100.2740","54.1795","46.0125","49.1345","49.2999","44.2150","50.1170","60.7050","60.6000","52.1245","0.0000","64.5020","0.0000","0.0000","0.0000","2.1320","633.2959","40.00","Handicap Chase","Meyler, D","OSullivan, Ross","11","3","12","2m4f ","5yo+","9770","3",,
"2026-02-14","1.28.","Haydock","4th","Taras Halls (IRE)","50.3000","76.7347","48.1400","88.7160","34.0500","33.4295","64.8000","47.8364","48.5280","0.0000","54.7261","75.5419","0.0000","0.0000","0.0000","3.0290","625.8316","18.00","Handicap Chase","Bewley, Callum","Smith, Mrs S J / Parkinson, J","11","4","8","2m4f ","5yo+","9770","3",,
"2026-02-14","1.28.","Haydock","7th","Harsh","51.5500","60.3996","51.8856","64.9460","54.3705","35.6026","73.5583","45.4651","0.0000","0.0000","109.4444","70.3480","0.0000","0.0000","0.0000","1.9410","619.5112","40.00","Handicap Chase","Bowen, James C","Bowen, Mickey","11","7","6","2m4f ","5yo+","9770","3",,
"2026-02-14","1.28.","Haydock","6th","Anyharminasking (IRE)","50.6401","47.3350","58.9064","0.0000","0.0000","0.0000","0.0000","0.0000","0.0000","0.0000","366.0568","77.8010","0.0000","0.0000","0.0000","2.6040","603.3433","14.00","Handicap Chase","ONeill, Jonjo (Jr)","ONeill, Jonjo and AJ","11","6","9","2m4f ","5yo+","9770","3",,
"2026-02-14","1.28.","Haydock","2nd","Western Zephyr (IRE)","49.6860","51.2302","41.2304","76.9035","77.7000","36.0625","35.8838","36.0630","38.7171","57.8858","0.0000","64.6880","0.0000","0.0000","0.0000","3.3320","569.3822","33.00","Handicap Chase","Fenelon, S","Bowen, Mickey","11","2","9","2m4f ","5yo+","9770","3",,
"2026-02-14","1.35.","Wincanton","2nd","Rubaud (FR)","86.0413","125.1677","117.4694","98.8268","94.0748","74.3312","47.2337","48.5806","71.0602","99.4950","0.0000","94.8543","0.0000","0.0000","0.0000","4.7830","961.9180","3.00","Hurdle","Twiston-Davies, Sam","Nicholls, P F","4","2","8","1m7.5f ","4yo+","41608","1","G2",
"2026-02-14","1.35.","Wincanton","1st","Alexei (GER)","102.9877","121.3680","107.2680","84.4132","48.9567","54.2355","67.5675","66.8220","0.0000","0.0000","163.4046","86.9947","0.0000","0.0000","0.0000","5.2000","909.2178","0.50","Hurdle","Powell, Brendan","Tizzard, Joe","4","1","6","1m7.5f ","4yo+","41608","1","G2",
"2026-02-14","1.35.","Wincanton","3rd","Secret Squirrel","56.2550","82.8000","54.2500","66.9930","69.0425","69.2010","58.8346","50.6439","59.1030","0.0000","63.0137","78.3600","0.0000","0.0000","0.0000","4.7670","713.2637","6.00","Hurdle","OBrien, P V","Morrison, H","4","3","7","1m7.5f ","4yo+","41608","1","G2",
"2026-02-14","1.35.","Wincanton","4th","Intellotto (IRE)","59.2614","50.4555","68.8297","63.0619","62.5185","0.0000","0.0000","0.0000","0.0000","0.0000","304.1271","44.6124","0.0000","0.0000","0.0000","3.1000","655.9665","50.00","Hurdle","David, Robbie","Hitchins, Daisy","4","4","6","1m7.5f ","4yo+","41608","1","G2",
"2026-02-14","1.50.","Ascot","1st","The Jukebox Kid (IRE)","102.3000","65.1608","99.1800","0.0000","0.0000","0.0000","0.0000","0.0000","0.0000","0.0000","622.1619","75.7571","0.0000","0.0000","0.0000","6.0000","970.5598","0.44","Novices Chase","Jones, Ben R","Pauling, Ben","3","1","7","3m ","5yo+","42712","1","G2",
"2026-02-14","1.50.","Ascot","2nd","Western Knight (IRE)","105.5340","99.6395","48.6913","0.0000","0.0000","0.0000","0.0000","0.0000","0.0000","0.0000","592.3513","78.9645","0.0000","0.0000","0.0000","4.0000","929.1806","4.50","Novices Chase","Cobden, Harry","Tizzard, Joe","3","2","7","3m ","5yo+","42712","1","G2",
"2026-02-14","1.50.","Ascot","3rd","Crest Of Fortune","67.1495","71.7892","94.8304","0.0000","0.0000","0.0000","0.0000","0.0000","0.0000","0.0000","545.4612","86.0439","0.0000","0.0000","0.0000","2.7270","868.0011","4.50","Novices Chase","Dingle, Rex","Honeyball, A J","3","3","6","3m ","5yo+","42712","1","G2",
"2026-02-14","1.55.","Gowran Park","5th","Walks The Talk (IRE)","74.9765","83.0821","86.3822","74.2814","0.0000","0.0000","0.0000","0.0000","0.0000","0.0000","478.0834","85.3292","0.0000","0.0000","0.0000","3.2570","885.3919","5.50","Novices Hurdle","Harvey, A","McConnell, John C","5","5","7","2m7f ","5yo+","18584","0","G3",
"2026-02-14","1.55.","Gowran Park","3rd","Timesareachanging (IRE)","79.9830","0.0000","0.0000","0.0000","0.0000","0.0000","0.0000","0.0000","0.0000","0.0000","719.8470","57.7600","0.0000","0.0000","0.0000","5.0000","862.5900","5.00","Novices Hurdle","Donovan, Philip","Slattery, Andrew","5","3","7","2m7f ","5yo+","18584","0","G3",
"2026-02-14","1.55.","Gowran Park","4th","Bally Free (IRE)","80.1385","67.1691","0.0000","0.0000","0.0000","0.0000","0.0000","0.0000","0.0000","0.0000","589.2304","65.6231","0.0000","0.0000","0.0000","5.0000","807.1611","0.83","Novices Hurdle","Kennedy, J W","Elliott, Gordon","5","4","6","2m7f ","5yo+","18584","0","G3",
"2026-02-14","1.55.","Gowran Park","1st","Lord Rouge (FR)","67.6191","66.9438","0.0000","0.0000","0.0000","0.0000","0.0000","0.0000","0.0000","0.0000","538.2514","0.0000","0.0000","0.0000","0.0000","5.0000","677.8143","4.50","Novices Hurdle","Gilligan, D J","Elliott, Gordon","5","1","5","2m7f ","5yo+","18584","0","G3",
"2026-02-14","1.55.","Gowran Park","2nd","Changeyourstars (IRE)","81.1342","57.3681","43.1630","0.0000","0.0000","0.0000","0.0000","0.0000","0.0000","0.0000","423.8857","62.9200","0.0000","0.0000","0.0000","3.2000","671.6710","10.00","Novices Hurdle","Enright, P T","King, James Kieran","5","2","6","2m7f ","5yo+","18584","0","G3",
"2026-02-14","2.00.","Lingfield","5th","Beaumadier (IRE)","53.2750","60.0400","36.6264","58.8266","42.4577","52.4276","56.8713","60.9960","47.9944","45.5880","0.0000","70.0504","0.0000","0.0000","0.0000","0.9890","586.1424","6.50","Handicap","Whiteley, C J","Loughnane, Daniel Mark","9","5","6","5f ","4yo+","4329","5",,
"2026-02-14","2.00.","Lingfield","1st","Thecoffeepoddotco","61.7530","65.1000","49.2790","71.0000","59.4523","56.4930","49.3780","38.6027","28.9355","37.7868","0.0000","67.6430","0.0000","0.0000","0.0000","0.4670","585.8904","2.50","Handicap","Leavy, Joe","Hannon (Jnr), Richard","9","1","4","5f ","4yo+","4329","5",,
"2026-02-14","2.00.","Lingfield","2nd","Cayman Tai (IRE)","43.9592","42.5556","54.6067","52.9091","42.6288","44.9063","39.4189","64.8434","53.6051","47.6649","0.0000","71.2957","0.0000","0.0000","0.0000","0.2880","558.6818","4.00","Handicap","Levey, S M","Hannon (Jnr), Richard","9","2","4","5f ","4yo+","4329","5",,
"2026-02-14","2.00.","Lingfield","3rd","Mc Loven","36.5516","55.7834","34.5591","55.3520","64.9112","43.2149","56.9095","48.4712","40.2163","40.5864","0.0000","79.6513","0.0000","0.0000","0.0000","1.2110","557.4179","3.00","Handicap","Bradley, Paddy","Dow, S","9","3","5","5f ","4yo+","4329","5",,
"2026-02-14","2.00.","Lingfield","6th","Micks Spirit","48.4250","75.8000","47.0511","32.4103","35.0816","59.9062","61.3460","29.6455","29.6009","35.7549","0.0000","72.6935","0.0000","0.0000","0.0000","2.0870","529.8019","12.00","Handicap","Keenan, Darragh","Allen, C N","9","6","8","5f ","4yo+","4329","5",,
"2026-02-14","2.00.","Lingfield","6th","Distant Rumble","40.0722","43.5282","46.7674","38.2194","45.2344","44.3871","62.5426","71.1120","33.6005","35.6103","0.0000","64.7505","0.0000","0.0000","0.0000","1.6500","527.4746","8.00","Handicap","Fallon, Cieren","Teal, R A","9","6","4","5f ","4yo+","4329","5",,
"2026-02-14","2.00.","Lingfield","4th","Sandscreendeliverd","36.1063","72.6440","53.3334","35.1186","33.9654","58.8926","40.5625","25.9543","38.5074","41.6702","0.0000","51.1865","0.0000","0.0000","0.0000","0.4000","488.3411","25.00","Handicap","Queally, T P","Crate, Peter","9","4","4","5f ","4yo+","4329","5",,
"2026-02-14","2.00.","Lingfield","8th","Honour Your Dreams (FR)","46.9762","33.0432","37.1879","34.3290","33.6234","35.8319","44.2177","36.3004","78.1260","36.2418","0.0000","62.8670","0.0000","0.0000","0.0000","2.4000","481.1445","16.00","Handicap","Fox, Kieren","Attwater, M J","9","8","6","5f ","4yo+","4329","5",,
"2026-02-14","2.00.","Lingfield","9th","Manhattan Chute (IRE)","37.3472","64.5000","36.0187","35.1060","33.6547","38.0876","37.9510","44.9409","46.7874","45.9019","0.0000","55.2530","0.0000","0.0000","0.0000","1.9250","477.4734","66.00","Handicap","Mangan, Gina","Best, Jim/Suzi","9","9","4","5f ","4yo+","4329","5",,
"2026-02-14","2.05.","Haydock","4th","Beauport (IRE)","67.4774","89.5597","86.4792","80.1268","82.5000","85.2900","66.3375","69.4075","99.0750","55.2428","0.0000","90.3030","0.0000","0.0000","0.0000","2.7080","874.5069","6.00","Hurdle","McCain-Mitchell, Toby","Twiston-Davies, N A","5","4","10","3m.5f ","5yo+","34170","1","G2",
"2026-02-14","2.05.","Haydock","3rd","Lavida Adiva (IRE)","79.4110","120.7899","68.7072","69.4720","87.3862","110.4641","60.4098","69.6657","66.0750","44.2136","0.0000","83.0275","0.0000","0.0000","0.0000","3.0530","862.6750","14.00","Hurdle","Hughes, Brian","Jefferson, Ruth","5","3","7","3m.5f ","5yo+","34170","1","G2",
"2026-02-14","2.05.","Haydock","2nd","Henri The Second (FR)","123.1000","86.5997","63.6148","77.0250","78.9750","50.1345","52.9125","60.4958","69.8840","100.1632","0.0000","80.9806","0.0000","0.0000","0.0000","3.1250","847.0101","5.00","Hurdle","Gingell, Frederick","Nicholls, P F","5","2","9","3m.5f ","5yo+","34170","1","G2",
"2026-02-14","2.05.","Haydock","UR","French Ship","77.6692","110.4360","101.7720","60.1524","67.7902","49.7703","59.1000","59.5833","0.0000","0.0000","146.5684","97.5000","0.0000","0.0000","0.0000","4.9450","835.2869","2.50","Hurdle","Williams, Lorcan","Hobbs, P J / White, J","5","0","6","3m.5f ","5yo+","34170","1","G2",
"2026-02-14","2.05.","Haydock","1st","Ludor (FR)","93.4900","90.2856","103.7160","66.8704","67.1962","59.4275","50.1678","59.8535","0.0000","0.0000","147.7518","83.9900","0.0000","0.0000","0.0000","2.9000","825.6489","1.38","Hurdle","Sheehan, Gavin","Symonds, Tom","5","1","6","3m.5f ","5yo+","34170","1","G2",
"2026-02-14","2.11.","Wincanton","2nd","Marhaba Prince","59.0027","0.0000","0.0000","0.0000","0.0000","0.0000","0.0000","0.0000","0.0000","0.0000","531.0240","62.3733","0.0000","0.0000","0.0000","2.5000","654.9000","0.91","Maiden Hurdle","Twiston-Davies, Sam","Honeyball, A J","10","2","5","1m7.5f ","4yo+","5281","4",,
"2026-02-14","2.11.","Wincanton","3rd","The Egyptian Ginge (IRE)","46.7732","61.5191","52.1173","0.0000","0.0000","0.0000","0.0000","0.0000","0.0000","0.0000","374.2890","60.0413","0.0000","0.0000","0.0000","0.0000","594.7399","3.33","Maiden Hurdle","Neild, Jamie","Twiston-Davies, N A","10","3","5","1m7.5f ","4yo+","5281","4",,
"2026-02-14","2.11.","Wincanton","1st","Caballero Cliff","45.1818","55.1491","0.0000","0.0000","0.0000","0.0000","0.0000","0.0000","0.0000","0.0000","401.3235","65.1705","0.0000","0.0000","0.0000","0.0000","566.8249","3.00","Maiden Hurdle","Dunne, R T","Stephens, Robert","10","1","5","1m7.5f ","4yo+","5281","4",,
"2026-02-14","2.11.","Wincanton","5th","King Sacre (FR)","43.6036","50.5862","0.0000","0.0000","0.0000","0.0000","0.0000","0.0000","0.0000","0.0000","376.7592","65.9754","0.0000","0.0000","0.0000","0.0000","536.9243","50.00","Maiden Hurdle","Best, J A","Hawke, N J","10","5","6","1m7.5f ","4yo+","5281","4",,
"2026-02-14","2.11.","Wincanton","10th","Richforadaay","48.2925","43.0765","0.0000","0.0000","0.0000","0.0000","0.0000","0.0000","0.0000","0.0000","365.4760","50.6652","0.0000","0.0000","0.0000","0.0000","507.5103","125.00","Maiden Hurdle","Carver, Bryan","Chanin, I","10","10","6","1m7.5f ","4yo+","5281","4",,
"2026-02-14","2.11.","Wincanton","7th","Gilded Glance","42.7890","0.0000","0.0000","0.0000","0.0000","0.0000","0.0000","0.0000","0.0000","0.0000","385.1009","56.4200","0.0000","0.0000","0.0000","0.7000","485.0099","80.00","Maiden Hurdle","Gethings, Ciaran","Williams, Mrs Jane","10","7","6","1m7.5f ","4yo+","5281","4",,
"2026-02-14","2.11.","Wincanton","9th","Cue Jump","43.0286","0.0000","0.0000","0.0000","0.0000","0.0000","0.0000","0.0000","0.0000","0.0000","387.2571","49.3600","0.0000","0.0000","0.0000","0.7000","480.3457","80.00","Maiden Hurdle","Kimber, Harry","Woollacott, Mrs Kayley","10","9","6","1m7.5f ","4yo+","5281","4",,
"2026-02-14","2.11.","Wincanton","8th","Mistress Fox","41.8005","35.9828","41.4896","0.0000","0.0000","0.0000","0.0000","0.0000","0.0000","0.0000","278.3035","31.8567","0.0000","0.0000","0.0000","0.7000","430.1332","125.00","Maiden Hurdle","Harris, Bradley","Mulholland, N P","10","8","6","1m7.5f ","4yo+","5281","4",,
"2026-02-14","2.11.","Wincanton","6th","Full Force Gale (IRE)","0.0000","0.0000","0.0000","0.0000","0.0000","0.0000","0.0000","0.0000","0.0000","0.0000","0.0000","60.0123","0.0000","0.0000","0.0000","5.0000","65.0123","6.00","Maiden Hurdle","Deutsch, Charlie","George, T R","10","6","6","1m7.5f ","4yo+","5281","4",,
"2026-02-14","2.11.","Wincanton","4th","Dunaden Island","0.0000","0.0000","0.0000","0.0000","0.0000","0.0000","0.0000","0.0000","0.0000","0.0000","0.0000","0.0000","0.0000","0.0000","0.0000","0.7000","0.7000","125.00","Maiden Hurdle","Corcoran, Rian","Chanin, I","10","4","8","1m7.5f ","4yo+","5281","4",,
"2026-02-14","2.25.","Ascot","6th","Captain Teague (IRE)","57.1000","58.6492","104.6925","85.0818","100.5345","0.0000","0.0000","0.0000","0.0000","0.0000","406.0580","80.8435","0.0000","0.0000","0.0000","4.9440","897.9034","8.50","Handicap Hurdle","Cobden, Harry","Nicholls, P F","15","6","8","2m3.5f ","4yo+","26015","2",,
"2026-02-14","2.25.","Ascot","9th","Kateira","56.6628","71.6534","78.0602","116.9645","82.1198","69.3006","91.4760","53.9098","97.2750","67.1490","0.0000","89.4261","0.0000","0.0000","0.0000","3.8890","877.8861","16.00","Handicap Hurdle","Boinville, Nico","Skelton, Daniel","15","9","9","2m3.5f ","4yo+","26015","2",,
"2026-02-14","2.25.","Ascot","7th","Listentoyourheart (IRE)","104.4700","78.3064","66.1607","54.3287","85.0446","63.8496","95.7765","81.3038","64.7460","0.0000","77.1096","91.1247","0.0000","0.0000","0.0000","5.3460","867.5665","6.50","Handicap Hurdle","Durrell, Tristan","Skelton, Daniel","15","7","7","2m3.5f ","4yo+","26015","2",,
"2026-02-14","2.25.","Ascot","8th","Act Of Authority (FR)","83.1094","78.5010","77.2480","79.7800","96.7078","54.8500","59.8088","76.2000","74.0250","51.7844","0.0000","86.9315","0.0000","0.0000","0.0000","3.3780","822.3239","9.00","Handicap Hurdle","Saunders, Lewis","Murphy, Olly","15","8","8","2m3.5f ","4yo+","26015","2",,
"2026-02-14","2.25.","Ascot","10th","Rambo T (IRE)","63.7024","54.6392","106.6540","63.7968","96.2960","78.4500","65.9631","51.2078","78.4500","48.5066","0.0000","82.5774","0.0000","0.0000","0.0000","3.4330","793.6764","80.00","Handicap Hurdle","Brogan, Kevin","Murphy, Olly","15","10","9","2m3.5f ","4yo+","26015","2",,
"2026-02-14","2.25.","Ascot","2nd","John Barbour","97.4920","73.8080","89.9280","62.1814","47.1649","58.9414","81.0612","64.6620","0.0000","0.0000","143.8097","67.7153","0.0000","0.0000","0.0000","5.4360","792.1999","7.50","Handicap Hurdle","Burke, Jonathan","OBrien, Fergal","15","2","7","2m3.5f ","4yo+","26015","2",,
"2026-02-14","2.25.","Ascot","3rd","De Temps En Temps (IRE)","59.2932","53.6500","105.3547","86.4001","61.5003","58.3322","71.4503","67.3950","57.1964","0.0000","68.9525","74.5340","0.0000","0.0000","0.0000","4.9000","768.9587","25.00","Handicap Hurdle","Keighley, Freddie","Keighley, M","15","3","7","2m3.5f ","4yo+","26015","2",,
"2026-02-14","2.25.","Ascot","1st","Fiercely Proud (IRE)","56.5912","91.1297","56.4840","48.9125","94.3500","59.8175","51.9150","66.9285","76.2759","64.1370","0.0000","87.4000","0.0000","0.0000","0.0000","4.1250","758.0662","8.00","Handicap Hurdle","Woods, K K","Pauling, Ben","15","1","7","2m3.5f ","4yo+","26015","2",,
"2026-02-14","2.25.","Ascot","11th","Jurancon (FR)","58.8543","54.2924","97.3360","74.1637","53.5066","58.4347","61.3217","0.0000","0.0000","0.0000","196.2469","68.1120","0.0000","0.0000","0.0000","6.2000","728.4684","10.00","Handicap Hurdle","Tudor, Jack","Pipe, D E","15","11","7","2m3.5f ","4yo+","26015","2",,
"2026-02-14","2.25.","Ascot","PU","Hurricane Bay","67.1284","57.2785","68.3843","81.0068","52.9745","58.2862","69.3182","0.0000","0.0000","0.0000","194.7329","71.8675","0.0000","0.0000","0.0000","3.6000","724.5773","80.00","Handicap Hurdle","Cannon, Tom J","Wadham, Mrs L","15","0","10","2m3.5f ","4yo+","26015","2",,
"2026-02-14","2.25.","Ascot","4th","Moveit Like Minnie (IRE)","74.7520","53.9225","53.1992","82.3288","72.8845","66.5339","57.3524","59.6825","57.2275","36.9750","0.0000","78.0014","0.0000","0.0000","0.0000","4.6590","697.5187","12.00","Handicap Hurdle","Bellamy, Tom","Twiston-Davies, N A","15","4","9","2m3.5f ","4yo+","26015","2",,
"2026-02-14","2.25.","Ascot","PU","Range (IRE)","99.1220","59.0240","58.0030","38.0542","62.8897","59.4742","52.7132","0.0000","0.0000","0.0000","183.9773","77.8356","0.0000","0.0000","0.0000","3.5650","694.6583","7.00","Handicap Hurdle","Jones, Ben R","Thomas, Sam","15","0","9","2m3.5f ","4yo+","26015","2",,
"2026-02-14","2.25.","Ascot","13th","Lightningupourdays","77.9558","53.2887","66.6750","46.5098","37.5960","0.0000","0.0000","0.0000","0.0000","0.0000","282.0255","74.7469","0.0000","0.0000","0.0000","3.6500","642.4478","4.00","Handicap Hurdle","Hogan, Jack","Ralph, Alastair","15","13","7","2m3.5f ","4yo+","26015","2",,
"2026-02-14","2.25.","Ascot","12th","Kamaxos (FR)","61.3460","85.8840","44.5680","50.4334","59.3620","43.9950","39.2417","63.3700","62.0002","67.4250","0.0000","60.2161","0.0000","0.0000","0.0000","4.1000","641.9415","22.00","Handicap Hurdle","Pinchin, Lilly","Longsdon, C E","15","12","9","2m3.5f ","4yo+","26015","2",,
"2026-02-14","2.25.","Ascot","5th","No Ordinary Joe (IRE)","49.6860","48.2190","49.2625","54.0680","59.0133","49.7134","65.4364","52.7500","43.9184","52.4680","0.0000","82.3650","0.0000","0.0000","0.0000","3.5670","610.4671","18.00","Handicap Hurdle","Macey, Benjamin","Bramley, Faye","15","5","10","2m3.5f ","4yo+","26015","2",,
"2026-02-14","2.30.","Gowran Park","1st","Grimaud (FR)","67.0000","78.5860","86.2695","96.7080","57.2571","69.6908","43.8507","55.7465","73.4069","75.1410","0.0000","73.7940","0.0000","0.0000","0.0000","1.0690","778.5195","4.00","Handicap Hurdle","Williamson, Josh","Elliott, Gordon","14","1","6","2m4f ","4yo+","7965","0",,
"2026-02-14","2.30.","Gowran Park","11th","Themanintheanorak (IRE)","77.4000","63.1472","73.6993","46.7772","48.9799","0.0000","0.0000","0.0000","0.0000","0.0000","310.0036","64.3890","0.0000","0.0000","0.0000","3.5570","687.9531","3.00","Handicap Hurdle","Kenneally, Michael","OSullivan, Eugene M","14","11","6","2m4f ","4yo+","7965","0",,
"2026-02-14","2.30.","Gowran Park","13th","Quest With Speed (IRE)","64.6140","95.0740","64.4261","41.0013","51.1216","31.8280","76.5538","49.4190","54.4875","37.6232","0.0000","61.2620","0.0000","0.0000","0.0000","2.0640","629.4745","11.00","Handicap Hurdle","Gainford, Jordan","Hanlon, John Joseph","14","13","9","2m4f ","4yo+","7965","0",,
"2026-02-14","2.30.","Gowran Park","12th","Teed Up (IRE)","64.5517","57.2032","92.8567","46.8512","67.5750","64.0500","69.1300","29.7016","31.7160","42.8630","0.0000","48.2615","0.0000","0.0000","0.0000","1.8420","616.6020","28.00","Handicap Hurdle","Doyle, R A","Mullins, Emmet","14","12","9","2m4f ","4yo+","7965","0",,
"2026-02-14","2.30.","Gowran Park","3rd","Grandero Bello (FR)","59.7471","55.3757","39.4178","62.5185","0.0000","0.0000","0.0000","0.0000","0.0000","0.0000","325.5886","56.2991","0.0000","0.0000","0.0000","1.9750","600.9219","9.00","Handicap Hurdle","Buckley, Kieran","Harty, Edward and Patrick","14","3","10","2m4f ","4yo+","7965","0",,
"2026-02-14","2.30.","Gowran Park","2nd","Krabat (IRE)","60.6491","53.6501","65.3140","65.6352","51.6194","56.4325","46.2100","46.1220","36.6311","43.4954","0.0000","63.7087","0.0000","0.0000","0.0000","2.0130","591.4805","5.50","Handicap Hurdle","Quirke, Cian","McDonagh, Michael J","14","2","11","2m4f ","4yo+","7965","0",,
"2026-02-14","2.30.","Gowran Park","10th","Jacovec Cavern","44.3330","45.4614","59.0145","73.4991","49.7318","63.9372","41.7220","46.5600","55.8125","39.5308","0.0000","61.3674","0.0000","0.0000","0.0000","2.2090","583.1787","6.50","Handicap Hurdle","Condon, R J","Hennessy, Paul","14","10","7","2m4f ","4yo+","7965","0",,
"2026-02-14","2.30.","Gowran Park","PU","Laxxio","50.8737","60.4264","48.3742","0.0000","0.0000","0.0000","0.0000","0.0000","0.0000","0.0000","372.5734","45.1800","0.0000","0.0000","0.0000","1.5000","578.9278","8.50","Handicap Hurdle","Mullins, D E","Mullins, Anthony","14","0","5","2m4f ","4yo+","7965","0",,
"2026-02-14","2.30.","Gowran Park","5th","Whatsavailable (IRE)","45.3694","42.8752","48.8751","58.3987","50.7848","66.3125","42.6190","61.5750","40.5760","35.4370","0.0000","72.6370","0.0000","0.0000","0.0000","2.0570","567.5168","33.00","Handicap Hurdle","Brouder, Gavin","Morris, M F","14","5","9","2m4f ","4yo+","7965","0",,
"2026-02-14","2.30.","Gowran Park","8th","Miss Corby (IRE)","63.6057","60.1720","56.6373","29.5445","0.0000","0.0000","0.0000","0.0000","0.0000","0.0000","314.9394","30.0000","0.0000","0.0000","0.0000","3.6670","558.5659","20.00","Handicap Hurdle","Swan, H C","Morris, M F","14","8","6","2m4f ","4yo+","7965","0",,
"2026-02-14","2.30.","Gowran Park","9th","Must Go Now (IRE)","46.0598","46.6820","84.1920","52.4501","56.7150","59.6250","32.5472","42.2505","34.0100","53.0012","0.0000","45.1833","0.0000","0.0000","0.0000","1.9690","554.6852","20.00","Handicap Hurdle","Walsh, E","Cawley, Edward","14","9","9","2m4f ","4yo+","7965","0",,
"2026-02-14","2.30.","Gowran Park","7th","The King Of Prs (IRE)","69.0000","53.9414","26.2157","40.4453","37.6250","61.2750","45.8255","24.6749","32.5112","38.1912","0.0000","76.5947","0.0000","0.0000","0.0000","2.7520","509.0519","8.50","Handicap Hurdle","Donoghue, K M","Cromwell, Gavin Patrick","14","7","8","2m4f ","4yo+","7965","0",,
"2026-02-14","2.30.","Gowran Park","6th","Ossifer Hops (IRE)","38.2168","44.7274","49.0560","29.3424","39.1251","35.8368","33.8500","51.1901","60.0600","58.3365","0.0000","37.6317","0.0000","0.0000","0.0000","3.0350","480.4078","125.00","Handicap Hurdle","OSullivan, Ethan","Crowley, Bernard Martin","14","6","8","2m4f ","4yo+","7965","0",,
"2026-02-14","2.30.","Gowran Park","4th","Brideswell Lad (IRE)","39.7820","30.6597","59.5500","41.0168","42.2532","39.9345","40.7329","31.4639","37.4975","32.3714","0.0000","70.5240","0.0000","0.0000","0.0000","4.1000","469.8859","50.00","Handicap Hurdle","Slevin, J J","Neville, Seamus","14","4","10","2m4f ","4yo+","7965","0",,
"2026-02-14","2.35.","Lingfield","3rd","Way To Dubai (IRE)","50.0200","66.9000","45.1328","62.8621","50.9336","55.8582","48.2842","50.7016","57.5736","46.7238","0.0000","64.0591","0.0000","0.0000","0.0000","0.5130","599.5621","2.00","Handicap","Davies, Harry","Appleby, M","8","3","7","1m ","4yo+","4397","5",,
"2026-02-14","2.35.","Lingfield","2nd","Gennadius","37.3616","50.1264","74.6460","44.5535","45.4435","42.5192","48.0088","52.2193","49.1685","57.1030","0.0000","60.5605","0.0000","0.0000","0.0000","1.2670","562.9773","3.50","Handicap","Levey, S M","Hannon (Jnr), Richard","8","2","4","1m ","4yo+","4397","5",,
"2026-02-14","2.35.","Lingfield","4th","Elouises Prince (IRE)","74.0000","33.0744","35.7888","38.3093","40.6923","44.4064","47.2475","46.2668","59.0228","56.7952","0.0000","62.4765","0.0000","0.0000","0.0000","3.3270","541.4072","3.00","Handicap","Fernandes, Jude","Dace, L A","8","4","4","1m ","4yo+","4397","5",,
"2026-02-14","2.35.","Lingfield","1st","Union Island (IRE)","47.2978","39.1702","38.7930","47.3125","36.8599","64.3080","60.5080","62.1920","42.3230","34.4007","0.0000","61.2035","0.0000","0.0000","0.0000","3.0430","537.4116","7.50","Handicap","Bowen, S D","Johnston, Charlie","8","1","5","1m ","4yo+","4397","5",,
"2026-02-14","2.35.","Lingfield","8th","Dalmally","36.3873","32.9238","61.6531","43.4276","49.7652","38.3778","50.3140","56.3558","47.9726","44.9693","0.0000","62.1480","0.0000","0.0000","0.0000","1.4090","525.7035","50.00","Handicap","Greatrex, Thomas","Pattinson, Mark","8","8","4","1m ","4yo+","4397","5",,
"2026-02-14","2.35.","Lingfield","5th","Pitney (IRE)","47.8750","40.7176","47.8142","58.1744","52.0708","42.1548","45.0025","36.1540","45.0666","39.6284","0.0000","60.2991","0.0000","0.0000","0.0000","1.8520","516.8095","5.00","Handicap","Carson, William","Attwater, M J","8","5","5","1m ","4yo+","4397","5",,
"2026-02-14","2.35.","Lingfield","7th","Dakota Power","37.3950","42.6756","47.7357","56.3005","32.9522","35.9549","28.8229","48.7000","41.4332","46.6100","0.0000","63.4755","0.0000","0.0000","0.0000","1.3340","483.3895","25.00","Handicap","Lewis, Owen","Teal, R A","8","7","7","1m ","4yo+","4397","5",,
"2026-02-14","2.35.","Lingfield","6th","Comedian Leader","31.5488","31.4744","36.2992","33.5972","36.2084","36.5009","34.3238","68.2560","59.7340","33.8417","0.0000","57.5287","0.0000","0.0000","0.0000","2.9330","462.2461","125.00","Handicap","Cox, William","Best, Jim/Suzi","8","6","6","1m ","4yo+","4397","5",,
"2026-02-14","2.40.","Haydock","5th","Whiskey Yankee","101.3580","0.0000","0.0000","0.0000","0.0000","0.0000","0.0000","0.0000","0.0000","0.0000","912.2220","0.0000","0.0000","0.0000","0.0000","5.0000","1018.5800","7.00","Novices Hurdle","Johnston, Dylan","Thomas, Sam","9","5","5","3m.5f ","5yo+","45560","1","G2",
"2026-02-14","2.40.","Haydock","4th","Legendary Luke (IRE)","90.8820","85.4410","0.0000","0.0000","0.0000","0.0000","0.0000","0.0000","0.0000","0.0000","705.2918","0.0000","0.0000","0.0000","0.0000","6.6670","888.2818","9.00","Novices Hurdle","Sheehan, Gavin","Snowden, Jamie","9","4","6","3m.5f ","5yo+","45560","1","G2",
"2026-02-14","2.40.","Haydock","8th","Kasino Des Mottes (FR)","80.9396","72.7309","84.7814","75.4879","0.0000","0.0000","0.0000","0.0000","0.0000","0.0000","470.9098","81.2947","0.0000","0.0000","0.0000","2.5000","868.6443","11.00","Novices Hurdle","Gingell, Frederick","Tizzard, Joe","9","8","6","3m.5f ","5yo+","45560","1","G2",
"2026-02-14","2.40.","Haydock","2nd","Ubatuba (IRE)","91.0650","74.4667","0.0000","0.0000","0.0000","0.0000","0.0000","0.0000","0.0000","0.0000","662.1266","0.0000","0.0000","0.0000","0.0000","10.0000","837.6583","5.00","Novices Hurdle","Sutton, Ben","Murphy, Olly","9","2","6","3m.5f ","5yo+","45560","1","G2",
"2026-02-14","2.40.","Haydock","1st","Dalston Lad (IRE)","103.1000","84.4763","55.8131","48.5273","0.0000","0.0000","0.0000","0.0000","0.0000","0.0000","437.8750","76.8215","0.0000","0.0000","0.0000","5.7140","812.3272","2.50","Novices Hurdle","Skelton, Harry","Skelton, Daniel","9","1","6","3m.5f ","5yo+","45560","1","G2",
"2026-02-14","2.40.","Haydock","7th","Reckless Spending (IRE)","91.6530","62.2111","54.5595","0.0000","0.0000","0.0000","0.0000","0.0000","0.0000","0.0000","486.3218","77.8700","0.0000","0.0000","0.0000","2.5000","775.1154","3.00","Novices Hurdle","Bowen, James C","Henderson, N J","9","7","6","3m.5f ","5yo+","45560","1","G2",
"2026-02-14","2.40.","Haydock","3rd","Tashkhan (IRE)","62.5033","53.4475","86.2508","0.0000","0.0000","0.0000","0.0000","0.0000","0.0000","0.0000","471.8036","74.1592","0.0000","0.0000","0.0000","1.5150","749.6794","20.00","Novices Hurdle","Hughes, Brian","Ellison, B","9","3","8","3m.5f ","5yo+","45560","1","G2",
"2026-02-14","2.40.","Haydock","9th","Lon Chaney (IRE)","87.5120","49.5014","57.5201","0.0000","0.0000","0.0000","0.0000","0.0000","0.0000","0.0000","453.9117","62.5200","0.0000","0.0000","0.0000","3.3330","714.2983","11.00","Novices Hurdle","Bowen, Sean P","Murphy, Olly","9","9","6","3m.5f ","5yo+","45560","1","G2",
"2026-02-14","2.40.","Haydock","6th","Caughtinyourtrance (IRE)","68.4435","83.4013","49.2815","61.1892","84.5915","84.2193","58.8688","41.3929","35.0876","0.0000","62.9417","71.9215","0.0000","0.0000","0.0000","1.8180","703.1570","50.00","Novices Hurdle","Moscrop, Nathan","Moffatt, James","9","6","7","3m.5f ","5yo+","45560","1","G2",
"2026-02-14","2.50.","Wincanton","4th","Saint Cyr De Pail (FR)","77.9100","62.6928","46.1408","0.0000","0.0000","0.0000","0.0000","0.0000","0.0000","0.0000","435.7351","54.5340","0.0000","0.0000","0.0000","2.8000","679.8127","3.00","Handicap Chase","Gethings, Ciaran","Williams, Mrs Jane","7","4","7","2m4.5f ","5yo+","5413","4",,
"2026-02-14","2.50.","Wincanton","F","Mutley Crew (FR)","83.1000","70.2894","75.6760","33.5738","40.8325","0.0000","0.0000","0.0000","0.0000","0.0000","303.4717","68.3652","0.0000","0.0000","0.0000","4.2270","679.5356","1.88","Handicap Chase","Kimber, Harry","Walford, Robert","7","0","10","2m4.5f ","5yo+","5413","4",,
"2026-02-14","2.50.","Wincanton","5th","Pilsdon Pen","48.5850","50.1068","91.4900","43.7613","36.5822","70.3500","46.9438","68.1000","50.7682","0.0000","56.2986","66.5646","0.0000","0.0000","0.0000","2.3080","631.8584","7.00","Handicap Chase","Carver, Bryan","Scott, J","7","5","9","2m4.5f ","5yo+","5413","4",,
"2026-02-14","2.50.","Wincanton","1st","Jeu Dopale (FR)","48.5200","65.1126","0.0000","0.0000","0.0000","0.0000","0.0000","0.0000","0.0000","0.0000","454.5302","48.2317","0.0000","0.0000","0.0000","1.0000","617.3945","10.00","Handicap Chase","Deutsch, Charlie","Williams, Miss Venetia","7","1","8","2m4.5f ","5yo+","5413","4",,
"2026-02-14","2.50.","Wincanton","2nd","Bonza Boy","86.7680","48.9347","54.7388","35.0625","35.9132","58.0088","67.9500","63.3750","52.4750","27.6780","0.0000","57.0081","0.0000","0.0000","0.0000","1.9000","589.8120","6.50","Handicap Chase","OBrien, P V","Scott, J","7","2","9","2m4.5f ","5yo+","5413","4",,
"2026-02-14","2.50.","Wincanton","3rd","Pedley Wood (IRE)","46.0640","57.7800","45.0878","40.2720","72.1500","67.1250","47.2280","41.4775","45.6115","50.3790","0.0000","69.9991","0.0000","0.0000","0.0000","2.5220","585.6960","7.00","Handicap Chase","Powell, Brendan","Tizzard, Joe","7","3","9","2m4.5f ","5yo+","5413","4",,
"2026-02-14","2.50.","Wincanton","PU","Valirann Gold (IRE)","37.9432","52.9635","40.1320","50.2742","43.8192","52.9558","58.3278","47.1367","36.2845","45.5350","0.0000","51.9235","0.0000","0.0000","0.0000","3.3260","520.6215","11.00","Handicap Chase","Godfrey, Ben","Brown, Miss Harriet","7","0","9","2m4.5f ","5yo+","5413","4",,
"2026-02-14","3.00.","Ascot","PU","Threeunderthrufive (IRE)","62.9870","76.3017","57.7660","58.6020","108.7264","71.9955","56.9993","95.2500","77.9650","81.8100","0.0000","86.5654","0.0000","0.0000","0.0000","4.2710","839.2393","12.00","Handicap Chase","Cobden, Harry","Nicholls, P F","11","0","11","3m ","5yo+","56950","1",,
"2026-02-14","3.00.","Ascot","10th","Sam Brown","64.6342","73.3135","104.3040","57.9742","68.3688","51.4464","64.5202","71.4580","87.0700","81.0000","0.0000","82.9574","0.0000","0.0000","0.0000","2.6470","809.6936","28.00","Handicap Chase","Bament, Chad","Honeyball, A J","11","10","14","3m ","5yo+","56950","1",,
"2026-02-14","3.00.","Ascot","7th","Nocte Volatus","109.0440","104.0160","58.1392","55.2395","64.4450","60.1688","78.2250","68.1750","40.3028","44.4015","0.0000","80.2948","0.0000","0.0000","0.0000","3.7590","766.2105","11.00","Handicap Chase","Sheppard, Stan","Lacey, T","11","7","11","3m ","5yo+","56950","1",,
"2026-02-14","3.00.","Ascot","5th","Hunter Legend (FR)","70.0141","73.4676","66.7980","58.3171","73.1952","85.0080","39.4625","74.1750","72.0750","54.2900","0.0000","78.1345","0.0000","0.0000","0.0000","4.7740","749.7109","12.00","Handicap Chase","Turner, Miss L M","Williams, Miss Venetia","11","5","9","3m ","5yo+","56950","1",,
"2026-02-14","3.00.","Ascot","2nd","Gericault Roque (FR)","51.4680","59.4960","49.5720","73.0738","90.6138","77.7300","69.0100","64.3900","61.4319","0.0000","66.3095","54.1325","0.0000","0.0000","0.0000","4.0290","721.2564","18.00","Handicap Chase","Tudor, Jack","Pipe, D E","11","2","10","3m ","5yo+","56950","1",,
"2026-02-14","3.00.","Ascot","3rd","Your Darling (IRE)","77.9535","53.8043","85.2750","45.4875","78.3750","51.4236","40.3500","59.9915","77.1750","57.3180","0.0000","80.8160","0.0000","0.0000","0.0000","4.6580","712.6274","7.50","Handicap Chase","Jones, Ben R","Pauling, Ben","11","3","11","3m ","5yo+","56950","1",,
"2026-02-14","3.00.","Ascot","8th","Credo (IRE)","55.2672","74.5473","73.9733","46.2378","95.8000","62.3728","75.0750","50.2875","46.6995","48.7470","0.0000","76.8161","0.0000","0.0000","0.0000","4.9000","710.7235","40.00","Handicap Chase","Dingle, Rex","Honeyball, A J","11","8","11","3m ","5yo+","56950","1",,
"2026-02-14","3.00.","Ascot","6th","Invincible Nao (FR)","75.8888","57.9675","97.1280","52.8120","76.2750","67.8750","58.5638","35.0623","41.9400","75.4638","0.0000","65.5347","0.0000","0.0000","0.0000","4.6000","709.1108","14.00","Handicap Chase","Quinn, Caoilin","Moore, Gary and Josh","11","6","8","3m ","5yo+","56950","1",,
"2026-02-14","3.00.","Ascot","4th","Jipcot (FR)","103.6000","76.7694","36.9825","40.5700","46.4100","0.0000","0.0000","0.0000","0.0000","0.0000","304.3319","76.5733","0.0000","0.0000","0.0000","3.9750","689.2121","2.75","Handicap Chase","Woods, K K","ONeill, Jonjo and AJ","11","4","7","3m ","5yo+","56950","1",,
"2026-02-14","3.00.","Ascot","1st","Montregard (FR)","86.4100","47.5380","88.9440","84.4320","39.2600","30.5500","39.5288","64.1250","36.5399","0.0000","57.4808","72.2876","0.0000","0.0000","0.0000","6.1710","653.2671","3.33","Handicap Chase","Burke, Jonathan","Lacey, T","11","1","7","3m ","5yo+","56950","1",,
"2026-02-14","3.00.","Ascot","9th","Joyeux Machin (FR)","75.6200","69.5248","46.2875","52.5766","36.9276","62.2299","71.1195","39.2857","27.7023","0.0000","53.4749","79.4750","0.0000","0.0000","0.0000","3.4790","617.7028","5.00","Handicap Chase","Durrell, Tristan","Skelton, Daniel","11","9","9","3m ","5yo+","56950","1",,
"2026-02-14","3.05.","Gowran Park","2nd","Luciole Des Bordes (FR)","58.9725","64.6990","0.0000","0.0000","0.0000","0.0000","0.0000","0.0000","0.0000","0.0000","494.6860","67.1631","0.0000","0.0000","0.0000","0.0000","685.5205","0.62","NH Flat","Mullins, Mr P W","Mullins, W P","7","2","5","2m1f ","4yo+","5842","0",,
"2026-02-14","3.05.","Gowran Park","3rd","Wicked Pleasure (IRE)","56.8898","0.0000","0.0000","0.0000","0.0000","0.0000","0.0000","0.0000","0.0000","0.0000","512.0081","52.7000","0.0000","0.0000","0.0000","0.0000","621.5978","6.00","NH Flat","Gleeson, Mr J L","Bromhead, Henry De","7","3","5","2m1f ","4yo+","5842","0",,
"2026-02-14","3.05.","Gowran Park","1st","Nans Choice (IRE)","54.4555","0.0000","0.0000","0.0000","0.0000","0.0000","0.0000","0.0000","0.0000","0.0000","490.0995","65.9000","0.0000","0.0000","0.0000","0.0000","610.4550","5.00","NH Flat","Stone, B T","Houlihan, Conor","7","1","5","2m1f ","4yo+","5842","0",,
"2026-02-14","3.05.","Gowran Park","4th","Courtmac Gesture (IRE)","56.5974","48.1554","43.0749","39.0620","0.0000","0.0000","0.0000","0.0000","0.0000","0.0000","280.3345","44.0424","0.0000","0.0000","0.0000","0.0000","511.2666","12.00","NH Flat","Hogan, C M","Motherway, C","7","4","5","2m1f ","4yo+","5842","0",,
"2026-02-14","3.05.","Gowran Park","6th","Claudel (FR)","41.7374","0.0000","0.0000","0.0000","0.0000","0.0000","0.0000","0.0000","0.0000","0.0000","375.6364","39.0300","0.0000","0.0000","0.0000","0.0000","456.4038","25.00","NH Flat","Hendrick, Mr J W","Nolan, Paul","7","6","5","2m1f ","4yo+","5842","0",,
"2026-02-14","3.05.","Gowran Park","7th","Red Acres Georgie (IRE)","38.9581","0.0000","0.0000","0.0000","0.0000","0.0000","0.0000","0.0000","0.0000","0.0000","350.6228","58.0500","0.0000","0.0000","0.0000","0.0000","447.6309","10.00","NH Flat","Swan, H C","Mullins, Anthony","7","7","6","2m1f ","4yo+","5842","0",,
"2026-02-14","3.05.","Gowran Park","5th","Natures Odyssey (IRE)","0.0000","0.0000","0.0000","0.0000","0.0000","0.0000","0.0000","0.0000","0.0000","0.0000","0.0000","0.0000","0.0000","0.0000","0.0000","0.0000","0.0000","33.00","NH Flat","Ryan, Mr A P","McEnery, P F","7","5","5","2m1f ","4yo+","5842","0",,
"2026-02-14","3.10.","Lingfield","4th","Legal Reform (IRE)","82.9150","96.4080","77.7096","64.6160","58.0674","90.2800","53.0617","45.1046","49.3050","79.7064","0.0000","90.6196","0.0000","0.0000","0.0000","2.7570","790.5503","6.00","Handicap","Greatrex, Edward","Herrington,M ","7","4","9","7f ","4yo+","15702","2",,
"2026-02-14","3.10.","Lingfield","7th","Benevento (IRE)","69.7036","57.3372","62.0244","82.2153","63.2906","92.1442","76.2209","51.5295","0.0000","0.0000","138.6164","88.9178","0.0000","0.0000","0.0000","3.1000","785.1000","1.88","Handicap","Egan, David","Foy, Kevin","7","7","4","7f ","4yo+","15702","2",,
"2026-02-14","3.10.","Lingfield","1st","Heathcliff","73.0445","77.2366","80.9261","44.8978","55.5058","52.7096","62.0262","64.1013","72.9750","67.5075","0.0000","87.3955","0.0000","0.0000","0.0000","3.4530","741.7789","5.00","Handicap","Muscutt, D","Fanshawe, J R","7","1","5","7f ","4yo+","15702","2",,
"2026-02-14","3.10.","Lingfield","5th","Wiltshire","75.1500","53.2392","56.8654","68.8397","44.5978","68.1225","78.0000","38.7820","77.7750","72.8250","0.0000","87.0230","0.0000","0.0000","0.0000","2.1670","723.3866","6.50","Handicap","Fallon, Cieren","Haggas, W J","7","5","6","7f ","4yo+","15702","2",,
"2026-02-14","3.10.","Lingfield","6th","Best Rate","63.7750","71.2144","67.0458","44.3900","66.2556","73.3436","58.4625","48.7029","49.4051","85.7442","0.0000","78.4722","0.0000","0.0000","0.0000","2.8670","709.6783","4.00","Handicap","Leavy, Joe","Hannon (Jnr), Richard","7","6","4","7f ","4yo+","15702","2",,
"2026-02-14","3.10.","Lingfield","3rd","Willem Twee","49.2356","56.8428","49.8618","77.6540","65.0776","66.1388","53.3401","48.1425","39.2760","80.4750","0.0000","85.6450","0.0000","0.0000","0.0000","3.9090","675.5982","16.00","Handicap","Crouch, Hector","Fanshawe, J R","7","3","7","7f ","4yo+","15702","2",,
"2026-02-14","3.10.","Lingfield","2nd","Tiger Crusade (FR)","47.0720","87.3000","51.2522","57.0220","72.6800","46.6932","47.2160","43.8397","40.8770","69.4116","0.0000","84.5965","0.0000","0.0000","0.0000","3.6230","651.5833","8.00","Handicap","Dace, Jack","Simcock, D M","7","2","9","7f ","4yo+","15702","2",,
"2026-02-14","3.15.","Haydock","1st","Grand Geste (IRE)","61.1500","101.0840","74.3280","80.4120","0.0000","0.0000","0.0000","0.0000","0.0000","0.0000","475.4610","82.3500","0.0000","0.0000","0.0000","2.3690","877.1540","6.50","Handicap Chase","McMenamin, Daniel","Smith, Mrs S J / Parkinson, J","11","1","7","3m4.5f ","5yo+","56950","1",,
"2026-02-14","3.15.","Haydock","PU","Holokea (IRE)","96.6200","83.4514","75.8128","83.7960","68.9622","0.0000","0.0000","0.0000","0.0000","0.0000","408.6424","38.0908","0.0000","0.0000","0.0000","4.4080","859.7836","6.00","Handicap Chase","Bowen, James C","Bowen, Mickey","11","0","7","3m4.5f ","5yo+","56950","1",,
"2026-02-14","3.15.","Haydock","PU","Myretown (IRE)","73.6700","75.2184","115.7800","74.6250","44.3000","76.8000","48.0662","0.0000","0.0000","0.0000","217.9113","87.0900","0.0000","0.0000","0.0000","3.9360","817.3969","3.00","Handicap Chase","Fox, Derek R","Russell, Lucinda / Scudamore, M","11","0","9","3m4.5f ","5yo+","56950","1",,
"2026-02-14","3.15.","Haydock","PU","Rivers Corner","99.1000","63.4048","60.4573","75.1832","68.8910","90.9040","50.0470","0.0000","0.0000","0.0000","217.7088","75.0600","0.0000","0.0000","0.0000","3.6180","804.3741","9.00","Handicap Chase","Gingell, Frederick","Tizzard, Joe","11","0","8","3m4.5f ","5yo+","56950","1",,
"2026-02-14","3.15.","Haydock","4th","Deafening Silence (IRE)","105.0994","87.9424","62.3176","90.2551","63.3525","37.7057","46.7607","0.0000","0.0000","0.0000","211.4715","82.5700","0.0000","0.0000","0.0000","4.2000","791.6749","7.00","Handicap Chase","Skelton, Harry","Skelton, Daniel","11","4","9","3m4.5f ","5yo+","56950","1",,
"2026-02-14","3.15.","Haydock","8th","Richmond Lake (IRE)","95.1060","77.4574","69.8533","64.5482","60.1400","67.9688","69.8495","56.6562","67.6095","64.1715","0.0000","88.1100","0.0000","0.0000","0.0000","3.4930","784.9634","12.00","Handicap Chase","Hughes, Brian","McCain Jnr, D","11","8","10","3m4.5f ","5yo+","56950","1",,
"2026-02-14","3.15.","Haydock","7th","Monbeg Genius (IRE)","96.4636","60.4300","82.3382","56.2020","84.3750","74.0512","62.4466","48.4750","47.1698","73.7675","0.0000","84.1417","0.0000","0.0000","0.0000","3.3000","773.1606","8.00","Handicap Chase","ONeill, Jonjo (Jr)","ONeill, Jonjo and AJ","11","7","10","3m4.5f ","5yo+","56950","1",,
"2026-02-14","3.15.","Haydock","2nd","Top Of The Bill (IRE)","59.0324","111.9720","94.3000","40.0875","42.9416","77.9250","42.8028","76.9500","75.0000","54.9220","0.0000","92.5600","0.0000","0.0000","0.0000","2.9170","771.4102","22.00","Handicap Chase","McCain-Mitchell, Toby","Twiston-Davies, N A","11","2","10","3m4.5f ","5yo+","56950","1",,
"2026-02-14","3.15.","Haydock","5th","Git Maker (FR)","57.0580","67.4673","76.1134","81.2450","71.3075","53.1996","76.2750","76.9500","72.9000","53.7375","0.0000","76.9287","0.0000","0.0000","0.0000","5.1290","768.3110","12.00","Handicap Chase","Sheehan, Gavin","Snowden, Jamie","11","5","10","3m4.5f ","5yo+","56950","1",,
"2026-02-14","3.15.","Haydock","3rd","Neo King (FR)","104.5000","55.8785","83.5448","49.7404","72.9636","50.2910","38.6649","0.0000","0.0000","0.0000","195.2500","54.8100","0.0000","0.0000","0.0000","3.6000","709.2433","16.00","Handicap Chase","Turner, James","Williams, Evan","11","3","8","3m4.5f ","5yo+","56950","1",,
"2026-02-14","3.15.","Haydock","6th","Grand Albert (IRE)","66.5654","60.9274","40.7860","71.8500","52.7094","0.0000","0.0000","0.0000","0.0000","0.0000","292.8382","71.1200","0.0000","0.0000","0.0000","4.3000","661.0965","8.50","Handicap Chase","Bowen, Sean P","McCain Jnr, D","11","6","8","3m4.5f ","5yo+","56950","1",,
"2026-02-14","3.23.","Wincanton","PU","Joe Cotton (IRE)","49.5560","78.1879","63.6755","48.1872","74.5808","67.5738","97.8240","51.7736","56.3100","36.1010","0.0000","68.6800","0.0000","0.0000","0.0000","1.1000","693.5498","3.00","Handicap Chase","Carver, Bryan","Scott, J","7","0","8","2m ","5yo+","5413","4",,
"2026-02-14","3.23.","Wincanton","PU","Jack Black (FR)","71.6400","50.6589","0.0000","0.0000","0.0000","0.0000","0.0000","0.0000","0.0000","0.0000","489.1958","71.3770","0.0000","0.0000","0.0000","0.5000","683.3717","3.33","Handicap Chase","Todd, C J","Skelton, Daniel","7","0","7","2m ","5yo+","5413","4",,
"2026-02-14","3.23.","Wincanton","1st","Royal Mer (FR)","48.5080","80.2562","67.5735","64.5860","68.4220","46.8822","51.7022","41.9293","39.9168","40.0125","0.0000","63.4150","0.0000","0.0000","0.0000","2.0830","615.2866","3.00","Handicap Chase","Corcoran, Rian","Pipe, D E","7","1","8","2m ","5yo+","5413","4",,
"2026-02-14","3.23.","Wincanton","5th","Begin The Luck (IRE)","54.3734","57.7116","86.5180","53.9111","58.8496","56.7512","38.6208","37.4156","58.9566","45.1866","0.0000","55.6770","0.0000","0.0000","0.0000","3.0790","607.0505","6.50","Handicap Chase","David, Robbie","Hitchins, Daisy","7","5","10","2m ","5yo+","5413","4",,
"2026-02-14","3.23.","Wincanton","3rd","Wewillgowithplanb (IRE)","41.4760","48.3975","42.3450","35.7000","67.1250","50.6935","42.9592","66.9000","0.0000","0.0000","98.8991","63.6440","0.0000","0.0000","0.0000","2.2790","560.4183","22.00","Handicap Chase","Ring, C V","Williams, Evan","7","3","9","2m ","5yo+","5413","4",,
"2026-02-14","3.23.","Wincanton","2nd","Raffles Hermes (FR)","55.0504","41.3726","0.0000","0.0000","0.0000","0.0000","0.0000","0.0000","0.0000","0.0000","385.6922","65.5100","0.0000","0.0000","0.0000","0.8000","548.4252","6.50","Handicap Chase","Kimber, Harry","Walford, Robert","7","2","6","2m ","5yo+","5413","4",,
"2026-02-14","3.23.","Wincanton","4th","Better Off Alone (IRE)","43.6065","38.9480","41.1920","0.0000","0.0000","0.0000","0.0000","0.0000","0.0000","0.0000","288.7417","63.2700","0.0000","0.0000","0.0000","0.7000","476.4582","8.00","Handicap Chase","Best, J A","Keighley, M","7","4","7","2m ","5yo+","5413","4",,
"2026-02-14","3.35.","Ascot","1st","Jonbon (FR)","138.2040","92.3542","91.1696","103.1638","124.4153","96.4009","103.5787","105.6578","99.7920","102.9847","0.0000","92.3293","0.0000","0.0000","0.0000","7.3080","1157.3584","0.44","Chase","Boinville, Nico","Henderson, N J","6","1","10","2m5f ","5yo+","99662","1","G1",
"2026-02-14","3.35.","Ascot","2nd","Pic DOrhy (FR)","72.0046","94.1988","63.0274","126.8744","97.7872","53.3115","102.3165","74.6668","100.8315","102.4650","0.0000","80.8819","0.0000","0.0000","0.0000","4.2860","972.6517","2.50","Chase","Cobden, Harry","Nicholls, P F","6","2","11","2m5f ","5yo+","99662","1","G1",
"2026-02-14","3.35.","Ascot","4th","Edwardstone","125.0051","91.3233","69.9308","78.6596","48.6353","54.6896","84.2900","63.3946","58.1877","74.0112","0.0000","93.9876","0.0000","0.0000","0.0000","2.8210","844.9359","11.00","Chase","Cannon, Tom J","King, A","6","4","12","2m5f ","5yo+","99662","1","G1",
"2026-02-14","3.35.","Ascot","3rd","Blow Your Wad (IRE)","76.4568","98.0912","78.7952","64.7926","49.9524","96.4417","53.5944","78.5250","49.4328","0.0000","71.7869","76.8480","0.0000","0.0000","0.0000","2.2220","796.9391","33.00","Chase","Mitchell, Freddie","Moore, Gary and Josh","6","3","8","2m5f ","5yo+","99662","1","G1",
"2026-02-14","3.35.","Ascot","5th","Heltenham (FR)","57.2000","62.0740","75.1749","63.0528","69.0326","51.3181","51.2580","95.2280","82.9736","55.9200","0.0000","75.5725","0.0000","0.0000","0.0000","2.4140","741.2185","50.00","Chase","Durrell, Tristan","Skelton, Daniel","6","5","9","2m5f ","5yo+","99662","1","G1",
"2026-02-14","3.35.","Ascot","PU","Classic Maestro (IRE)","86.8044","63.2760","64.4537","48.7106","75.9000","41.1358","58.5125","75.8092","50.4665","0.0000","62.7854","61.0224","0.0000","0.0000","0.0000","3.6840","692.5605","125.00","Chase","Scott, Luke","Candlish, Jennie","6","0","8","2m5f ","5yo+","99662","1","G1",
"2026-02-14","3.40.","Gowran Park","1st","Impaire Et Passe (FR)","75.9061","131.6106","65.0979","101.5740","52.7175","0.0000","0.0000","0.0000","0.0000","0.0000","426.9061","88.5940","0.0000","0.0000","0.0000","6.4290","948.8351","0.44","Chase","Townend, P","Mullins, W P","4","1","8","2m3.5f ","5yo+","23894","0","G2",
"2026-02-14","3.40.","Gowran Park","3rd","Classic Getaway (IRE)","58.6363","68.6818","72.1033","77.6884","118.1791","76.7405","59.5794","52.6875","38.7679","50.7500","0.0000","77.6588","0.0000","0.0000","0.0000","3.0320","754.5050","5.00","Chase","Mullins, D E","Mullins, W P","4","3","10","2m3.5f ","5yo+","23894","0","G2",
"2026-02-14","3.40.","Gowran Park","2nd","Sa Fureur (IRE)","95.0250","71.5938","57.7311","58.5090","43.5699","0.0000","0.0000","0.0000","0.0000","0.0000","326.4287","71.7788","0.0000","0.0000","0.0000","3.5320","728.1682","4.00","Chase","Kennedy, J W","Elliott, Gordon","4","2","9","2m3.5f ","5yo+","23894","0","G2",
"2026-02-14","3.40.","Gowran Park","4th","Buddy One (IRE)","58.9732","93.4415","48.9266","44.1634","40.6728","64.3418","0.0000","0.0000","0.0000","0.0000","233.6795","78.8347","0.0000","0.0000","0.0000","2.5130","665.5465","20.00","Chase","Gilligan, Jack G","Gilligan, Paul John","4","4","9","2m3.5f ","5yo+","23894","0","G2",
"2026-02-14","3.45.","Lingfield","2nd","Aneirins Sword (IRE)","48.7200","53.9650","65.1740","41.2971","39.3496","35.8795","0.0000","0.0000","0.0000","0.0000","189.5902","49.3890","0.0000","0.0000","0.0000","2.1670","525.5314","3.50","Handicap","Hornby, Rob","Osborne, J A","7","2","3","1m ","3yo","3768","6",,
"2026-02-14","3.45.","Lingfield","3rd","Corniche Girl (IRE)","56.6100","37.3409","48.5048","49.1664","41.4863","42.3730","60.8400","29.7544","47.4323","37.7576","0.0000","61.2071","0.0000","0.0000","0.0000","0.9330","513.4057","20.00","Handicap","Levey, S M","Hannon (Jnr), Richard","7","3","3","1m ","3yo","3768","6",,
"2026-02-14","3.45.","Lingfield","6th","Uncle Nader","64.4000","52.2448","36.2475","35.0675","40.0445","0.0000","0.0000","0.0000","0.0000","0.0000","228.0043","53.4317","0.0000","0.0000","0.0000","1.9000","511.3404","3.00","Handicap","Crouch, Hector","Jones, Jack","7","6","3","1m ","3yo","3768","6",,
"2026-02-14","3.45.","Lingfield","1st","Ebn Sabt","44.3540","52.8464","43.9863","43.6816","39.8982","34.2523","0.0000","0.0000","0.0000","0.0000","172.6791","55.6365","0.0000","0.0000","0.0000","0.6000","487.9344","5.00","Handicap","Edmunds, Lewis","Muir, W R & Grassick, C","7","1","3","1m ","3yo","3768","6",,
"2026-02-14","3.45.","Lingfield","4th","Whos On First","63.4000","36.1558","35.9427","37.0974","39.2975","40.5975","0.0000","0.0000","0.0000","0.0000","168.3273","47.7240","0.0000","0.0000","0.0000","1.6670","470.2093","1.50","Handicap","Dace, Jack","Williams, S C","7","4","3","1m ","3yo","3768","6",,
"2026-02-14","3.45.","Lingfield","7th","Angry Ant (USA)","34.3068","48.9382","45.6002","32.1660","0.0000","0.0000","0.0000","0.0000","0.0000","0.0000","241.5169","53.2474","0.0000","0.0000","0.0000","0.7000","456.4755","28.00","Handicap","Greatrex, Edward","Osborne, J A","7","7","3","1m ","3yo","3768","6",,
"2026-02-14","3.45.","Lingfield","5th","Prancy Peer","37.9240","39.0016","42.4716","33.3878","34.0019","0.0000","0.0000","0.0000","0.0000","0.0000","186.7869","59.6005","0.0000","0.0000","0.0000","-0.5000","432.6743","22.00","Handicap","Egan, David","Sangster, Ollie","7","5","3","1m ","3yo","3768","6",,
"2026-02-14","3.50.","Haydock","F","Chart Topper (FR)","56.5400","106.1568","86.1364","62.2926","105.1271","69.5722","59.6970","0.0000","0.0000","0.0000","233.7952","87.1729","0.0000","0.0000","0.0000","2.1000","868.5902","20.00","Handicap Hurdle","Hayes, Brian","Mullins, W P","13","0","7","3m.5f ","5yo+","13615","2",,
"2026-02-14","3.50.","Haydock","PU","Stay Away Fay (IRE)","89.9350","51.1661","42.0750","93.6960","114.7905","86.9133","66.8992","0.0000","0.0000","0.0000","233.7750","77.5606","0.0000","0.0000","0.0000","2.6670","859.4777","9.00","Handicap Hurdle","Nicholls, Miss Olive","Nicholls, P F","13","0","9","3m.5f ","5yo+","13615","2",,
"2026-02-14","3.50.","Haydock","PU","Jupiter Des Mottes (FR)","76.4062","58.1086","67.1010","0.0000","0.0000","0.0000","0.0000","0.0000","0.0000","0.0000","470.4368","86.3400","0.0000","0.0000","0.0000","5.8000","764.1926","6.50","Handicap Hurdle","McMenamin, Daniel","Richards, N G","13","0","7","3m.5f ","5yo+","13615","2",,
"2026-02-14","3.50.","Haydock","PU","Off The Jury (IRE)","76.5533","86.0175","60.2803","108.2268","56.7520","64.0125","49.2631","45.0004","0.0000","0.0000","136.5265","74.2900","0.0000","0.0000","0.0000","1.2000","758.1224","8.00","Handicap Hurdle","Bowen, James C","Bowen, Mickey","13","0","7","3m.5f ","5yo+","13615","2",,
"2026-02-14","3.50.","Haydock","6th","Doughmore Bay (IRE)","96.3600","56.1201","44.4332","73.2225","61.7388","59.5696","64.7315","68.9040","0.0000","0.0000","131.2699","81.7543","0.0000","0.0000","0.0000","1.9110","740.0148","8.50","Handicap Hurdle","Sheehan, Gavin","Lavelle, Miss E C","13","6","8","3m.5f ","5yo+","13615","2",,
"2026-02-14","3.50.","Haydock","4th","Red Dirt Road (IRE)","63.5500","53.6060","92.5500","83.0250","44.2873","66.4062","57.7577","67.0500","65.0334","66.3795","0.0000","71.6000","0.0000","0.0000","0.0000","4.4000","735.6452","18.00","Handicap Hurdle","ONeill, Jonjo (Jr)","ONeill, Jonjo and AJ","13","4","9","3m.5f ","5yo+","13615","2",,
"2026-02-14","3.50.","Haydock","1st","Champagne Chic (IRE)","100.5000","86.5462","59.8714","42.0782","39.7055","74.0835","41.9416","0.0000","0.0000","0.0000","190.5970","73.5318","0.0000","0.0000","0.0000","4.4570","713.3121","4.50","Handicap Hurdle","Skelton, Harry","Scott, J","13","1","6","3m.5f ","5yo+","13615","2",,
"2026-02-14","3.50.","Haydock","7th","Go To War (IRE)","104.7000","42.5740","82.6482","41.6808","61.4715","69.1268","67.3448","52.4870","40.1396","0.0000","62.4636","81.1044","0.0000","0.0000","0.0000","4.4770","710.2176","9.00","Handicap Hurdle","Hughes, Brian","Henderson, N J","13","7","8","3m.5f ","5yo+","13615","2",,
"2026-02-14","3.50.","Haydock","3rd","Found A Diamond (IRE)","61.8460","95.7300","49.0622","83.4360","75.4288","55.6702","36.6490","32.8266","0.0000","0.0000","122.6622","65.9254","0.0000","0.0000","0.0000","4.4220","683.6584","11.00","Handicap Hurdle","Markey, S R","OSullivan, Ross","13","3","6","3m.5f ","5yo+","13615","2",,
"2026-02-14","3.50.","Haydock","PU","Gwennie May Star (FR)","86.8000","57.9715","84.8760","43.2540","78.9040","47.1667","58.0500","30.9592","42.3534","33.9837","0.0000","75.0800","0.0000","0.0000","0.0000","5.1670","644.5655","5.50","Handicap Hurdle","Bowen, Sean P","Murphy, Olly","13","0","6","3m.5f ","5yo+","13615","2",,
"2026-02-14","3.50.","Haydock","5th","Thanksforthehelp (FR)","65.1376","63.7103","55.9488","105.7960","55.2712","52.9938","54.4430","38.5956","37.1211","39.3250","0.0000","70.0315","0.0000","0.0000","0.0000","3.3790","641.7529","25.00","Handicap Hurdle","McLernon, R P","Pipe, D E","13","5","9","3m.5f ","5yo+","13615","2",,
"2026-02-14","3.50.","Haydock","8th","Cave Court (IRE)","85.1320","70.5000","65.4350","34.5042","52.1213","60.9000","31.5828","43.2410","37.6100","58.8000","0.0000","64.3047","0.0000","0.0000","0.0000","3.2080","607.3390","50.00","Handicap Hurdle","McGill, Mr O","Kelly, Noel C","13","8","9","3m.5f ","5yo+","13615","2",,
"2026-02-14","3.50.","Haydock","2nd","Minella Emperor (IRE)","69.7011","57.3538","61.1903","37.1891","0.0000","0.0000","0.0000","0.0000","0.0000","0.0000","338.1515","0.0000","0.0000","0.0000","0.0000","3.3220","566.9078","6.00","Handicap Hurdle","Meyler, D","Mullins, Emmet","13","2","7","3m.5f ","5yo+","13615","2",,
"2026-02-14","4.00.","Wincanton","3rd","Saladins Son (IRE)","72.0542","83.8312","93.4240","85.1440","32.1375","0.0000","0.0000","0.0000","0.0000","0.0000","366.5909","75.7714","0.0000","0.0000","0.0000","2.5000","811.4533","1.50","Handicap Chase","Godfrey, Ben","Honeyball, A J","6","3","8","3m1.5f ","5yo+","5413","4",,
"2026-02-14","4.00.","Wincanton","5th","Take Your Time (IRE)","46.4500","41.5500","35.4500","51.8567","75.7500","39.7000","36.3875","69.6750","67.8750","0.0000","51.6327","65.7878","0.0000","0.0000","0.0000","3.2270","585.3417","14.00","Handicap Chase","Twiston-Davies, Sam","Nicholls, P F","6","5","11","3m1.5f ","5yo+","5413","4",,
"2026-02-14","4.00.","Wincanton","2nd","Cooleenymore (IRE)","78.7000","31.5750","47.6679","54.6000","38.0515","0.0000","0.0000","0.0000","0.0000","0.0000","250.5944","65.6270","0.0000","0.0000","0.0000","3.3790","570.1948","3.50","Handicap Chase","Kimber, Harry","Walford, Robert","6","2","10","3m1.5f ","5yo+","5413","4",,
"2026-02-14","4.00.","Wincanton","1st","Camulus (IRE)","82.9520","58.5750","42.5820","36.9348","44.4375","32.8152","44.1125","0.0000","0.0000","0.0000","146.7467","61.3312","0.0000","0.0000","0.0000","3.0670","553.5538","2.50","Handicap Chase","Deutsch, Charlie","Williams, Miss Venetia","6","1","9","3m1.5f ","5yo+","5413","4",,
"2026-02-14","4.00.","Wincanton","PU","Concetto (FR)","70.6350","42.6040","55.5040","41.7900","45.0464","63.6600","34.0676","57.7762","34.1494","38.6683","0.0000","59.6761","0.0000","0.0000","0.0000","2.6000","546.1771","8.00","Handicap Chase","Dunne, R T","Allwood, S","6","0","9","3m1.5f ","5yo+","5413","4",,
"2026-02-14","4.00.","Wincanton","4th","Supervisor (IRE)","46.9000","41.7701","54.5990","42.3850","53.8760","42.3250","44.5650","41.8870","63.6750","37.3936","0.0000","65.3150","0.0000","0.0000","0.0000","2.3090","536.9996","25.00","Handicap Chase","Dodd, Murray","Williams, Miss Venetia","6","4","12","3m1.5f ","5yo+","5413","4",,
"2026-02-14","4.10.","Ascot","4th","Kalium (FR)","67.4400","96.0840","40.7828","68.6070","72.0968","54.5672","0.0000","0.0000","0.0000","0.0000","266.3852","79.3500","0.0000","0.0000","0.0000","5.7140","751.0269","5.00","Handicap Hurdle","Vaughan, Mr Edward","Vaughan, Tim","18","4","6","2m7.5f ","4yo+","10157","3",,
"2026-02-14","4.10.","Ascot","14th","Crazierthandaisy","73.2300","47.0760","94.6560","68.6712","63.0496","64.1310","52.4427","46.0974","0.0000","0.0000","127.3385","70.0165","0.0000","0.0000","0.0000","4.0000","710.7088","6.00","Handicap Hurdle","Boinville, Nico","Henderson, N J","18","14","7","2m7.5f ","4yo+","10157","3",,
"2026-02-14","4.10.","Ascot","7th","Loup De Maulde (FR)","63.6055","67.5400","50.9375","44.0690","71.0250","60.8100","64.5000","65.4750","50.3412","57.8250","0.0000","77.1761","0.0000","0.0000","0.0000","2.7000","676.0043","33.00","Handicap Hurdle","Price, Charlie","Llewellyn, Robert","18","7","9","2m7.5f ","4yo+","10157","3",,
"2026-02-14","4.10.","Ascot","15th","Solar System (FR)","59.5576","46.8084","67.5890","69.6750","66.9000","51.8550","63.4500","49.2775","45.7938","58.2000","0.0000","71.4760","0.0000","0.0000","0.0000","3.7570","654.3392","5.50","Handicap Hurdle","Cobden, Harry","Hobbs, P J / White, J","18","15","7","2m7.5f ","4yo+","10157","3",,
"2026-02-14","4.10.","Ascot","18th","Heart Over Head (IRE)","96.0000","79.0740","54.8720","52.8487","47.3626","40.5493","28.9204","0.0000","0.0000","0.0000","171.2687","68.1900","0.0000","0.0000","0.0000","3.1000","642.1858","6.00","Handicap Hurdle","Burke, Jonathan","OBrien, Fergal","18","18","7","2m7.5f ","4yo+","10157","3",,
"2026-02-14","4.10.","Ascot","5th","Confinentic (FR)","60.7940","46.5836","69.0000","65.1615","42.2646","0.0000","0.0000","0.0000","0.0000","0.0000","283.8036","69.7200","0.0000","0.0000","0.0000","4.6330","641.9603","16.00","Handicap Hurdle","Gordon, Fred","Gordon, C","18","5","6","2m7.5f ","4yo+","10157","3",,
"2026-02-14","4.10.","Ascot","9th","High Treason","73.9800","66.4500","59.6402","66.8250","41.0275","39.0278","0.0000","0.0000","0.0000","0.0000","231.3003","60.6787","0.0000","0.0000","0.0000","2.2290","641.1585","18.00","Handicap Hurdle","Bellamy, Tom","Twiston-Davies, N A","18","9","7","2m7.5f ","4yo+","10157","3",,
"2026-02-14","4.10.","Ascot","17th","Operation Manna","40.8875","51.0450","44.6880","73.9500","72.1500","74.1750","44.1128","37.0250","56.4475","68.2500","0.0000","70.4844","0.0000","0.0000","0.0000","4.1000","637.3152","33.00","Handicap Hurdle","Iles, Cameron","Lacey, T","18","17","10","2m7.5f ","4yo+","10157","3",,
"2026-02-14","4.10.","Ascot","12th","Il Va De Soi (FR)","64.0729","37.1692","60.9112","66.1145","66.8250","64.1250","53.3075","40.2648","53.1183","48.4569","0.0000","74.5100","0.0000","0.0000","0.0000","1.9330","630.8083","50.00","Handicap Hurdle","Fox, Megan","Derham, Harry","18","12","8","2m7.5f ","4yo+","10157","3",,
"2026-02-14","4.10.","Ascot","1st","Walden (FR)","58.8639","90.5520","81.2434","38.2684","49.5103","43.0264","33.9739","0.0000","0.0000","0.0000","169.4736","61.7153","0.0000","0.0000","0.0000","3.0000","629.6272","14.00","Handicap Hurdle","Sheppard, Stan","Lacey, T","18","1","6","2m7.5f ","4yo+","10157","3",,
"2026-02-14","4.10.","Ascot","8th","Sea Invasion (IRE)","66.3100","67.9500","49.9316","48.6155","43.1244","0.0000","0.0000","0.0000","0.0000","0.0000","275.9315","74.9506","0.0000","0.0000","0.0000","2.8000","629.6136","33.00","Handicap Hurdle","Dingle, Rex","Honeyball, A J","18","8","8","2m7.5f ","4yo+","10157","3",,
"2026-02-14","4.10.","Ascot","6th","Striking A Pose (IRE)","42.2880","66.0942","42.4438","62.7455","41.7220","83.6280","53.2564","51.4915","70.9528","38.3342","0.0000","71.2369","0.0000","0.0000","0.0000","3.0380","627.2313","50.00","Handicap Hurdle","Tudor, Jack","Tizzard, Joe","18","6","10","2m7.5f ","4yo+","10157","3",,
"2026-02-14","4.10.","Ascot","13th","Yellow Star (FR)","53.4754","88.9840","51.4706","46.9550","56.3245","45.6830","57.5345","64.6300","42.7124","37.5401","0.0000","75.7240","0.0000","0.0000","0.0000","1.6110","622.6444","12.00","Handicap Hurdle","Quinn, Caoilin","Moore, Gary and Josh","18","13","6","2m7.5f ","4yo+","10157","3",,
"2026-02-14","4.10.","Ascot","11th","Stratton Oakmont (IRE)","50.6946","85.2960","53.7444","57.0180","34.0375","32.4250","51.9458","65.7000","53.5998","60.9775","0.0000","64.4940","0.0000","0.0000","0.0000","2.3540","612.2866","14.00","Handicap Hurdle","Jones, Ben R","Woollacott, Mrs Kayley","18","11","10","2m7.5f ","4yo+","10157","3",,
"2026-02-14","4.10.","Ascot","2nd","Diamatiste (IRE)","73.2570","71.1526","65.6942","72.2840","35.7448","56.0075","42.3125","29.5875","55.8937","39.9642","0.0000","64.3155","0.0000","0.0000","0.0000","1.9090","608.1226","11.00","Handicap Hurdle","Newman, Mr Joshua","Woollacott, Mrs Kayley","18","2","7","2m7.5f ","4yo+","10157","3",,
"2026-02-14","4.10.","Ascot","10th","Top Guy (IRE)","75.3200","84.6860","65.5360","38.9707","36.2148","36.3733","36.1151","41.4752","0.0000","0.0000","103.6728","70.4867","0.0000","0.0000","0.0000","3.1500","592.0005","6.00","Handicap Hurdle","Durrell, Tristan","Skelton, Daniel","18","10","6","2m7.5f ","4yo+","10157","3",,
"2026-02-14","4.10.","Ascot","3rd","Oh My Johnny (IRE)","49.2000","59.4533","44.8721","49.7164","66.9000","33.4520","57.9150","41.2533","45.9523","0.0000","49.8572","60.0838","0.0000","0.0000","0.0000","3.1220","561.7773","22.00","Handicap Hurdle","Houlihan, Sean M","Hobbs, P J / White, J","18","3","6","2m7.5f ","4yo+","10157","3",,
"2026-02-14","4.10.","Ascot","16th","Hung Jury (IRE)","38.8484","53.7408","0.0000","0.0000","0.0000","0.0000","0.0000","0.0000","0.0000","0.0000","370.3570","75.4980","0.0000","0.0000","0.0000","2.6000","541.0442","25.00","Handicap Hurdle","Keighley, Freddie","Keighley, M","18","16","11","2m7.5f ","4yo+","10157","3",,
"2026-02-14","4.15.","Gowran Park","1st","King Alexander (IRE)","69.0042","64.6721","0.0000","0.0000","0.0000","0.0000","0.0000","0.0000","0.0000","0.0000","534.7050","59.6600","0.0000","0.0000","0.0000","3.1250","731.1662","0.44","Beginners Chase","Townend, P","Mullins, W P","8","1","8","2m3.5f ","5yo+","6637","0",,
"2026-02-14","4.15.","Gowran Park","3rd","Da Capo Glory (IRE)","59.3682","39.4140","0.0000","0.0000","0.0000","0.0000","0.0000","0.0000","0.0000","0.0000","395.1285","77.8141","0.0000","0.0000","0.0000","2.0000","573.7248","6.50","Beginners Chase","Allen, Mr D","Butler, Padraig","8","3","9","2m3.5f ","5yo+","6637","0",,
"2026-02-14","4.15.","Gowran Park","4th","Ballybow (IRE)","43.4903","58.8781","40.2453","0.0000","0.0000","0.0000","0.0000","0.0000","0.0000","0.0000","332.7652","27.6077","0.0000","0.0000","0.0000","3.3330","506.3196","8.50","Beginners Chase","Gilligan, D J","Elliott, Gordon","8","4","7","2m3.5f ","5yo+","6637","0",,
"2026-02-14","4.15.","Gowran Park","2nd","Yoradreamer","39.8661","49.9956","0.0000","0.0000","0.0000","0.0000","0.0000","0.0000","0.0000","0.0000","359.4467","26.8812","0.0000","0.0000","0.0000","1.1110","477.3006","40.00","Beginners Chase","OKeeffe, Sean F","Mullins, W P","8","2","7","2m3.5f ","5yo+","6637","0",,
"2026-02-14","4.15.","Gowran Park","PU","Mr Escobar (IRE)","40.4835","0.0000","0.0000","0.0000","0.0000","0.0000","0.0000","0.0000","0.0000","0.0000","364.3517","34.6133","0.0000","0.0000","0.0000","1.1110","440.5596","14.00","Beginners Chase","Mullins, D E","Mullins, W P","8","0","8","2m3.5f ","5yo+","6637","0",,
"2026-02-14","4.15.","Gowran Park","7th","Mistyburn (IRE)","39.4395","36.9774","0.0000","0.0000","0.0000","0.0000","0.0000","0.0000","0.0000","0.0000","305.6675","30.9757","0.0000","0.0000","0.0000","0.0000","413.0601","250.00","Beginners Chase","Roche, T P","Rothwell, P J","8","7","6","2m3.5f ","5yo+","6637","0",,
"2026-02-14","4.15.","Gowran Park","6th","Lamiral Fromentin (FR)","38.2515","0.0000","0.0000","0.0000","0.0000","0.0000","0.0000","0.0000","0.0000","0.0000","344.2639","22.2600","0.0000","0.0000","0.0000","0.4000","405.1754","250.00","Beginners Chase","Robinson, D","Rothwell, P J","8","6","5","2m3.5f ","5yo+","6637","0",,
"2026-02-14","4.15.","Gowran Park","5th","Champagne Jury (IRE)","0.0000","0.0000","0.0000","0.0000","0.0000","0.0000","0.0000","0.0000","0.0000","0.0000","0.0000","62.0506","0.0000","0.0000","0.0000","4.0000","66.0506","4.00","Beginners Chase","Donoghue, K M","Cromwell, Gavin Patrick","8","5","7","2m3.5f ","5yo+","6637","0",,
"2026-02-14","4.20.","Lingfield","2nd","All Too Beautiful","36.1164","74.0400","68.0920","64.9200","45.9284","28.0089","45.0736","61.4800","46.4446","39.3399","0.0000","59.3257","0.0000","0.0000","0.0000","1.9670","570.7364","7.00","Handicap","Mitchell, Jack","Teal, R A","7","2","4","6f ","4yo+","4397","5",,
"2026-02-14","4.20.","Lingfield","1st","Combustion","63.4920","52.5594","47.4878","61.2720","63.1292","50.5492","49.5068","25.2387","21.2512","27.7434","0.0000","66.4057","0.0000","0.0000","0.0000","5.2000","533.8353","0.73","Handicap","Haynes, Joey","Banham, Chelsea","7","1","5","6f ","4yo+","4397","5",,
"2026-02-14","4.20.","Lingfield","7th","Due Date","35.7495","64.0080","63.5440","63.7320","33.5498","41.4362","60.6751","43.3131","29.3011","33.1422","0.0000","61.1017","0.0000","0.0000","0.0000","2.7000","532.2527","40.00","Handicap","Hornby, Rob","Wallis, Charlie","7","7","6","6f ","4yo+","4397","5",,
"2026-02-14","4.20.","Lingfield","4th","Mart","61.1720","40.4368","51.8850","37.5456","50.9910","33.1995","60.1398","40.2853","35.9730","34.6115","0.0000","69.1613","0.0000","0.0000","0.0000","1.7500","517.1508","3.00","Handicap","Levey, S M","Cunha, Dylan","7","4","5","6f ","4yo+","4397","5",,
"2026-02-14","4.20.","Lingfield","3rd","Diamond Dreamer","45.2004","37.8051","44.2600","35.2722","42.6164","40.9478","47.7980","72.9316","34.2530","42.1280","0.0000","61.8526","0.0000","0.0000","0.0000","1.8650","506.9302","11.00","Handicap","Muscutt, D","Chamings, P R","7","3","6","6f ","4yo+","4397","5",,
"2026-02-14","4.20.","Lingfield","5th","Ottawa","41.1560","33.4444","63.5840","31.0703","35.9477","49.0774","48.9502","34.5599","35.9144","51.2699","0.0000","62.2035","0.0000","0.0000","0.0000","1.5330","488.7106","12.00","Handicap","Fallon, Cieren","Parr, Joseph","7","5","4","6f ","4yo+","4397","5",,
"2026-02-14","4.20.","Lingfield","6th","Stapleford Park","41.7012","36.2616","34.1225","38.4986","45.5720","39.0571","57.9000","38.6749","49.5970","38.8773","0.0000","58.6722","0.0000","0.0000","0.0000","1.5090","480.4433","50.00","Handicap","Leavy, Joe","Attwater, M J","7","6","4","6f ","4yo+","4397","5",,
"2026-02-14","4.25.","Newcastle","2nd","Forest Caper","61.8920","47.5088","64.4700","47.1299","36.7701","53.3473","59.9429","51.9424","56.0915","49.7414","0.0000","71.3178","0.0000","0.0000","0.0000","-0.3000","599.8541","3.00","Handicap","Hart, Jason","OMeara, D","9","2","5","1m2f ","4yo+","4397","5",,
"2026-02-14","4.25.","Newcastle","6th","Golspie (IRE)","45.2480","49.1820","62.8150","43.4040","72.0740","39.7626","39.0749","50.7895","43.9626","51.3920","0.0000","67.8191","0.0000","0.0000","0.0000","1.1820","566.7057","5.50","Handicap","Nolan, D","Morris, Patrick","9","6","6","1m2f ","4yo+","4397","5",,
"2026-02-14","4.25.","Newcastle","4th","Mao Shang Wong (IRE)","61.2191","40.8301","62.3287","44.9208","32.6331","0.0000","0.0000","0.0000","0.0000","0.0000","241.9319","67.0767","0.0000","0.0000","0.0000","-0.6000","550.3405","5.00","Handicap","Winn, Mark","OMeara, D","9","4","4","1m2f ","4yo+","4397","5",,
"2026-02-14","4.25.","Newcastle","1st","Bearwith","52.3938","46.8248","40.3807","53.2975","39.8979","35.4670","35.0756","71.2340","42.7730","47.3125","0.0000","62.6813","0.0000","0.0000","0.0000","1.7330","529.0710","7.00","Handicap","Brookes, Aiden","Bethell, Harriet","9","1","8","1m2f ","4yo+","4397","5",,
"2026-02-14","4.25.","Newcastle","9th","Lieutenant Lily","34.2056","40.6240","39.4635","47.4114","71.6432","41.2181","40.4625","0.0000","0.0000","0.0000","135.0121","55.3480","0.0000","0.0000","0.0000","1.4000","506.7884","28.00","Handicap","Mullen, Andrew","Haslam, B M R","9","9","4","1m2f ","4yo+","4397","5",,
"2026-02-14","4.25.","Newcastle","3rd","Jack Sparowe (IRE)","41.5444","35.1068","61.0512","59.0009","37.3462","40.5717","40.8673","31.3296","40.2000","44.4195","0.0000","61.0200","0.0000","0.0000","0.0000","2.0330","494.4906","9.00","Handicap","Morris, Luke","Butler, John","9","3","7","1m2f ","4yo+","4397","5",,
"2026-02-14","4.25.","Newcastle","8th","Up The Jazz (IRE)","34.0025","53.2397","43.9647","51.9170","39.9651","59.6666","44.4246","38.2526","28.8529","31.3956","0.0000","61.9890","0.0000","0.0000","0.0000","1.8710","489.5414","10.00","Handicap","Tindall, Ethan","Fahey, R A","9","8","5","1m2f ","4yo+","4397","5",,
"2026-02-14","4.25.","Newcastle","5th","Prince Achille","55.7015","53.6569","55.0768","63.5880","35.8663","30.3913","34.0225","31.9639","35.1866","33.1654","0.0000","60.0400","0.0000","0.0000","0.0000","0.2640","488.9232","5.50","Handicap","Garritty, Jack","OKeeffe, Jedd","9","5","7","1m2f ","4yo+","4397","5",,
"2026-02-14","4.25.","Newcastle","7th","Star Cast","51.0200","63.5840","29.0906","28.3875","49.4733","40.5669","35.4351","53.2820","34.8271","33.7233","0.0000","55.4229","0.0000","0.0000","0.0000","3.0140","477.8266","12.00","Handicap","Fraser, Kaiya","Tutty, Gemma","9","7","4","1m2f ","4yo+","4397","5",,
"2026-02-14","4.30.","Haydock","3rd","Shearer (IRE)","82.8435","76.2340","70.5375","80.1000","77.6250","0.0000","0.0000","0.0000","0.0000","0.0000","387.3399","66.3871","0.0000","0.0000","0.0000","4.4440","845.5109","0.80","Hunters Chase","Andrews, Gina","Nicholls, P F","6","3","10","2m6.5f ","5yo+","7700","3",,
"2026-02-14","4.30.","Haydock","1st","Unexpected Party (FR)","79.7236","49.9820","75.4921","61.3645","67.4225","102.8976","59.5175","47.4993","57.2541","41.9886","0.0000","67.3229","0.0000","0.0000","0.0000","1.6670","712.1318","3.00","Hunters Chase","Palin, Miss H","Skelton, Daniel","6","1","11","2m6.5f ","5yo+","7700","3",,
"2026-02-14","4.30.","Haydock","4th","Good Boy Bobby (IRE)","73.3853","41.8250","61.1688","60.3450","41.2788","64.7515","56.4934","43.0404","59.0350","48.0376","0.0000","78.2724","0.0000","0.0000","0.0000","3.3910","631.0241","8.00","Hunters Chase","Jackson-Fennell, Miss A","Twiston-Davies, N A","6","4","13","2m6.5f ","5yo+","7700","3",,
"2026-02-14","4.30.","Haydock","2nd","Take All (IRE)","64.0842","80.3728","49.9206","79.1006","66.4520","44.6783","49.8579","38.7894","38.0686","52.8242","0.0000","64.5325","0.0000","0.0000","0.0000","1.1890","629.8701","5.50","Hunters Chase","Scott, Mr Samuel","Osborne, M","6","2","11","2m6.5f ","5yo+","7700","3",,
"2026-02-14","4.30.","Haydock","PU","Lift Me Up (IRE)","68.2240","54.3390","68.5046","49.6248","34.4323","60.4245","0.0000","0.0000","0.0000","0.0000","223.6995","62.6827","0.0000","0.0000","0.0000","3.6330","625.5643","20.00","Hunters Chase","McIntyre, Mr M J","Filby, Miss M","6","0","10","2m6.5f ","5yo+","7700","3",,
"2026-02-14","4.30.","Haydock","5th","Settle Down Jill (IRE)","41.4080","55.1232","65.5560","58.4251","51.1561","0.0000","0.0000","0.0000","0.0000","0.0000","271.6684","72.3040","0.0000","0.0000","0.0000","2.1330","617.7738","66.00","Hunters Chase","Barlow, Patrick","Sanderson, Norman","6","5","6","2m6.5f ","5yo+","7700","3",,
"2026-02-14","4.37.","Wincanton","1st","Call Me Legend (IRE)","86.9200","71.8053","61.8010","54.1587","67.2605","0.0000","0.0000","0.0000","0.0000","0.0000","341.9455","0.0000","0.0000","0.0000","0.0000","3.3330","687.2239","1.50","Handicap Novices Hurdle","Stenhouse, Jack","Hobbs, P J / White, J","6","1","6","3m1.5f ","4yo+","4489","4",,
"2026-02-14","4.37.","Wincanton","3rd","Seatoit (IRE)","60.6450","41.1530","73.9720","35.9043","43.8105","50.9614","0.0000","0.0000","0.0000","0.0000","204.2975","71.9473","0.0000","0.0000","0.0000","0.1000","582.7910","2.25","Handicap Novices Hurdle","Aswat, Aamilah","Bailey, K C","6","3","7","3m1.5f ","4yo+","4489","4",,
"2026-02-14","4.37.","Wincanton","PU","Badentaggart (IRE)","56.4723","43.9527","45.5322","38.8387","0.0000","0.0000","0.0000","0.0000","0.0000","0.0000","277.1938","59.4000","0.0000","0.0000","0.0000","2.3000","523.6897","9.00","Handicap Novices Hurdle","OBrien, P V","Scott, J","6","0","7","3m1.5f ","4yo+","4489","4",,
"2026-02-14","4.37.","Wincanton","2nd","Crossgales King (IRE)","55.5600","60.0537","48.4582","41.2463","0.0000","0.0000","0.0000","0.0000","0.0000","0.0000","307.9773","0.0000","0.0000","0.0000","0.0000","0.4000","513.6956","6.00","Handicap Novices Hurdle","Hanlon, Paddy","Hosie, Syd","6","2","6","3m1.5f ","4yo+","4489","4",,
"2026-02-14","4.37.","Wincanton","4th","Bredon Hill Dart","49.0872","52.3663","36.6050","69.5320","56.6021","33.1779","34.5765","31.5612","38.9363","34.5262","0.0000","55.3976","0.0000","0.0000","0.0000","3.4670","495.8354","7.00","Handicap Novices Hurdle","Worsley, Tabitha","Gardner, Mrs S","6","4","7","3m1.5f ","4yo+","4489","4",,
"2026-02-14","4.37.","Wincanton","PU","Annie Express (IRE)","30.6000","41.2555","45.4939","33.7310","0.0000","0.0000","0.0000","0.0000","0.0000","0.0000","226.6206","55.0493","0.0000","0.0000","0.0000","2.2500","435.0004","16.00","Handicap Novices Hurdle","Harrison, Liam","Llewellyn, Robert","6","0","8","3m1.5f ","4yo+","4489","4",,
"2026-02-14","4.45.","Ascot","2nd","One Dimensional","87.9908","0.0000","0.0000","0.0000","0.0000","0.0000","0.0000","0.0000","0.0000","0.0000","791.9169","86.5200","0.0000","0.0000","0.0000","0.0000","966.4277","5.00","NH Flat","Bass, David","Comley, Max","9","2","6","1m7.5f ","4-6yo","8986","2",,
"2026-02-14","4.45.","Ascot","9th","Grizzled Squirrel","58.8607","37.7769","0.0000","0.0000","0.0000","0.0000","0.0000","0.0000","0.0000","0.0000","386.5504","79.3100","0.0000","0.0000","0.0000","0.0000","562.4980","6.00","NH Flat","Quinn, Caoilin","Moore, Gary and Josh","9","9","5","1m7.5f ","4-6yo","8986","2",,
"2026-02-14","4.45.","Ascot","4th","Queen Marcia","31.8638","0.0000","0.0000","0.0000","0.0000","0.0000","0.0000","0.0000","0.0000","0.0000","286.7742","63.1400","0.0000","0.0000","0.0000","0.0000","381.7780","50.00","NH Flat","Burke, Jonathan","Jeffreys, D J","9","4","5","1m7.5f ","4-6yo","8986","2",,
"2026-02-14","4.45.","Ascot","5th","Ms Des Fois (IRE)","0.0000","0.0000","0.0000","0.0000","0.0000","0.0000","0.0000","0.0000","0.0000","0.0000","0.0000","0.0000","0.0000","0.0000","0.0000","1.2000","1.2000","2.50","NH Flat","Dingle, Rex","Honeyball, A J","9","5","4","1m7.5f ","4-6yo","8986","2",,
"2026-02-14","4.45.","Ascot","8th","Miss Roc On Sal (IRE)","0.0000","0.0000","0.0000","0.0000","0.0000","0.0000","0.0000","0.0000","0.0000","0.0000","0.0000","0.0000","0.0000","0.0000","0.0000","1.2000","1.2000","16.00","NH Flat","Poste, Ben J","Symonds, Tom","9","8","4","1m7.5f ","4-6yo","8986","2",,
"2026-02-14","4.45.","Ascot","1st","Martini Majesty","0.0000","0.0000","0.0000","0.0000","0.0000","0.0000","0.0000","0.0000","0.0000","0.0000","0.0000","0.0000","0.0000","0.0000","0.0000","1.2000","1.2000","8.50","NH Flat","Bellamy, Tom","King, A","9","1","4","1m7.5f ","4-6yo","8986","2",,
"2026-02-14","4.45.","Ascot","3rd","Galante De Vassy (FR)","0.0000","0.0000","0.0000","0.0000","0.0000","0.0000","0.0000","0.0000","0.0000","0.0000","0.0000","0.0000","0.0000","0.0000","0.0000","1.2000","1.2000","12.00","NH Flat","Fox, Ned","Symonds, Tom","9","3","4","1m7.5f ","4-6yo","8986","2",,
"2026-02-14","4.45.","Ascot","7th","Harzandacassandra","0.0000","0.0000","0.0000","0.0000","0.0000","0.0000","0.0000","0.0000","0.0000","0.0000","0.0000","0.0000","0.0000","0.0000","0.0000","0.0000","0.0000","6.00","NH Flat","Woods, K K","Killahena, David / Mcpherson, Graeme","9","7","5","1m7.5f ","4-6yo","8986","2",,
"2026-02-14","4.45.","Ascot","6th","Burning Embers (IRE)","0.0000","0.0000","0.0000","0.0000","0.0000","0.0000","0.0000","0.0000","0.0000","0.0000","0.0000","0.0000","0.0000","0.0000","0.0000","0.0000","0.0000","4.50","NH Flat","Durrell, Tristan","Skelton, Daniel","9","6","5","1m7.5f ","4-6yo","8986","2",,
"2026-02-14","4.50.","Gowran Park","3rd","Slanagaibhgoleir (IRE)","87.5120","53.7239","0.0000","0.0000","0.0000","0.0000","0.0000","0.0000","0.0000","0.0000","564.9436","60.8700","0.0000","0.0000","0.0000","1.6290","768.6785","5.50","Handicap Chase","Millar, Carl","Elliott, Gordon","9","3","8","2m3.5f ","5yo+","8496","0",,
"2026-02-14","4.50.","Gowran Park","7th","Dont Go Yet (IRE)","57.9232","74.4217","81.1850","105.1846","74.2050","61.8612","55.0750","53.7100","54.5962","69.1237","0.0000","47.4540","0.0000","0.0000","0.0000","1.2880","736.0277","33.00","Handicap Chase","Walsh, E","Cawley, Edward","9","7","12","2m3.5f ","5yo+","8496","0",,
"2026-02-14","4.50.","Gowran Park","6th","Happy Dreams (FR)","81.9160","55.6890","31.0138","43.4163","35.4550","52.9038","39.4672","85.4250","37.9600","61.6500","0.0000","66.0765","0.0000","0.0000","0.0000","3.2000","594.1726","7.50","Handicap Chase","OKeeffe, Sean F","McDonagh, Michael J","9","6","9","2m3.5f ","5yo+","8496","0",,
"2026-02-14","4.50.","Gowran Park","1st","Mount Frisco (IRE)","60.5350","52.3460","48.8630","62.6636","61.5262","63.0906","47.5280","43.5059","39.5567","38.2103","0.0000","58.2535","0.0000","0.0000","0.0000","3.0710","579.1497","8.00","Handicap Chase","King, D","Ryan, John Patrick","9","1","7","2m3.5f ","5yo+","8496","0",,
"2026-02-14","4.50.","Gowran Park","5th","Mighty Jeremy (IRE)","60.7967","50.3301","43.3453","0.0000","0.0000","0.0000","0.0000","0.0000","0.0000","0.0000","360.4350","56.8780","0.0000","0.0000","0.0000","3.8640","575.6491","8.50","Handicap Chase","Torrens, Simon","Foley, Patrick T","9","5","12","2m3.5f ","5yo+","8496","0",,
"2026-02-14","4.50.","Gowran Park","PU","Casey West (IRE)","60.5150","61.4495","71.3384","41.0040","45.3875","52.4095","36.3508","49.6853","49.0582","44.2357","0.0000","59.3211","0.0000","0.0000","0.0000","2.9140","573.6691","6.00","Handicap Chase","Roche, T P","Rothwell, P J","9","0","10","2m3.5f ","5yo+","8496","0",,
"2026-02-14","4.50.","Gowran Park","2nd","Beckett Rock (IRE)","50.9192","57.8137","35.8335","0.0000","0.0000","0.0000","0.0000","0.0000","0.0000","0.0000","337.3215","62.6682","0.0000","0.0000","0.0000","2.0000","546.5561","3.00","Handicap Chase","OKeeffe, Darragh","Bromhead, Henry De","9","2","7","2m3.5f ","5yo+","8496","0",,
"2026-02-14","4.50.","Gowran Park","4th","Klass Langy (FR)","43.7518","0.0000","0.0000","0.0000","0.0000","0.0000","0.0000","0.0000","0.0000","0.0000","393.7666","67.3500","0.0000","0.0000","0.0000","0.5000","505.3684","4.00","Handicap Chase","Slevin, J J","OBrien, Joseph Patrick","9","4","6","2m3.5f ","5yo+","8496","0",,
"2026-02-14","4.50.","Gowran Park","PU","Petit King (FR)","35.2560","37.2432","36.2654","32.5785","41.3929","30.7777","0.0000","0.0000","0.0000","0.0000","142.3425","43.8733","0.0000","0.0000","0.0000","2.9000","402.6296","12.00","Handicap Chase","Enright, P T","Cawley, Edward","9","0","10","2m3.5f ","5yo+","8496","0",,
"2026-02-14","4.55.","Newcastle","9th","Spartan Fighter","72.7000","57.9750","67.2000","65.8260","63.4560","50.4222","44.7467","48.6464","26.7454","32.0745","0.0000","71.7439","0.0000","0.0000","0.0000","1.8960","603.4321","6.00","Handicap","Hardie, Cameron","Brittain, Antony","10","9","9","6f ","4yo+","4711","6",,
"2026-02-14","4.55.","Newcastle","1st","Yorkshire Glory (IRE)","50.5200","64.6000","40.7728","45.3410","62.6600","61.3980","42.7779","53.4128","47.1768","39.1357","0.0000","63.0357","0.0000","0.0000","0.0000","2.0290","572.8597","5.00","Handicap","Mullen, Andrew","Haslam, B M R","10","1","5","6f ","4yo+","4711","6",,
"2026-02-14","4.55.","Newcastle","3rd","Raft Up (IRE)","39.6221","48.4976","62.9320","62.3616","36.0848","55.4488","59.0600","48.0678","31.4087","53.9052","0.0000","65.6457","0.0000","0.0000","0.0000","2.0500","565.0844","6.50","Handicap","Scott, Rowan","Bethell, Harriet","10","3","5","6f ","4yo+","4711","6",,
"2026-02-14","4.55.","Newcastle","10th","Teardrops","51.8680","55.5000","63.8000","49.2824","66.2000","59.6400","46.5666","39.5283","31.0548","33.2564","0.0000","58.3843","0.0000","0.0000","0.0000","3.2270","558.3078","10.00","Handicap","Wood, George","Spencer, Richard","10","10","4","6f ","4yo+","4711","6",,
"2026-02-14","4.55.","Newcastle","2nd","Pit Boss","66.7000","52.7850","43.9500","37.5484","39.4466","56.6128","38.6181","50.0072","51.5504","49.9485","0.0000","65.4581","0.0000","0.0000","0.0000","0.9760","553.6010","3.33","Handicap","Garritty, Billy","Bailey, Liam","10","2","4","6f ","4yo+","4711","6",,
"2026-02-14","4.55.","Newcastle","5th","Mayo County","47.7500","51.4855","27.9103","31.2860","57.8248","33.3560","59.8920","62.5250","49.6787","57.6760","0.0000","61.2610","0.0000","0.0000","0.0000","1.0530","541.6981","7.00","Handicap","Marshall, Tom Kiely","Camacho, Miss J A","10","5","5","6f ","4yo+","4711","6",,
"2026-02-14","4.55.","Newcastle","8th","Rajstar (IRE)","63.0000","40.1150","41.4167","44.1045","0.0000","0.0000","0.0000","0.0000","0.0000","0.0000","282.9542","58.9367","0.0000","0.0000","0.0000","3.3000","533.8270","7.00","Handicap","Hart, Jason","Haslam, B M R","10","8","4","6f ","4yo+","4711","6",,
"2026-02-14","4.55.","Newcastle","7th","Pickersgill (IRE)","48.1256","39.4117","36.1910","51.1973","34.8130","83.9922","55.0418","47.6720","34.6433","39.1642","0.0000","62.1217","0.0000","0.0000","0.0000","1.2000","533.5737","9.00","Handicap","Nolan, D","Jardine, I","10","7","4","6f ","4yo+","4711","6",,
"2026-02-14","4.55.","Newcastle","6th","Mersea (FR)","31.3116","35.1552","44.5718","40.8243","38.3528","39.3366","41.4518","33.4377","61.0060","45.9557","0.0000","63.2519","0.0000","0.0000","0.0000","2.5630","477.2185","40.00","Handicap","Stammers, Oliver","Tuer, Grant","10","6","6","6f ","4yo+","4711","6",,
"2026-02-14","4.55.","Newcastle","4th","Andalprofit (IRE)","35.5991","61.3320","28.8521","32.4049","30.6225","31.6134","34.0677","35.1667","46.7552","52.6620","0.0000","64.1600","0.0000","0.0000","0.0000","1.5500","454.7856","22.00","Handicap","Jary, Alex","Tinkler, N","10","4","4","6f ","4yo+","4711","6",,
"2026-02-14","5.25.","Newcastle","4th","Ruby Red Gove","68.6648","33.0975","0.0000","0.0000","0.0000","0.0000","0.0000","0.0000","0.0000","0.0000","407.0492","65.4169","0.0000","0.0000","0.0000","-1.3000","572.9285","3.50","Maiden","Nolan, D","Furtado, Ivan","4","4","4","5f ","3-5yo","4320","5",,
"2026-02-14","5.25.","Newcastle","3rd","Peregrine Falcon (IRE)","56.0470","35.0530","55.6605","49.0360","39.2420","43.5054","36.6093","59.0508","27.4948","40.1443","0.0000","72.7844","0.0000","0.0000","0.0000","-0.6000","514.0274","2.50","Maiden","Kavanagh, Ryan","Morris, Patrick","4","3","4","5f ","3-5yo","4320","5",,
"2026-02-14","5.25.","Newcastle","1st","Polka","38.9001","37.3431","0.0000","0.0000","0.0000","0.0000","0.0000","0.0000","0.0000","0.0000","304.9730","46.8646","0.0000","0.0000","0.0000","1.5000","429.5809","12.00","Maiden","Scott, Rowan","Camacho, Miss J A","4","1","4","5f ","3-5yo","4320","5",,
"2026-02-14","5.25.","Newcastle","2nd","Merlier (IRE)","0.0000","0.0000","0.0000","0.0000","0.0000","0.0000","0.0000","0.0000","0.0000","0.0000","0.0000","0.0000","0.0000","0.0000","0.0000","1.5000","1.5000","1.00","Maiden","Morris, Luke","Watson, Archie","4","2","3","5f ","3-5yo","4320","5",,
"2026-02-14","5.55.","Newcastle","2nd","Aisling Oscar (IRE)","80.0000","76.9000","67.4000","70.0000","65.2500","63.9400","63.1260","61.4280","46.2902","25.8049","0.0000","71.3695","0.0000","0.0000","0.0000","5.3040","696.8126","2.50","Handicap","McSweeney, O","Keatley, Adrian Paul","8","2","5","1m ","4yo+","5653","4",,
"2026-02-14","5.55.","Newcastle","1st","Francesi (IRE)","60.8600","60.5600","57.6725","65.3240","82.4880","54.9437","56.3561","75.4060","56.9658","47.2419","0.0000","73.9557","0.0000","0.0000","0.0000","1.1410","692.9147","3.50","Handicap","Coppins, Myla","Carroll, A W","8","1","7","1m ","4yo+","5653","4",,
"2026-02-14","5.55.","Newcastle","3rd","Inspired (IRE)","60.7257","85.5716","36.7721","0.0000","0.0000","0.0000","0.0000","0.0000","0.0000","0.0000","427.1622","73.6567","0.0000","0.0000","0.0000","3.3330","687.2213","2.00","Handicap","Nicholls, Jack","Burke, K R","8","3","4","1m ","4yo+","5653","4",,
"2026-02-14","5.55.","Newcastle","7th","Flying Fletcher","84.9000","73.8718","66.8135","50.7485","54.6118","60.7284","53.6620","42.6164","57.9075","54.5485","0.0000","55.3765","0.0000","0.0000","0.0000","1.3110","657.0960","5.50","Handicap","Gray, S A","Fahey, R A","8","7","5","1m ","4yo+","5653","4",,
"2026-02-14","5.55.","Newcastle","5th","Rajapour (IRE)","60.4000","40.4856","53.3635","74.4800","40.5631","39.3711","53.2608","42.8035","47.4224","77.9380","0.0000","78.0670","0.0000","0.0000","0.0000","1.2670","609.4219","11.00","Handicap","Garritty, Billy","OMeara, D","8","5","6","1m ","4yo+","5653","4",,
"2026-02-14","5.55.","Newcastle","4th","Bajan Bandit","38.4104","60.7000","61.9500","60.6916","63.0733","62.1781","73.8680","37.7366","33.9096","34.7914","0.0000","67.4448","0.0000","0.0000","0.0000","2.6950","597.4488","20.00","Handicap","Morris, Luke","Morris, Patrick","8","4","6","1m ","4yo+","5653","4",,
"2026-02-14","5.55.","Newcastle","8th","Qazaq (FR)","49.7952","44.2734","47.9974","41.9979","56.0120","51.4298","58.4889","58.1198","36.6855","73.6500","0.0000","71.9787","0.0000","0.0000","0.0000","2.9000","593.3286","28.00","Handicap","Winn, Mark","Jardine, I","8","8","5","1m ","4yo+","5653","4",,
"2026-02-14","5.55.","Newcastle","6th","Helmsley (IRE)","43.7192","41.0287","45.9112","70.3858","44.6342","69.3919","42.2489","27.5598","0.0000","0.0000","96.2199","72.8891","0.0000","0.0000","0.0000","0.7500","554.7386","50.00","Handicap","Hart, Jason","Furtado, Ivan","8","6","4","1m ","4yo+","5653","4",,
"2026-02-14","6.25.","Newcastle","5th","Mystical Land (IRE)","53.9700","30.5936","41.4420","41.4769","45.4084","46.5514","0.0000","0.0000","0.0000","0.0000","172.9615","60.3890","0.0000","0.0000","0.0000","0.6000","493.3929","2.50","Handicap","Kirrane, Sean","Dods, M","6","5","3","5f ","3yo","3768","6",,
"2026-02-14","6.25.","Newcastle","3rd","Mythical Night (IRE)","53.4250","31.3084","32.8266","50.6243","45.3765","43.9150","0.0000","0.0000","0.0000","0.0000","171.6506","52.0800","0.0000","0.0000","0.0000","-0.1000","481.1065","3.50","Handicap","Mason, Joanna","Cunha, Dylan","6","3","3","5f ","3yo","3768","6",,
"2026-02-14","6.25.","Newcastle","1st","Mademoiselle Belle (IRE)","34.5840","47.8632","45.3250","49.5350","46.9272","39.1862","31.4336","36.9120","43.5144","36.8483","0.0000","58.9243","0.0000","0.0000","0.0000","1.1000","472.1532","3.33","Handicap","Robinson, Ben","Ellison, B","6","1","3","5f ","3yo","3768","6",,
"2026-02-14","6.25.","Newcastle","2nd","Rogue Rebellion","62.1000","31.0545","29.7891","46.3636","32.3837","0.0000","0.0000","0.0000","0.0000","0.0000","201.6909","55.7767","0.0000","0.0000","0.0000","2.6000","461.7584","2.75","Handicap","Morris, Luke","Owen, J P","6","2","3","5f ","3yo","3768","6",,
"2026-02-14","6.25.","Newcastle","4th","Doilookokay","29.8909","58.7540","50.0777","42.2536","31.6465","30.9432","0.0000","0.0000","0.0000","0.0000","162.3772","51.4955","0.0000","0.0000","0.0000","1.5670","459.0056","12.00","Handicap","McManoman, Faye","Tinkler, N","6","4","3","5f ","3yo","3768","6",,
"2026-02-14","6.25.","Newcastle","6th","Calabrian Soldato (IRE)","35.8240","28.2180","44.2892","38.9245","34.9374","28.8612","0.0000","0.0000","0.0000","0.0000","140.7028","43.4830","0.0000","0.0000","0.0000","2.3000","397.5400","25.00","Handicap","Coughlan, Laura","Souza, Lemos","6","6","3","5f ","3yo","3768","6",,
"2026-02-14","6.55.","Newcastle","3rd","Brazilian Rose (IRE)","76.2000","52.1760","77.2000","73.5560","41.0995","46.4456","35.5456","52.6563","63.5430","43.8480","0.0000","76.9814","0.0000","0.0000","0.0000","1.2140","640.4654","1.38","Handicap","Fraser, Kaiya","Menzies, Rebecca","4","3","5","7f ","4yo+","4397","5",,
"2026-02-14","6.55.","Newcastle","4th","Party Bear (IRE)","75.4000","69.1450","42.7752","35.2437","43.8670","39.8212","60.3720","69.2360","70.6520","45.8575","0.0000","70.4930","0.0000","0.0000","0.0000","3.2080","626.0707","3.00","Handicap","Nicholls, Jack","Burke, K R","4","4","4","7f ","4yo+","4397","5",,
"2026-02-14","6.55.","Newcastle","1st","Mereside Diva (IRE)","51.9000","68.5900","46.3884","40.5739","40.3099","51.5662","44.7611","68.0126","64.0275","65.6363","0.0000","75.3276","0.0000","0.0000","0.0000","1.5240","618.6174","2.00","Handicap","Pyle, William","Barron, T D","4","1","6","7f ","4yo+","4397","5",,
"2026-02-14","6.55.","Newcastle","2nd","Penny Mountain (IRE)","29.3116","30.1052","47.2313","62.1140","47.5012","30.2205","38.0394","34.7545","42.9947","29.6504","0.0000","57.0889","0.0000","0.0000","0.0000","4.5140","453.5257","7.50","Handicap","Waugh, Amie","Rutherford, Gary","4","2","5","7f ","4yo+","4397","5",,
"2026-02-14","7.25.","Newcastle","2nd","Popty Ping","35.2512","45.3200","47.7678","63.1920","47.1123","45.6400","41.2206","40.9113","36.8188","42.4803","0.0000","56.1100","0.0000","0.0000","0.0000","0.6690","502.4934","4.00","Handicap","Winn, Mark","OMeara, D","8","2","3","1m ","3yo","3768","6",,
"2026-02-14","7.25.","Newcastle","3rd","Archangel Josepi (IRE)","37.5560","40.7009","47.8270","55.1909","42.6626","34.8006","40.3117","59.4914","31.8936","0.0000","43.3816","56.6783","0.0000","0.0000","0.0000","0.5000","490.9946","2.25","Handicap","Robinson, Ben","Ellison, B","8","3","3","1m ","3yo","3768","6",,
"2026-02-14","7.25.","Newcastle","1st","Silver State (IRE)","63.7000","30.2768","38.9087","30.4612","0.0000","0.0000","0.0000","0.0000","0.0000","0.0000","245.0199","57.6772","0.0000","0.0000","0.0000","3.7000","469.7437","1.38","Handicap","Dawes, Rose","Channon, Jack","8","1","3","1m ","3yo","3768","6",,
"2026-02-14","7.25.","Newcastle","6th","The Caddy Master (IRE)","31.6664","45.6910","35.9493","30.4458","46.5175","43.8205","38.4432","0.0000","0.0000","0.0000","116.8002","51.7345","0.0000","0.0000","0.0000","0.9000","441.9685","11.00","Handicap","Gray, S A","Ryan, K A","8","6","3","1m ","3yo","3768","6",,
"2026-02-14","7.25.","Newcastle","5th","Fickle Mcselfish","37.3936","34.9070","41.5430","34.7575","0.0000","0.0000","0.0000","0.0000","0.0000","0.0000","222.9017","56.5620","0.0000","0.0000","0.0000","1.9000","429.9649","28.00","Handicap","Hardie, Cameron","Coyle, Tony","8","5","3","1m ","3yo","3768","6",,
"2026-02-14","7.25.","Newcastle","8th","Crown Inn To Win (IRE)","31.2008","32.3316","44.2597","0.0000","0.0000","0.0000","0.0000","0.0000","0.0000","0.0000","251.5149","51.1544","0.0000","0.0000","0.0000","1.9000","412.3615","14.00","Handicap","McHugh, B","Furtado, Ivan","8","8","3","1m ","3yo","3768","6",,
"2026-02-14","7.25.","Newcastle","7th","Charcon","35.0077","42.1816","30.8081","36.6956","0.0000","0.0000","0.0000","0.0000","0.0000","0.0000","217.0394","44.9933","0.0000","0.0000","0.0000","1.3000","408.0257","40.00","Handicap","Morris, Luke","Haslam, B M R","8","7","3","1m ","3yo","3768","6",,
"2026-02-14","7.25.","Newcastle","4th","Riddikulus","30.1885","46.8573","35.8638","31.5556","0.0000","0.0000","0.0000","0.0000","0.0000","0.0000","216.6978","44.1619","0.0000","0.0000","0.0000","0.9000","406.2249","33.00","Handicap","Pyle, William","Tuer, Grant","8","4","3","1m ","3yo","3768","6",,

