race_date,time,track,placing,horse_name,last,last2,last3,last4,last5,last6,last7,last8,last9,last10,leveller,speed,jockey,trainer,stallion,today,total,odds_numerical,racetype,jockey_name,trainer_name,runners,placing_num,HorseAge,Distance,AgeRestrictions,WinPrizeMoney,UKClass,MajorType,
"2026-02-14","12.35.","Wincanton","2nd","At The Oche (IRE)","85.9850","28.3547","19.4316","14.3250","8.2445","4.7210","4.3201","0.0000","0.0000","0.0000","7.2700","0.0000","0.0000","1.5548","0.0000","2.8571","177.0638","1.38","Handicap Hurdle","Broughton, Tom","Twiston-Davies, N A","7","2","5","2m6f ","4yo+","3697","5",,
"2026-02-14","12.35.","Wincanton","1st","Eton Mes (IRE)","88.8000","32.0696","14.1416","8.9972","3.6135","4.1206","2.3787","0.0000","0.0000","0.0000","5.4815","0.0000","0.0000","1.3331","0.0000","1.2859","162.2219","2.50","Handicap Hurdle","Corcoran, Rian","Pipe, D E","7","1","5","2m6f ","4yo+","3697","5",,
"2026-02-14","12.35.","Wincanton","7th","Star Of Diamonds (IRE)","48.7000","30.0470","10.0718","10.3122","4.2578","4.4507","0.0000","0.0000","0.0000","0.0000","8.1755","0.0000","0.0000","1.0535","0.0000","0.3334","117.4018","5.00","Handicap Hurdle","Johnstone-baker, Cameron","Lavelle, Miss E C","7","7","7","2m6f ","4yo+","3697","5",,
"2026-02-14","12.35.","Wincanton","4th","Thankyouandplease (FR)","44.2280","18.9759","17.3612","13.0170","6.2548","4.6503","2.8023","2.6601","1.3314","1.3451","0.0000","0.0000","0.0000","0.7510","0.0000","1.7999","115.1771","18.00","Handicap Hurdle","Hanlon, Paddy","Hosie, Syd","7","4","6","2m6f ","4yo+","3697","5",,
"2026-02-14","12.35.","Wincanton","3rd","Charlies Jetaway (IRE)","46.7555","26.3351","10.2744","0.0000","0.0000","0.0000","0.0000","0.0000","0.0000","0.0000","22.7126","0.0000","0.0000","0.5843","0.0000","2.6000","109.2619","10.00","Handicap Hurdle","Palmer, Oscar","Hosie, Syd","7","3","5","2m6f ","4yo+","3697","5",,
"2026-02-14","12.35.","Wincanton","6th","Looking For Larry (IRE)","53.6665","16.7825","8.5344","9.6975","4.3085","2.7759","4.1280","2.1200","1.3335","1.0437","0.0000","0.0000","0.0000","0.3250","0.0000","3.4222","108.1377","10.00","Handicap Hurdle","Dodd, Murray","Dennis, T W","7","6","8","2m6f ","4yo+","3697","5",,
"2026-02-14","12.35.","Wincanton","5th","Moonlight Artist","34.1475","21.8412","11.1990","4.9187","3.5139","6.2675","3.6680","1.2374","0.8501","0.9877","0.0000","0.0000","0.0000","1.4599","0.0000","3.8805","93.9716","14.00","Handicap Hurdle","OShea, Ciaran","Tizzard, Joe","7","5","8","2m6f ","4yo+","3697","5",,
"2026-02-14","12.45.","Gowran Park","3rd","Arouet (FR)","102.1632","49.5329","17.0834","0.0000","0.0000","0.0000","0.0000","0.0000","0.0000","0.0000","43.5351","0.0000","0.0000","1.3285","0.0000","4.1665","217.8096","3.50","Maiden Hurdle","King, D","Twomey, P","10","3","4","2m ","4yo","6372","0",,
"2026-02-14","12.45.","Gowran Park","1st","Madness Delle (FR)","70.8678","0.0000","0.0000","0.0000","0.0000","0.0000","0.0000","0.0000","0.0000","0.0000","80.1160","0.0000","0.0000","1.8414","0.0000","3.0000","155.8252","0.40","Maiden Hurdle","Townend, P","Mullins, W P","10","1","4","2m ","4yo","6372","0",,
"2026-02-14","12.45.","Gowran Park","5th","Whats New (IRE)","57.0580","28.4198","19.1046","5.6604","6.9234","6.6552","2.5871","2.2341","2.0876","1.9949","0.0000","0.0000","0.0000","0.6877","0.0000","1.4336","134.8464","18.00","Maiden Hurdle","Quirke, Cian","Slattery, Andrew","10","5","4","2m ","4yo","6372","0",,
"2026-02-14","12.45.","Gowran Park","9th","Wolfpack","41.5958","20.9124","10.6564","7.2646","7.2492","5.0363","3.0581","0.0000","0.0000","0.0000","4.9609","0.0000","0.0000","1.5004","0.0000","1.2859","103.5200","100.00","Maiden Hurdle","Sexton, K C","Elliott, Gordon","10","9","4","2m ","4yo","6372","0",,
"2026-02-14","12.45.","Gowran Park","2nd","Manoir De Mirande (FR)","45.8117","19.5461","0.0000","0.0000","0.0000","0.0000","0.0000","0.0000","0.0000","0.0000","31.3705","0.0000","0.0000","1.5004","0.0000","0.0000","98.2287","4.00","Maiden Hurdle","Kennedy, J W","Elliott, Gordon","10","2","4","2m ","4yo","6372","0",,
"2026-02-14","12.45.","Gowran Park","7th","Ocean Murphy","45.1605","19.2413","8.6348","0.0000","0.0000","0.0000","0.0000","0.0000","0.0000","0.0000","19.0014","0.0000","0.0000","0.4757","0.0000","0.0000","92.5137","125.00","Maiden Hurdle","Roche, T P","Rothwell, P J","10","7","4","2m ","4yo","6372","0",,
"2026-02-14","12.45.","Gowran Park","10th","Nile Star (FR)","33.3272","15.8384","0.0000","0.0000","0.0000","0.0000","0.0000","0.0000","0.0000","0.0000","24.0861","0.0000","0.0000","0.5398","0.0000","0.0000","73.7914","300.00","Maiden Hurdle","McKenna, Liam","OSullivan, Ross","10","10","4","2m ","4yo","6372","0",,
"2026-02-14","12.45.","Gowran Park","6th","Rebel Queen (IRE)","0.0000","0.0000","0.0000","0.0000","0.0000","0.0000","0.0000","0.0000","0.0000","0.0000","0.0000","0.0000","0.0000","1.6862","0.0000","0.7000","2.3862","150.00","Maiden Hurdle","Kenneally, Michael","Motherway, C","10","6","4","2m ","4yo","6372","0",,
"2026-02-14","12.45.","Gowran Park","8th","Youknowthecode (IRE)","0.0000","0.0000","0.0000","0.0000","0.0000","0.0000","0.0000","0.0000","0.0000","0.0000","0.0000","0.0000","0.0000","1.5004","0.0000","0.0000","1.5004","33.00","Maiden Hurdle","Gainford, Jordan","Elliott, Gordon","10","8","4","2m ","4yo","6372","0",,
"2026-02-14","12.45.","Gowran Park","4th","Tea Biscuit (IRE)","0.0000","0.0000","0.0000","0.0000","0.0000","0.0000","0.0000","0.0000","0.0000","0.0000","0.0000","0.0000","0.0000","0.0000","0.0000","0.0000","0.0000","40.00","Maiden Hurdle","OConnor, M P","Houlihan, Conor","10","4","4","2m ","4yo","6372","0",,
"2026-02-14","12.50.","Lingfield","8th","Bownder (IRE)","66.0700","28.5108","17.6549","11.1960","5.0330","4.4633","3.8177","2.2211","1.8905","1.7956","0.0000","0.0000","0.0000","0.6357","0.0000","5.2959","148.5845","4.00","Handicap","Graham, Mr McKenzie","Portman, J G","9","8","4","1m4f ","4yo+","4172","5",,
"2026-02-14","12.50.","Lingfield","9th","Man Is King (IRE)","74.9430","25.0200","9.4272","10.2819","4.9104","2.7073","2.3135","2.1495","1.6136","2.0137","0.0000","0.0000","0.0000","1.4952","0.0000","2.4894","139.3647","12.00","Handicap","Chance, Miss Louise","Flood, D","9","9","7","1m4f ","4yo+","4172","5",,
"2026-02-14","12.50.","Lingfield","3rd","Voix De Bocelli","60.6300","27.0913","14.3620","7.6165","5.9848","4.5335","1.8931","1.6439","1.2571","1.6197","0.0000","0.0000","0.0000","0.3890","0.0000","3.8389","130.8599","4.00","Handicap","Cagney, Eireann","Knight, Miss H C","9","3","6","1m4f ","4yo+","4172","5",,
"2026-02-14","12.50.","Lingfield","4th","Shahbaz (IRE)","70.5900","19.4638","10.6106","6.3443","4.2543","4.2718","4.2653","2.4168","2.5025","1.4463","0.0000","0.0000","0.0000","1.0041","0.0000","1.8634","129.0334","5.00","Handicap","Hampson, Brodie","Watson, Archie","9","4","6","1m4f ","4yo+","4172","5",,
"2026-02-14","12.50.","Lingfield","1st","Sea Of Charm (FR)","39.5214","32.5710","18.2080","6.9331","5.5497","3.9946","2.6988","2.2604","2.0962","1.8783","0.0000","0.0000","0.0000","0.6841","0.0000","3.7743","120.1699","25.00","Handicap","Brown, Harry","Nicholls, Georgina","9","1","8","1m4f ","4yo+","4172","5",,
"2026-02-14","12.50.","Lingfield","6th","Johnny Boom (IRE)","57.6700","20.9891","18.4050","4.8398","4.5292","2.9344","1.8618","1.6371","1.6720","1.2160","0.0000","0.0000","0.0000","0.4396","0.0000","2.8777","119.0717","25.00","Handicap","Milburn, Miss Amy","Lycett, Shaun","9","6","8","1m4f ","4yo+","4172","5",,
"2026-02-14","12.50.","Lingfield","7th","Kathleen Mary","54.3702","24.7394","9.7191","8.9391","6.2454","4.3357","2.3969","0.0000","0.0000","0.0000","4.9457","0.0000","0.0000","0.2514","0.0000","1.9714","117.9143","2.00","Handicap","Walker, Mr S","Chapple-Hyam, P W","9","7","4","1m4f ","4yo+","4172","5",,
"2026-02-14","12.50.","Lingfield","2nd","Imperial Decision","56.8306","24.7201","8.6302","0.0000","0.0000","0.0000","0.0000","0.0000","0.0000","0.0000","22.6985","0.0000","0.0000","0.5526","0.0000","0.7000","114.1320","25.00","Handicap","Burke, Louis","Burke, Kieran","9","2","4","1m4f ","4yo+","4172","5",,
"2026-02-14","12.50.","Lingfield","5th","Roland Garros","49.4414","18.7016","10.3028","7.7063","6.2155","5.9742","3.0212","1.8483","1.5585","1.3536","0.0000","0.0000","0.0000","0.8530","0.0000","0.5151","107.4916","11.00","Handicap","Yarham, Fletcher","Burton, Hayley","9","5","5","1m4f ","4yo+","4172","5",,
"2026-02-14","12.55.","Haydock","1st","Manlaga (IRE)","99.9170","0.0000","0.0000","0.0000","0.0000","0.0000","0.0000","0.0000","0.0000","0.0000","112.9562","0.0000","0.0000","1.7380","0.0000","2.7000","217.3112","1.75","Hurdle","Hughes, Brian","Henderson, N J","7","1","4","2m ","4yo","10892","2",,
"2026-02-14","12.55.","Haydock","2nd","Pourquoi Pas Papa (FR)","97.9710","36.2336","22.8163","0.0000","0.0000","0.0000","0.0000","0.0000","0.0000","0.0000","41.8571","0.0000","0.0000","2.5240","0.0000","4.9665","206.3685","1.63","Hurdle","Gingell, Frederick","Nicholls, P F","7","2","4","2m ","4yo","10892","2",,
"2026-02-14","12.55.","Haydock","4th","Love Sonnet (IRE)","108.1684","38.2733","16.5600","11.9076","7.9064","2.8771","2.4881","1.5100","0.0000","0.0000","3.7983","0.0000","0.0000","1.0845","0.0000","6.0500","200.6235","18.00","Hurdle","Davies, James","Vaughan, Tim","7","4","4","2m ","4yo","10892","2",,
"2026-02-14","12.55.","Haydock","5th","Macktoad (FR)","62.2584","49.1600","0.0000","0.0000","0.0000","0.0000","0.0000","0.0000","0.0000","0.0000","60.2833","0.0000","0.0000","1.4043","0.0000","5.0000","178.1060","5.00","Hurdle","Bowen, Sean P","Moore, Gary and Josh","7","5","4","2m ","4yo","10892","2",,
"2026-02-14","12.55.","Haydock","6th","Whatsgoingonmarvin (IRE)","75.5740","20.8841","10.7811","13.8018","7.6423","5.1523","4.2866","3.4878","2.4069","0.9135","0.0000","0.0000","0.0000","0.5112","0.0000","3.7103","149.1519","20.00","Hurdle","Bowen, James C","Bowen, Mickey","7","6","4","2m ","4yo","10892","2",,
"2026-02-14","12.55.","Haydock","F","Try Them (IRE)","53.0589","0.0000","0.0000","0.0000","0.0000","0.0000","0.0000","0.0000","0.0000","0.0000","59.9831","0.0000","0.0000","0.8357","0.0000","0.8000","114.6777","50.00","Hurdle","Meyler, D","Mullins, Emmet","7","0","4","2m ","4yo","10892","2",,
"2026-02-14","12.55.","Haydock","3rd","The Mighty Celt (IRE)","0.0000","0.0000","0.0000","0.0000","0.0000","0.0000","0.0000","0.0000","0.0000","0.0000","0.0000","0.0000","0.0000","1.5600","0.0000","0.0000","1.5600","7.50","Hurdle","Skelton, Harry","Skelton, Daniel","7","3","4","2m ","4yo","10892","2",,
"2026-02-14","1.05.","Wincanton","2nd","Bluey (IRE)","126.8000","31.7726","19.2124","16.3584","5.8157","5.8838","6.1916","3.1344","2.2199","1.5865","0.0000","0.0000","0.0000","1.5080","0.0000","9.1135","229.5967","0.33","Novices Chase","Powell, Brendan","Lavelle, Miss E C","5","2","7","2m ","5yo+","20206","1","Lst",
"2026-02-14","1.05.","Wincanton","4th","Followango (IRE)","100.2000","29.3760","11.6696","10.0662","6.9964","6.3420","2.8755","2.8607","1.4242","1.1898","0.0000","0.0000","0.0000","0.7704","0.0000","2.7897","176.5603","25.00","Novices Chase","Williams, Isabel","Williams, Evan","5","4","8","2m ","5yo+","20206","1","Lst",
"2026-02-14","1.05.","Wincanton","1st","Queens Gamble (IRE)","77.1300","30.0820","18.7901","12.5122","9.0902","8.0843","4.0127","2.9314","2.4222","2.3504","0.0000","0.0000","0.0000","2.1245","0.0000","6.7501","176.2803","3.33","Novices Chase","OBrien, P V","Derham, Harry","5","1","8","2m ","5yo+","20206","1","Lst",
"2026-02-14","1.05.","Wincanton","3rd","Sunday Soldier (IRE)","76.6250","25.7610","14.8438","10.7544","7.3182","5.5822","3.2787","3.1329","1.1945","1.7585","0.0000","0.0000","0.0000","0.7145","0.0000","3.1333","154.0969","22.00","Novices Chase","Slatter, Nick","Killahena, David / Mcpherson, Graeme","5","3","8","2m ","5yo+","20206","1","Lst",
"2026-02-14","1.05.","Wincanton","5th","Presenting A Queen","62.3715","26.8574","13.6154","7.3301","6.2995","6.7324","3.7012","1.7118","1.1653","1.7582","0.0000","0.0000","0.0000","1.2200","0.0000","2.0666","134.8293","28.00","Novices Chase","Twiston-Davies, Sam","Honeyball, A J","5","5","9","2m ","5yo+","20206","1","Lst",
"2026-02-14","1.15.","Ascot","4th","Etna Bianco (IRE)","78.6541","52.7850","21.2789","7.9262","0.0000","0.0000","0.0000","0.0000","0.0000","0.0000","26.9633","0.0000","0.0000","1.7003","0.0000","6.7500","196.0579","5.00","Novices Hurdle","Cobden, Harry","Tizzard, Joe","6","4","6","2m3.5f ","5yo+","13008","2",,
"2026-02-14","1.15.","Ascot","1st","Mondouiboy (FR)","101.5740","30.4552","17.1380","0.0000","0.0000","0.0000","0.0000","0.0000","0.0000","0.0000","36.8993","0.0000","0.0000","2.1501","0.0000","3.6332","191.8498","0.73","Novices Hurdle","Jones, Ben R","Pauling, Ben","6","1","6","2m3.5f ","5yo+","13008","2",,
"2026-02-14","1.15.","Ascot","3rd","Catchintsavo (IRE)","90.8820","35.8740","13.7249","10.9602","5.4321","5.4802","0.0000","0.0000","0.0000","0.0000","10.6753","0.0000","0.0000","1.4196","0.0000","3.0501","177.4985","5.50","Novices Hurdle","Dingle, Rex","Honeyball, A J","6","3","6","2m3.5f ","5yo+","13008","2",,
"2026-02-14","1.15.","Ascot","UR","Starzand (IRE)","76.2554","36.0788","21.8592","11.1345","0.0000","0.0000","0.0000","0.0000","0.0000","0.0000","25.6864","0.0000","0.0000","1.5074","0.0000","4.8000","177.3217","4.50","Novices Hurdle","Houlihan, Sean M","Hobbs, P J / White, J","6","0","6","2m3.5f ","5yo+","13008","2",,
"2026-02-14","1.15.","Ascot","2nd","Kildinan Prince (IRE)","72.0257","0.0000","0.0000","0.0000","0.0000","0.0000","0.0000","0.0000","0.0000","0.0000","81.4251","0.0000","0.0000","1.0373","0.0000","2.8000","157.2881","28.00","Novices Hurdle","Burke, Jonathan","Lavelle, Miss E C","6","2","7","2m3.5f ","5yo+","13008","2",,
"2026-02-14","1.15.","Ascot","5th","Coumeenoole (IRE)","51.1818","21.6090","11.8382","10.4296","5.5276","6.0979","2.1906","2.0421","1.3246","1.3518","0.0000","0.0000","0.0000","1.4484","0.0000","1.4000","116.4414","100.00","Novices Hurdle","Durrell, Tristan","Skelton, Daniel","6","5","7","2m3.5f ","5yo+","13008","2",,
"2026-02-14","1.20.","Gowran Park","1st","Storm Heart (FR)","102.9382","42.2302","23.2926","13.2954","11.2364","4.8589","0.0000","0.0000","0.0000","0.0000","13.9761","0.0000","0.0000","2.1747","0.0000","4.3333","218.3359","1.10","Hurdle","Townend, P","Mullins, W P","7","1","6","2m ","5yo+","19912","0","G3",
"2026-02-14","1.20.","Gowran Park","3rd","Farren Glory (IRE)","105.1748","37.9897","15.2706","14.3810","6.0143","3.9498","3.3206","2.7590","3.7533","2.0738","0.0000","0.0000","0.0000","1.8337","0.0000","4.6380","201.1584","8.00","Hurdle","Kennedy, J W","Elliott, Gordon","7","3","9","2m ","5yo+","19912","0","G3",
"2026-02-14","1.20.","Gowran Park","6th","Yeah Man (IRE)","72.0500","46.5246","30.5550","13.0362","7.9131","6.0008","5.2077","2.5974","2.4664","2.9550","0.0000","0.0000","0.0000","1.1647","0.0000","1.8815","192.3523","40.00","Hurdle","Buckley, Kieran","Cromwell, Gavin Patrick","7","6","9","2m ","5yo+","19912","0","G3",
"2026-02-14","1.20.","Gowran Park","2nd","Workahead (IRE)","94.6631","31.0362","17.3559","8.9722","0.0000","0.0000","0.0000","0.0000","0.0000","0.0000","23.6493","0.0000","0.0000","0.9335","0.0000","3.5833","180.1936","8.00","Hurdle","OKeeffe, Darragh","Bromhead, Henry De","7","2","8","2m ","5yo+","19912","0","G3",
"2026-02-14","1.20.","Gowran Park","5th","Kel Histoire (FR)","76.3898","33.6807","22.6472","9.1550","0.0000","0.0000","0.0000","0.0000","0.0000","0.0000","24.4558","0.0000","0.0000","2.0914","0.0000","4.2500","172.6698","20.00","Hurdle","Torrens, Simon","Mullins, W P","7","5","6","2m ","5yo+","19912","0","G3",
"2026-02-14","1.20.","Gowran Park","4th","Kawaboomga (FR)","62.3700","29.4368","0.0000","0.0000","0.0000","0.0000","0.0000","0.0000","0.0000","0.0000","44.9165","0.0000","0.0000","2.3414","0.0000","7.5000","146.5646","1.50","Hurdle","Walsh, M P","Mullins, W P","7","4","6","2m ","5yo+","19912","0","G3",
"2026-02-14","1.20.","Gowran Park","7th","Lisnagar Fortune (IRE)","43.9734","47.8442","10.5580","11.6629","4.2276","2.4124","3.6353","2.4851","1.7418","1.5626","0.0000","0.0000","0.0000","0.1818","0.0000","2.9040","133.1891","150.00","Hurdle","Harvey, A","McConnell, John C","7","7","8","2m ","5yo+","19912","0","G3",
"2026-02-14","1.25.","Lingfield","2nd","Al Azd (IRE)","74.9329","26.9740","10.4450","0.0000","0.0000","0.0000","0.0000","0.0000","0.0000","0.0000","27.4110","0.0000","0.0000","1.1155","0.0000","0.6666","141.5450","0.30","Maiden","Mitchell, Jack","Varian, Roger","5","2","3","1m2f ","3yo","6480","3",,
"2026-02-14","1.25.","Lingfield","4th","Dors Dazzler","59.9471","24.0343","0.0000","0.0000","0.0000","0.0000","0.0000","0.0000","0.0000","0.0000","39.8448","0.0000","0.0000","0.5070","0.0000","1.5000","125.8332","150.00","Maiden","Egan, John","Ivory, D K","5","4","3","1m2f ","3yo","6480","3",,
"2026-02-14","1.25.","Lingfield","3rd","Kindly Queen (IRE)","65.9304","18.5731","0.0000","0.0000","0.0000","0.0000","0.0000","0.0000","0.0000","0.0000","37.6822","0.0000","0.0000","0.8466","0.0000","0.5000","123.5323","18.00","Maiden","Crouch, Hector","Beckett, R M","5","3","3","1m2f ","3yo","6480","3",,
"2026-02-14","1.25.","Lingfield","5th","Virtue Chastity","52.4486","25.3628","0.0000","0.0000","0.0000","0.0000","0.0000","0.0000","0.0000","0.0000","38.2469","0.0000","0.0000","0.6658","0.0000","0.4000","117.1241","66.00","Maiden","Hornby, Rob","Perrett, Mrs A J","5","5","3","1m2f ","3yo","6480","3",,
"2026-02-14","1.25.","Lingfield","1st","Into The Light","0.0000","0.0000","0.0000","0.0000","0.0000","0.0000","0.0000","0.0000","0.0000","0.0000","0.0000","0.0000","0.0000","3.1518","0.0000","0.2000","3.3518","2.75","Maiden","Planas, Connor","Appleby, Charlie","5","1","3","1m2f ","3yo","6480","3",,
"2026-02-14","1.28.","Haydock","F","Throatlash (IRE)","104.5000","48.9159","24.3390","7.6798","4.9676","4.6699","0.0000","0.0000","0.0000","0.0000","11.9018","0.0000","0.0000","1.0754","0.0000","15.2166","223.2659","1.50","Handicap Chase","Hughes, Brian","McCain Jnr, D","11","0","7","2m4f ","5yo+","9770","3",,
"2026-02-14","1.28.","Haydock","3rd","Bythesametoken (IRE)","114.5620","27.5580","15.8981","8.3081","5.8580","3.7471","3.0484","2.2841","2.0218","2.0880","0.0000","0.0000","0.0000","0.6240","0.0000","3.2620","189.2598","40.00","Handicap Chase","Meyler, D","OSullivan, Ross","11","3","12","2m4f ","5yo+","9770","3",,
"2026-02-14","1.28.","Haydock","1st","The Bluesman (FR)","90.0762","44.7948","12.5463","11.4716","5.8791","4.3723","0.0000","0.0000","0.0000","0.0000","10.8864","0.0000","0.0000","2.1101","0.0000","7.0166","189.1535","1.75","Handicap Chase","Bowen, Sean P","Murphy, Olly","11","1","7","2m4f ","5yo+","9770","3",,
"2026-02-14","1.28.","Haydock","PU","Twoshotsoftequila (IRE)","84.3750","34.8975","12.2300","10.9104","7.3176","5.7431","2.3925","1.7657","2.2838","1.9368","0.0000","0.0000","0.0000","0.9291","0.0000","3.4328","168.2143","25.00","Handicap Chase","Moscrop, Nathan","Menzies, Rebecca","11","0","9","2m4f ","5yo+","9770","3",,
"2026-02-14","1.28.","Haydock","PU","Nells Son","65.4950","37.7136","22.5340","9.4260","7.1213","7.4640","5.7113","1.8293","2.5740","1.9611","0.0000","0.0000","0.0000","1.2916","0.0000","2.5690","165.6901","18.00","Handicap Chase","McMenamin, Daniel","Richards, N G","11","0","11","2m4f ","5yo+","9770","3",,
"2026-02-14","1.28.","Haydock","8th","Gentleman Bill (IRE)","58.1600","39.5165","13.0708","11.0372","4.7372","5.1522","3.8895","3.0930","2.3211","1.6861","0.0000","0.0000","0.0000","0.9869","0.0000","5.2545","148.9049","18.00","Handicap Chase","Nichol, Craig","Greenall, O / Guerriero, J","11","8","8","2m4f ","5yo+","9770","3",,
"2026-02-14","1.28.","Haydock","4th","Taras Halls (IRE)","55.4000","38.5543","12.9230","14.5746","5.0360","3.1140","1.9612","2.9400","1.7228","1.6974","0.0000","0.0000","0.0000","0.7707","0.0000","6.0755","144.7695","18.00","Handicap Chase","Bewley, Callum","Smith, Mrs S J / Parkinson, J","11","4","8","2m4f ","5yo+","9770","3",,
"2026-02-14","1.28.","Haydock","5th","Cerendipity (IRE)","53.2750","28.0800","15.5624","12.8458","6.6066","5.6624","6.0754","2.2390","2.0812","2.0879","0.0000","0.0000","0.0000","0.8196","0.0000","4.0096","139.3447","7.50","Handicap Chase","Sheehan, Gavin","Smith, Mrs S J / Parkinson, J","11","5","9","2m4f ","5yo+","9770","3",,
"2026-02-14","1.28.","Haydock","6th","Anyharminasking (IRE)","58.4186","24.0503","17.5671","9.2618","10.4236","4.8049","2.7937","1.5457","1.8947","2.2243","0.0000","0.0000","0.0000","1.6167","0.0000","3.3775","137.9788","14.00","Handicap Chase","ONeill, Jonjo (Jr)","ONeill, Jonjo and AJ","11","6","9","2m4f ","5yo+","9770","3",,
"2026-02-14","1.28.","Haydock","7th","Harsh","57.3500","29.7760","15.2596","9.7186","6.5027","2.9146","5.1012","2.0956","1.5750","1.2558","0.0000","0.0000","0.0000","0.5112","0.0000","2.6631","134.7234","40.00","Handicap Chase","Bowen, James C","Bowen, Mickey","11","7","6","2m4f ","5yo+","9770","3",,
"2026-02-14","1.28.","Haydock","2nd","Western Zephyr (IRE)","54.8380","22.4852","10.1330","14.1802","8.5350","3.2990","2.5551","1.4808","1.1895","1.9338","0.0000","0.0000","0.0000","0.5112","0.0000","2.8582","123.9990","33.00","Handicap Chase","Fenelon, S","Bowen, Mickey","11","2","9","2m4f ","5yo+","9770","3",,
"2026-02-14","1.35.","Wincanton","2nd","Rubaud (FR)","110.2555","67.2741","32.6938","11.5147","10.1551","11.4362","4.7847","2.6392","3.5039","3.0717","0.0000","0.0000","0.0000","2.9111","0.0000","10.4436","270.6836","3.00","Hurdle","Twiston-Davies, Sam","Nicholls, P F","4","2","8","1m7.5f ","4yo+","41608","1","G2",
"2026-02-14","1.35.","Wincanton","1st","Alexei (GER)","114.2773","58.8492","30.4650","14.8101","4.8159","4.7689","4.5708","3.0174","0.0000","0.0000","5.1659","0.0000","0.0000","1.8690","0.0000","4.8000","247.4095","0.50","Hurdle","Powell, Brendan","Tizzard, Joe","4","1","6","1m7.5f ","4yo+","41608","1","G2",
"2026-02-14","1.35.","Wincanton","3rd","Secret Squirrel","54.8488","40.9725","13.2006","11.1054","7.8774","6.2251","3.3973","2.6131","1.6860","2.0315","0.0000","0.0000","0.0000","1.5854","0.0000","4.4455","149.9886","6.00","Hurdle","OBrien, P V","Morrison, H","4","3","7","1m7.5f ","4yo+","41608","1","G2",
"2026-02-14","1.35.","Wincanton","4th","Intellotto (IRE)","43.7926","23.6766","27.7279","11.1209","7.1017","4.3804","2.5318","2.5853","1.9914","1.8777","0.0000","0.0000","0.0000","0.7348","0.0000","3.0250","130.5460","50.00","Hurdle","David, Robbie","Hitchins, Daisy","4","4","6","1m7.5f ","4yo+","41608","1","G2",
"2026-02-14","1.50.","Ascot","1st","The Jukebox Kid (IRE)","113.9000","34.7555","27.2430","8.5377","10.3762","0.0000","0.0000","0.0000","0.0000","0.0000","21.0118","0.0000","0.0000","1.7501","0.0000","14.2000","231.7743","0.44","Novices Chase","Jones, Ben R","Pauling, Ben","3","1","7","3m ","5yo+","42712","1","G2",
"2026-02-14","1.50.","Ascot","2nd","Western Knight (IRE)","114.2460","50.5135","12.7562","13.2535","6.4088","7.2111","5.5550","2.9870","0.8416","1.6358","0.0000","0.0000","0.0000","1.8503","0.0000","8.5333","225.7921","4.50","Novices Chase","Cobden, Harry","Tizzard, Joe","3","2","7","3m ","5yo+","42712","1","G2",
"2026-02-14","1.50.","Ascot","3rd","Crest Of Fortune","72.1441","41.0845","25.5760","19.3949","9.4177","6.2508","3.9642","2.5526","2.0715","2.0104","0.0000","0.0000","0.0000","1.5256","0.0000","2.8863","188.8786","4.50","Novices Chase","Dingle, Rex","Honeyball, A J","3","3","6","3m ","5yo+","42712","1","G2",
"2026-02-14","1.55.","Gowran Park","4th","Bally Free (IRE)","91.7809","35.9298","0.0000","0.0000","0.0000","0.0000","0.0000","0.0000","0.0000","0.0000","60.3262","0.0000","0.0000","2.0004","0.0000","4.0000","194.0373","0.83","Novices Hurdle","Kennedy, J W","Elliott, Gordon","5","4","6","2m7f ","5yo+","18584","0","G3",
"2026-02-14","1.55.","Gowran Park","5th","Walks The Talk (IRE)","88.1375","40.3729","24.0191","12.6219","4.7398","4.7023","3.1437","0.0000","0.0000","0.0000","7.0117","0.0000","0.0000","0.4675","0.0000","3.4571","188.6735","5.50","Novices Hurdle","Harvey, A","McConnell, John C","5","5","7","2m7f ","5yo+","18584","0","G3",
"2026-02-14","1.55.","Gowran Park","3rd","Timesareachanging (IRE)","91.8630","23.4125","0.0000","0.0000","0.0000","0.0000","0.0000","0.0000","0.0000","0.0000","50.5776","0.0000","0.0000","1.1321","0.0000","3.5000","170.4851","5.00","Novices Hurdle","Donovan, Philip","Slattery, Andrew","5","3","7","2m7f ","5yo+","18584","0","G3",
"2026-02-14","1.55.","Gowran Park","1st","Lord Rouge (FR)","71.3757","35.3638","0.0000","0.0000","0.0000","0.0000","0.0000","0.0000","0.0000","0.0000","52.7116","0.0000","0.0000","2.0004","0.0000","4.5000","165.9515","4.50","Novices Hurdle","Gilligan, D J","Elliott, Gordon","5","1","5","2m7f ","5yo+","18584","0","G3",
"2026-02-14","1.55.","Gowran Park","2nd","Changeyourstars (IRE)","90.0601","30.3817","11.2469","4.6201","0.0000","0.0000","0.0000","0.0000","0.0000","0.0000","18.8441","0.0000","0.0000","0.4500","0.0000","3.2000","158.8030","10.00","Novices Hurdle","Enright, P T","King, James Kieran","5","2","6","2m7f ","5yo+","18584","0","G3",
"2026-02-14","2.00.","Lingfield","1st","Thecoffeepoddotco","70.3250","34.6950","15.1075","12.3243","7.0573","5.5114","3.6305","2.0071","1.0989","1.3950","0.0000","0.0000","0.0000","1.0268","0.0000","7.0447","161.2235","2.50","Handicap","Leavy, Joe","Hannon (Jnr), Richard","9","1","4","5f ","4yo+","4329","5",,
"2026-02-14","2.00.","Lingfield","5th","Beaumadier (IRE)","65.1250","31.4910","10.5100","10.2769","5.3855","5.2244","4.2508","2.9006","1.7768","1.6960","0.0000","0.0000","0.0000","0.6208","0.0000","3.4707","142.7285","6.50","Handicap","Whiteley, C J","Loughnane, Daniel Mark","9","5","6","5f ","4yo+","4329","5",,
"2026-02-14","2.00.","Lingfield","6th","Micks Spirit","59.7550","38.8800","14.6879","5.8601","4.2939","5.2937","4.3576","1.4590","1.0734","1.2940","0.0000","0.0000","0.0000","0.5950","0.0000","4.6630","142.2126","12.00","Handicap","Keenan, Darragh","Allen, C N","9","6","8","5f ","4yo+","4329","5",,
"2026-02-14","2.00.","Lingfield","2nd","Cayman Tai (IRE)","54.6050","24.1631","16.9332","9.9164","4.9983","4.5664","2.7324","3.1312","1.9929","1.7848","0.0000","0.0000","0.0000","1.0189","0.0000","2.1352","127.9779","4.00","Handicap","Levey, S M","Hannon (Jnr), Richard","9","2","4","5f ","4yo+","4329","5",,
"2026-02-14","2.00.","Lingfield","3rd","Mc Loven","46.1233","30.8431","11.0152","10.0524","7.5270","3.9124","3.9739","2.4972","1.3620","1.5212","0.0000","0.0000","0.0000","0.6771","0.0000","3.7657","123.2706","3.00","Handicap","Bradley, Paddy","Dow, S","9","3","5","5f ","4yo+","4329","5",,
"2026-02-14","2.00.","Lingfield","6th","Distant Rumble","51.4157","23.8849","15.1380","6.8890","5.9491","4.5061","4.5207","3.2346","1.2155","1.3088","0.0000","0.0000","0.0000","0.5191","0.0000","1.4500","120.0314","8.00","Handicap","Fallon, Cieren","Teal, R A","9","6","4","5f ","4yo+","4329","5",,
"2026-02-14","2.00.","Lingfield","4th","Sandscreendeliverd","39.4333","37.1736","16.8564","6.5404","4.0104","5.4952","2.9676","1.2685","1.5174","1.6157","0.0000","0.0000","0.0000","0.5487","0.0000","2.0500","119.4773","25.00","Handicap","Queally, T P","Crate, Peter","9","4","4","5f ","4yo+","4329","5",,
"2026-02-14","2.00.","Lingfield","8th","Honour Your Dreams (FR)","60.3050","18.0832","10.6665","5.7666","4.0883","3.4724","3.0666","1.7303","2.6709","1.3162","0.0000","0.0000","0.0000","0.6317","0.0000","4.9303","116.7280","16.00","Handicap","Fox, Kieren","Attwater, M J","9","8","6","5f ","4yo+","4329","5",,
"2026-02-14","2.00.","Lingfield","9th","Manhattan Chute (IRE)","40.8400","34.4250","10.3462","6.6141","4.0787","3.7694","2.6584","2.2008","1.7746","1.5353","0.0000","0.0000","0.0000","0.8327","0.0000","5.0793","114.1545","66.00","Handicap","Mangan, Gina","Best, Jim/Suzi","9","9","4","5f ","4yo+","4329","5",,
"2026-02-14","2.05.","Haydock","3rd","Lavida Adiva (IRE)","102.3124","59.8565","20.8164","12.1308","9.8003","9.8572","4.1851","3.0741","2.2748","1.5551","0.0000","0.0000","0.0000","0.9936","0.0000","4.6430","231.4993","14.00","Hurdle","Hughes, Brian","Jefferson, Ruth","5","3","7","3m.5f ","5yo+","34170","1","G2",
"2026-02-14","2.05.","Haydock","2nd","Henri The Second (FR)","134.3000","43.3292","13.2206","9.2862","8.7585","7.3980","3.6112","1.5152","1.6346","2.0952","0.0000","0.0000","0.0000","2.5032","0.0000","2.8304","230.4824","5.00","Hurdle","Gingell, Frederick","Nicholls, P F","5","2","9","3m.5f ","5yo+","34170","1","G2",
"2026-02-14","2.05.","Haydock","1st","Ludor (FR)","108.7250","45.9378","29.5770","11.3118","7.6849","5.5093","3.4427","2.7267","0.0000","0.0000","4.8150","0.0000","0.0000","1.0770","0.0000","4.6857","225.4928","1.38","Hurdle","Sheehan, Gavin","Symonds, Tom","5","1","6","3m.5f ","5yo+","34170","1","G2",
"2026-02-14","2.05.","Haydock","UR","French Ship","89.2430","55.0530","27.5550","9.3972","7.7443","4.3242","4.0628","2.7347","2.2765","1.4907","0.0000","0.0000","0.0000","1.6744","0.0000","8.5167","214.0725","2.50","Hurdle","Williams, Lorcan","Hobbs, P J / White, J","5","0","6","3m.5f ","5yo+","34170","1","G2",
"2026-02-14","2.05.","Haydock","4th","Beauport (IRE)","82.1274","43.2810","20.0349","16.3885","10.0296","7.5540","3.0247","4.0140","1.6140","2.4312","0.0000","0.0000","0.0000","1.3863","0.0000","3.9742","195.8598","6.00","Hurdle","McCain-Mitchell, Toby","Twiston-Davies, N A","5","4","10","3m.5f ","5yo+","34170","1","G2",
"2026-02-14","2.11.","Wincanton","2nd","Marhaba Prince","68.0765","25.4162","16.2934","9.2218","0.0000","0.0000","0.0000","0.0000","0.0000","0.0000","20.2852","0.0000","0.0000","1.2200","0.0000","11.7500","152.2631","0.91","Maiden Hurdle","Twiston-Davies, Sam","Honeyball, A J","10","2","5","1m7.5f ","4yo+","5281","4",,
"2026-02-14","2.11.","Wincanton","1st","Caballero Cliff","47.1284","24.6686","31.8953","11.4620","5.3062","0.0000","0.0000","0.0000","0.0000","0.0000","16.3706","0.0000","0.0000","1.0287","0.0000","0.4000","138.2599","3.00","Maiden Hurdle","Dunne, R T","Stephens, Robert","10","1","5","1m7.5f ","4yo+","5281","4",,
"2026-02-14","2.11.","Wincanton","3rd","The Egyptian Ginge (IRE)","46.6893","31.0765","15.6614","9.0669","6.4009","2.0826","0.0000","0.0000","0.0000","0.0000","8.3317","0.0000","0.0000","1.2691","0.0000","0.3334","120.9118","3.33","Maiden Hurdle","Neild, Jamie","Twiston-Davies, N A","10","3","5","1m7.5f ","4yo+","5281","4",,
"2026-02-14","2.11.","Wincanton","6th","Full Force Gale (IRE)","40.0280","30.2036","0.0000","0.0000","0.0000","0.0000","0.0000","0.0000","0.0000","0.0000","37.6622","0.0000","0.0000","1.2788","0.0000","3.5000","112.6726","6.00","Maiden Hurdle","Deutsch, Charlie","George, T R","10","6","6","1m7.5f ","4yo+","5281","4",,
"2026-02-14","2.11.","Wincanton","10th","Richforadaay","50.1981","20.1705","0.0000","0.0000","0.0000","0.0000","0.0000","0.0000","0.0000","0.0000","33.4000","0.0000","0.0000","0.0000","0.0000","0.0000","103.7685","125.00","Maiden Hurdle","Carver, Bryan","Chanin, I","10","10","6","1m7.5f ","4yo+","5281","4",,
"2026-02-14","2.11.","Wincanton","5th","King Sacre (FR)","44.6926","24.0998","10.5869","5.7868","0.0000","0.0000","0.0000","0.0000","0.0000","0.0000","14.4683","0.0000","0.0000","0.5137","0.0000","0.0000","100.1480","50.00","Maiden Hurdle","Best, J A","Hawke, N J","10","5","6","1m7.5f ","4yo+","5281","4",,
"2026-02-14","2.11.","Wincanton","9th","Cue Jump","44.7797","19.8919","0.0000","0.0000","0.0000","0.0000","0.0000","0.0000","0.0000","0.0000","31.2779","0.0000","0.0000","1.4287","0.0000","0.7000","98.0782","80.00","Maiden Hurdle","Kimber, Harry","Woollacott, Mrs Kayley","10","9","6","1m7.5f ","4yo+","5281","4",,
"2026-02-14","2.11.","Wincanton","7th","Gilded Glance","44.5619","0.0000","0.0000","0.0000","0.0000","0.0000","0.0000","0.0000","0.0000","0.0000","50.3772","0.0000","0.0000","0.6936","0.0000","0.7000","96.3327","80.00","Maiden Hurdle","Gethings, Ciaran","Williams, Mrs Jane","10","7","6","1m7.5f ","4yo+","5281","4",,
"2026-02-14","2.11.","Wincanton","8th","Mistress Fox","48.2355","17.2194","11.7792","4.4191","2.2599","0.0000","0.0000","0.0000","0.0000","0.0000","8.4669","0.0000","0.0000","1.3834","0.0000","0.7000","94.4634","125.00","Maiden Hurdle","Harris, Bradley","Mulholland, N P","10","8","6","1m7.5f ","4yo+","5281","4",,
"2026-02-14","2.11.","Wincanton","4th","Dunaden Island","0.0000","0.0000","0.0000","0.0000","0.0000","0.0000","0.0000","0.0000","0.0000","0.0000","0.0000","0.0000","0.0000","0.0000","0.0000","0.7000","0.7000","125.00","Maiden Hurdle","Corcoran, Rian","Chanin, I","10","4","8","1m7.5f ","4yo+","5281","4",,
"2026-02-14","2.25.","Ascot","7th","Listentoyourheart (IRE)","120.7380","41.3593","19.9799","8.2278","10.1178","5.6364","6.0584","3.6620","2.2320","2.5746","0.0000","0.0000","0.0000","1.8330","0.0000","4.9871","227.4062","6.50","Handicap Hurdle","Durrell, Tristan","Skelton, Daniel","15","7","7","2m3.5f ","4yo+","26015","2",,
"2026-02-14","2.25.","Ascot","2nd","John Barbour","110.2320","38.1211","24.9300","9.7116","5.0198","5.3555","5.5741","3.0259","1.4160","1.7795","0.0000","0.0000","0.0000","1.5487","0.0000","5.0726","211.7867","7.50","Handicap Hurdle","Burke, Jonathan","OBrien, Fergal","15","2","7","2m3.5f ","4yo+","26015","2",,
"2026-02-14","2.25.","Ascot","8th","Act Of Authority (FR)","96.5844","41.6900","22.2508","13.5471","10.8277","5.1332","4.1843","3.3960","2.5132","1.6947","0.0000","0.0000","0.0000","1.7300","0.0000","3.3502","206.9017","9.00","Handicap Hurdle","Saunders, Lewis","Murphy, Olly","15","8","8","2m3.5f ","4yo+","26015","2",,
"2026-02-14","2.25.","Ascot","PU","Range (IRE)","110.4900","28.8097","14.0168","10.4976","5.0407","5.1881","3.7489","1.6910","2.5605","1.3671","0.0000","0.0000","0.0000","1.8240","0.0000","5.0312","190.2656","7.00","Handicap Hurdle","Jones, Ben R","Thomas, Sam","15","0","9","2m3.5f ","4yo+","26015","2",,
"2026-02-14","2.25.","Ascot","9th","Kateira","66.8700","37.3632","24.6800","19.5405","9.3696","6.7286","6.1123","2.6838","3.1072","2.2476","0.0000","0.0000","0.0000","1.8373","0.0000","3.5001","184.0403","16.00","Handicap Hurdle","Boinville, Nico","Skelton, Daniel","15","9","9","2m3.5f ","4yo+","26015","2",,
"2026-02-14","2.25.","Ascot","4th","Moveit Like Minnie (IRE)","89.8150","24.5311","15.1514","14.4366","8.0962","5.9994","3.4229","2.8106","2.1614","1.9585","0.0000","0.0000","0.0000","1.2856","0.0000","7.0088","176.6774","12.00","Handicap Hurdle","Bellamy, Tom","Twiston-Davies, N A","15","4","9","2m3.5f ","4yo+","26015","2",,
"2026-02-14","2.25.","Ascot","10th","Rambo T (IRE)","75.2537","27.0738","30.2355","11.7768","10.5680","2.9673","5.1054","2.2155","2.5830","2.1611","0.0000","0.0000","0.0000","1.7855","0.0000","3.8331","175.5586","80.00","Handicap Hurdle","Brogan, Kevin","Murphy, Olly","15","10","9","2m3.5f ","4yo+","26015","2",,
"2026-02-14","2.25.","Ascot","12th","Kamaxos (FR)","87.1200","32.4567","24.2550","7.6212","5.0235","5.6616","2.6782","1.7386","1.2829","2.3582","0.0000","0.0000","0.0000","0.7080","0.0000","4.6227","175.5265","22.00","Handicap Hurdle","Pinchin, Lilly","Longsdon, C E","15","12","9","2m3.5f ","4yo+","26015","2",,
"2026-02-14","2.25.","Ascot","6th","Captain Teague (IRE)","65.4000","30.5420","23.4259","9.1630","12.5037","7.9320","6.9854","4.6108","1.8266","0.0000","2.5486","0.0000","0.0000","2.8018","0.0000","5.0554","172.7953","8.50","Handicap Hurdle","Cobden, Harry","Nicholls, P F","15","6","8","2m3.5f ","4yo+","26015","2",,
"2026-02-14","2.25.","Ascot","13th","Lightningupourdays","86.4740","28.4670","19.1062","8.5519","4.4862","3.3640","3.2268","1.5905","0.0000","0.0000","3.3033","0.0000","0.0000","1.0120","0.0000","4.2750","163.8570","4.00","Handicap Hurdle","Hogan, Jack","Ralph, Alastair","15","13","7","2m3.5f ","4yo+","26015","2",,
"2026-02-14","2.25.","Ascot","1st","Fiercely Proud (IRE)","57.8264","47.3875","15.3860","7.8094","10.0650","5.6125","3.1637","2.9999","2.7112","2.2565","0.0000","0.0000","0.0000","1.4168","0.0000","5.1457","161.7805","8.00","Handicap Hurdle","Woods, K K","Pauling, Ben","15","1","7","2m3.5f ","4yo+","26015","2",,
"2026-02-14","2.25.","Ascot","3rd","De Temps En Temps (IRE)","60.4545","25.1518","29.6176","14.3838","7.1866","5.3251","4.8633","2.9009","1.8221","2.0187","0.0000","0.0000","0.0000","0.9183","0.0000","4.8500","159.4926","25.00","Handicap Hurdle","Keighley, Freddie","Keighley, M","15","3","7","2m3.5f ","4yo+","26015","2",,
"2026-02-14","2.25.","Ascot","11th","Jurancon (FR)","59.6234","24.4310","26.3580","12.5724","6.1635","5.4470","4.0490","2.4087","1.7537","1.7457","0.0000","0.0000","0.0000","1.6702","0.0000","5.8000","152.0227","10.00","Handicap Hurdle","Tudor, Jack","Pipe, D E","15","11","7","2m3.5f ","4yo+","26015","2",,
"2026-02-14","2.25.","Ascot","PU","Hurricane Bay","61.8500","26.6505","17.1182","15.7872","5.2994","8.2058","2.7847","1.7330","1.4039","2.2417","0.0000","0.0000","0.0000","1.2934","0.0000","5.2667","149.6345","80.00","Handicap Hurdle","Cannon, Tom J","Wadham, Mrs L","15","0","10","2m3.5f ","4yo+","26015","2",,
"2026-02-14","2.25.","Ascot","5th","No Ordinary Joe (IRE)","49.4000","21.6520","12.9026","9.0030","5.7733","4.7517","4.1983","2.4652","1.3776","1.6778","0.0000","0.0000","0.0000","0.8014","0.0000","3.5668","117.5697","18.00","Handicap Hurdle","Macey, Benjamin","Bramley, Faye","15","5","10","2m3.5f ","4yo+","26015","2",,
"2026-02-14","2.30.","Gowran Park","7th","The King Of Prs (IRE)","99.7050","35.9102","20.6860","9.1405","9.2867","7.3825","3.3651","4.1190","2.4305","2.3698","0.0000","0.0000","0.0000","1.2629","0.0000","2.5951","198.2534","8.50","Handicap Hurdle","Donoghue, K M","Cromwell, Gavin Patrick","14","7","8","2m4f ","4yo+","7965","0",,
"2026-02-14","2.30.","Gowran Park","1st","Grimaud (FR)","68.0700","39.2269","25.4004","16.4387","6.8677","6.2718","3.1303","2.6433","2.4240","2.5821","0.0000","0.0000","0.0000","1.5773","0.0000","5.9537","180.5861","4.00","Handicap Hurdle","Williamson, Josh","Elliott, Gordon","14","1","6","2m4f ","4yo+","7965","0",,
"2026-02-14","2.30.","Gowran Park","11th","Themanintheanorak (IRE)","89.4000","34.3735","21.6503","7.9289","5.5202","2.4959","4.3169","0.0000","0.0000","0.0000","6.2916","0.0000","0.0000","0.8210","0.0000","6.5213","179.3197","3.00","Handicap Hurdle","Kenneally, Michael","OSullivan, Eugene M","14","11","6","2m4f ","4yo+","7965","0",,
"2026-02-14","2.30.","Gowran Park","13th","Quest With Speed (IRE)","75.2960","48.5163","15.4650","10.7096","4.9996","7.3536","2.8915","2.0933","0.9828","1.6060","0.0000","0.0000","0.0000","0.3499","0.0000","2.6607","172.9244","11.00","Handicap Hurdle","Gainford, Jordan","Hanlon, John Joseph","14","13","9","2m4f ","4yo+","7965","0",,
"2026-02-14","2.30.","Gowran Park","3rd","Grandero Bello (FR)","82.6990","29.2814","16.3410","8.9813","6.0492","6.9660","3.1280","3.8191","2.5141","1.8243","0.0000","0.0000","0.0000","0.4731","0.0000","7.9353","170.0119","9.00","Handicap Hurdle","Buckley, Kieran","Harty, Edward and Patrick","14","3","10","2m4f ","4yo+","7965","0",,
"2026-02-14","2.30.","Gowran Park","2nd","Krabat (IRE)","61.9700","49.7808","16.5858","6.9479","5.4277","6.0002","2.5896","3.0418","2.2286","1.7671","0.0000","0.0000","0.0000","0.1713","0.0000","4.2993","160.8101","5.50","Handicap Hurdle","Quirke, Cian","McDonagh, Michael J","14","2","11","2m4f ","4yo+","7965","0",,
"2026-02-14","2.30.","Gowran Park","12th","Teed Up (IRE)","71.0971","27.9338","25.7346","6.5609","10.2214","7.5293","2.7349","1.3572","1.3108","1.2254","0.0000","0.0000","0.0000","0.9690","0.0000","2.0432","158.7178","28.00","Handicap Hurdle","Doyle, R A","Mullins, Emmet","14","12","9","2m4f ","4yo+","7965","0",,
"2026-02-14","2.30.","Gowran Park","4th","Brideswell Lad (IRE)","43.8500","43.0650","20.8812","15.0412","4.6208","2.5164","3.0282","2.7420","2.1139","1.2023","0.0000","0.0000","0.0000","0.4774","0.0000","4.3639","143.9024","50.00","Handicap Hurdle","Slevin, J J","Neville, Seamus","14","4","10","2m4f ","4yo+","7965","0",,
"2026-02-14","2.30.","Gowran Park","8th","Miss Corby (IRE)","71.8816","31.9957","14.7415","4.7397","3.1882","3.4679","0.0000","0.0000","0.0000","0.0000","7.8224","0.0000","0.0000","0.3542","0.0000","3.3669","141.5580","20.00","Handicap Hurdle","Swan, H C","Morris, M F","14","8","6","2m4f ","4yo+","7965","0",,
"2026-02-14","2.30.","Gowran Park","10th","Jacovec Cavern","41.6920","32.7511","21.6268","8.0300","4.7914","5.7696","5.1034","2.0346","1.6344","2.2443","0.0000","0.0000","0.0000","1.1984","0.0000","7.2425","134.1184","6.50","Handicap Hurdle","Condon, R J","Hennessy, Paul","14","10","7","2m4f ","4yo+","7965","0",,
"2026-02-14","2.30.","Gowran Park","PU","Laxxio","57.4090","29.8752","12.4465","0.0000","0.0000","0.0000","0.0000","0.0000","0.0000","0.0000","26.9345","0.0000","0.0000","0.3040","0.0000","2.1666","129.1358","8.50","Handicap Hurdle","Mullins, D E","Mullins, Anthony","14","0","5","2m4f ","4yo+","7965","0",,
"2026-02-14","2.30.","Gowran Park","9th","Must Go Now (IRE)","47.8450","21.4944","23.5286","7.9615","6.3263","5.4900","2.1205","2.0014","1.0583","1.7550","0.0000","0.0000","0.0000","0.1825","0.0000","3.1369","122.9003","20.00","Handicap Hurdle","Walsh, E","Cawley, Edward","14","9","9","2m4f ","4yo+","7965","0",,
"2026-02-14","2.30.","Gowran Park","5th","Whatsavailable (IRE)","45.9609","19.4465","12.7498","10.1652","5.3705","6.1483","2.7960","2.7810","1.3915","1.0593","0.0000","0.0000","0.0000","0.2732","0.0000","3.2253","111.3674","33.00","Handicap Hurdle","Brouder, Gavin","Morris, M F","14","5","9","2m4f ","4yo+","7965","0",,
"2026-02-14","2.30.","Gowran Park","6th","Ossifer Hops (IRE)","39.3520","19.9877","12.4670","5.7849","6.4066","3.6134","2.9941","1.4301","1.2725","1.6971","0.0000","0.0000","0.0000","0.1131","0.0000","3.6449","98.7635","125.00","Handicap Hurdle","OSullivan, Ethan","Crowley, Bernard Martin","14","6","8","2m4f ","4yo+","7965","0",,
"2026-02-14","2.35.","Lingfield","4th","Elouises Prince (IRE)","84.6000","19.2285","11.1662","6.9595","4.9838","4.3171","3.4856","1.9736","1.9756","1.9712","0.0000","0.0000","0.0000","0.8231","0.0000","8.5375","150.0218","3.00","Handicap","Fernandes, Jude","Dace, L A","8","4","4","1m ","4yo+","4397","5",,
"2026-02-14","2.35.","Lingfield","3rd","Way To Dubai (IRE)","60.9650","34.8750","14.2325","10.9508","6.0807","5.4629","3.7162","2.5445","2.0106","1.7792","0.0000","0.0000","0.0000","1.0626","0.0000","3.0478","146.7278","2.00","Handicap","Davies, Harry","Appleby, M","8","3","7","1m ","4yo+","4397","5",,
"2026-02-14","2.35.","Lingfield","5th","Pitney (IRE)","59.9000","23.4990","14.7833","10.3455","6.4937","4.1376","3.3650","1.7543","1.4829","1.3756","0.0000","0.0000","0.0000","0.6317","0.0000","2.5188","130.2873","5.00","Handicap","Carson, William","Attwater, M J","8","5","5","1m ","4yo+","4397","5",,
"2026-02-14","2.35.","Lingfield","1st","Union Island (IRE)","60.2550","22.2462","11.1576","8.6334","4.3691","5.7187","4.2156","2.8778","1.5988","1.2554","0.0000","0.0000","0.0000","1.0864","0.0000","4.2240","127.6381","7.50","Handicap","Bowen, S D","Johnston, Charlie","8","1","5","1m ","4yo+","4397","5",,
"2026-02-14","2.35.","Lingfield","2nd","Gennadius","46.6250","26.7030","21.6315","8.4174","5.6198","4.1326","3.5753","2.5957","1.8543","2.1732","0.0000","0.0000","0.0000","1.0268","0.0000","2.9669","127.3216","3.50","Handicap","Levey, S M","Hannon (Jnr), Richard","8","2","4","1m ","4yo+","4397","5",,
"2026-02-14","2.35.","Lingfield","7th","Dakota Power","49.1722","23.2394","14.9896","9.5418","3.6759","3.5930","1.9903","2.2864","1.5155","1.7349","0.0000","0.0000","0.0000","0.4975","0.0000","2.5400","114.7766","25.00","Handicap","Lewis, Owen","Teal, R A","8","7","7","1m ","4yo+","4397","5",,
"2026-02-14","2.35.","Lingfield","8th","Dalmally","43.5712","17.3729","18.3625","8.1713","6.3097","3.7964","3.6412","2.6106","1.7697","1.6346","0.0000","0.0000","0.0000","0.1759","0.0000","3.0064","110.4226","50.00","Handicap","Greatrex, Thomas","Pattinson, Mark","8","8","4","1m ","4yo+","4397","5",,
"2026-02-14","2.35.","Lingfield","6th","Comedian Leader","37.6400","17.6647","10.7575","5.7405","4.1752","3.4657","2.1983","3.1288","2.1304","1.2545","0.0000","0.0000","0.0000","0.7694","0.0000","3.8076","92.7327","125.00","Handicap","Cox, William","Best, Jim/Suzi","8","6","6","1m ","4yo+","4397","5",,
"2026-02-14","2.40.","Haydock","1st","Dalston Lad (IRE)","113.3000","43.0788","16.5903","7.4434","7.7810","6.6647","3.6440","0.0000","0.0000","0.0000","7.4218","0.0000","0.0000","2.1314","0.0000","8.8570","216.9124","2.50","Novices Hurdle","Skelton, Harry","Skelton, Daniel","9","1","6","3m.5f ","5yo+","45560","1","G2",
"2026-02-14","2.40.","Haydock","2nd","Ubatuba (IRE)","101.1630","39.1857","0.0000","0.0000","0.0000","0.0000","0.0000","0.0000","0.0000","0.0000","66.1672","0.0000","0.0000","2.6101","0.0000","7.0000","216.1259","5.00","Novices Hurdle","Sutton, Ben","Murphy, Olly","9","2","6","3m.5f ","5yo+","45560","1","G2",
"2026-02-14","2.40.","Haydock","4th","Legendary Luke (IRE)","102.3660","44.0083","15.8352","0.0000","0.0000","0.0000","0.0000","0.0000","0.0000","0.0000","40.8869","0.0000","0.0000","2.3378","0.0000","6.0002","211.4343","9.00","Novices Hurdle","Sheehan, Gavin","Snowden, Jamie","9","4","6","3m.5f ","5yo+","45560","1","G2",
"2026-02-14","2.40.","Haydock","8th","Kasino Des Mottes (FR)","89.0798","39.7378","23.9515","12.6109","0.0000","0.0000","0.0000","0.0000","0.0000","0.0000","28.8491","0.0000","0.0000","1.6099","0.0000","2.2500","198.0890","11.00","Novices Hurdle","Gingell, Frederick","Tizzard, Joe","9","8","6","3m.5f ","5yo+","45560","1","G2",
"2026-02-14","2.40.","Haydock","5th","Whiskey Yankee","111.4560","21.1602","0.0000","0.0000","0.0000","0.0000","0.0000","0.0000","0.0000","0.0000","55.7052","0.0000","0.0000","2.0962","0.0000","4.5000","194.9176","7.00","Novices Hurdle","Johnston, Dylan","Thomas, Sam","9","5","5","3m.5f ","5yo+","45560","1","G2",
"2026-02-14","2.40.","Haydock","9th","Lon Chaney (IRE)","100.1246","27.1845","17.2775","0.0000","0.0000","0.0000","0.0000","0.0000","0.0000","0.0000","35.6332","0.0000","0.0000","1.9434","0.0000","3.4999","185.6631","11.00","Novices Hurdle","Bowen, Sean P","Murphy, Olly","9","9","6","3m.5f ","5yo+","45560","1","G2",
"2026-02-14","2.40.","Haydock","7th","Reckless Spending (IRE)","100.3650","32.8885","15.8868","8.2408","0.0000","0.0000","0.0000","0.0000","0.0000","0.0000","23.5739","0.0000","0.0000","1.9880","0.0000","2.2500","185.1929","3.00","Novices Hurdle","Bowen, James C","Henderson, N J","9","7","6","3m.5f ","5yo+","45560","1","G2",
"2026-02-14","2.40.","Haydock","6th","Caughtinyourtrance (IRE)","76.2645","41.3871","12.6039","11.0750","9.5386","7.7054","4.2270","1.8630","1.0959","1.6980","0.0000","0.0000","0.0000","0.3852","0.0000","4.7222","172.5658","50.00","Novices Hurdle","Moscrop, Nathan","Moffatt, James","9","6","7","3m.5f ","5yo+","45560","1","G2",
"2026-02-14","2.40.","Haydock","3rd","Tashkhan (IRE)","66.5892","28.6106","24.7158","12.2454","5.4993","6.2765","4.2293","2.4359","2.3522","1.5309","0.0000","0.0000","0.0000","0.6781","0.0000","1.5112","156.6744","20.00","Novices Hurdle","Hughes, Brian","Ellison, B","9","3","8","3m.5f ","5yo+","45560","1","G2",
"2026-02-14","2.50.","Wincanton","F","Mutley Crew (FR)","96.1000","33.9115","21.1730","5.3528","4.7989","3.2866","3.2907","2.4900","0.9440","1.5407","0.0000","0.0000","0.0000","1.1279","0.0000","11.7045","185.7206","1.88","Handicap Chase","Kimber, Harry","Walford, Robert","7","0","10","2m4.5f ","5yo+","5413","4",,
"2026-02-14","2.50.","Wincanton","2nd","Bonza Boy","98.1360","21.9529","15.6619","5.9119","3.6788","5.1909","4.5360","2.8830","1.8370","0.8980","0.0000","0.0000","0.0000","1.4494","0.0000","2.1318","164.2675","6.50","Handicap Chase","OBrien, P V","Scott, J","7","2","9","2m4.5f ","5yo+","5413","4",,
"2026-02-14","2.50.","Wincanton","4th","Saint Cyr De Pail (FR)","89.6700","32.8579","11.9648","5.9021","5.3580","4.1122","3.3470","1.6822","2.0181","1.1002","0.0000","0.0000","0.0000","0.8936","0.0000","3.1000","162.0062","3.00","Handicap Chase","Gethings, Ciaran","Williams, Mrs Jane","7","4","7","2m4.5f ","5yo+","5413","4",,
"2026-02-14","2.50.","Wincanton","5th","Pilsdon Pen","52.8970","23.4495","25.0285","6.8258","3.7526","6.4080","3.3319","3.0720","1.5128","1.7440","0.0000","0.0000","0.0000","1.5851","0.0000","8.6540","138.2613","7.00","Handicap Chase","Carver, Bryan","Scott, J","7","5","9","2m4.5f ","5yo+","5413","4",,
"2026-02-14","2.50.","Wincanton","3rd","Pedley Wood (IRE)","51.7480","30.8610","11.9845","6.7446","7.9800","6.0660","3.2936","1.8835","1.5843","1.6722","0.0000","0.0000","0.0000","1.5912","0.0000","8.9964","134.4052","7.00","Handicap Chase","Powell, Brendan","Tizzard, Joe","7","3","9","2m4.5f ","5yo+","5413","4",,
"2026-02-14","2.50.","Wincanton","1st","Jeu Dopale (FR)","51.1600","34.3095","11.1736","6.6321","3.3558","0.0000","0.0000","0.0000","0.0000","0.0000","11.3941","0.0000","0.0000","0.4078","0.0000","1.4000","119.8329","10.00","Handicap Chase","Deutsch, Charlie","Williams, Miss Venetia","7","1","8","2m4.5f ","5yo+","5413","4",,
"2026-02-14","2.50.","Wincanton","PU","Valirann Gold (IRE)","40.0200","29.8753","12.5410","8.9305","4.5614","4.0324","4.1868","2.2014","1.2692","1.6344","0.0000","0.0000","0.0000","0.1173","0.0000","3.5894","112.9591","11.00","Handicap Chase","Godfrey, Ben","Brown, Miss Harriet","7","0","9","2m4.5f ","5yo+","5413","4",,
"2026-02-14","3.00.","Ascot","7th","Nocte Volatus","122.5680","53.9784","15.3856","9.5705","7.5354","5.7423","5.0895","3.0750","1.2478","1.5286","0.0000","0.0000","0.0000","0.9613","0.0000","4.2369","230.9192","11.00","Handicap Chase","Sheppard, Stan","Lacey, T","11","7","11","3m ","5yo+","56950","1",,
"2026-02-14","3.00.","Ascot","4th","Jipcot (FR)","113.8000","39.5507","15.4060","8.5612","8.7916","6.3009","5.0940","1.7986","1.4199","2.4105","0.0000","0.0000","0.0000","1.6111","0.0000","5.1875","209.9320","2.75","Handicap Chase","Woods, K K","ONeill, Jonjo and AJ","11","4","7","3m ","5yo+","56950","1",,
"2026-02-14","3.00.","Ascot","1st","Montregard (FR)","97.9750","23.6412","24.6840","14.2656","4.5240","2.8340","2.8332","2.9550","1.3426","2.3979","0.0000","0.0000","0.0000","1.1125","0.0000","9.6116","188.1766","3.33","Handicap Chase","Burke, Jonathan","Lacey, T","11","1","7","3m ","5yo+","56950","1",,
"2026-02-14","3.00.","Ascot","10th","Sam Brown","75.6696","36.4100","29.5720","11.1642","8.0312","4.0685","4.7764","3.1257","2.7934","2.8350","0.0000","0.0000","0.0000","1.5176","0.0000","6.2700","186.2337","28.00","Handicap Chase","Bament, Chad","Honeyball, A J","11","10","14","3m ","5yo+","56950","1",,
"2026-02-14","3.00.","Ascot","6th","Invincible Nao (FR)","89.2550","31.4613","27.0660","8.4048","8.3925","6.2100","4.1798","1.6610","1.2969","2.4302","0.0000","0.0000","0.0000","0.9658","0.0000","4.5833","185.9066","14.00","Handicap Chase","Quinn, Caoilin","Moore, Gary and Josh","11","6","8","3m ","5yo+","56950","1",,
"2026-02-14","3.00.","Ascot","5th","Hunter Legend (FR)","85.5200","38.1197","18.9339","9.1572","8.3693","7.6544","2.8641","3.2730","2.4547","1.8247","0.0000","0.0000","0.0000","0.9696","0.0000","5.2637","184.4043","12.00","Handicap Chase","Turner, Miss L M","Williams, Miss Venetia","11","5","9","3m ","5yo+","56950","1",,
"2026-02-14","3.00.","Ascot","3rd","Your Darling (IRE)","91.2570","26.1767","23.9062","7.2169","9.1875","4.4964","2.7045","2.7635","2.6572","1.9726","0.0000","0.0000","0.0000","1.4659","0.0000","7.5568","181.3612","7.50","Handicap Chase","Jones, Ben R","Pauling, Ben","11","3","11","3m ","5yo+","56950","1",,
"2026-02-14","3.00.","Ascot","9th","Joyeux Machin (FR)","73.8050","37.4580","22.3684","11.9282","10.3729","8.2392","4.5764","2.3751","1.2492","0.9029","0.0000","0.0000","0.0000","1.4484","0.0000","5.2851","180.0087","5.00","Handicap Chase","Durrell, Tristan","Skelton, Daniel","11","9","9","3m ","5yo+","56950","1",,
"2026-02-14","3.00.","Ascot","PU","Threeunderthrufive (IRE)","69.1610","37.0048","15.5685","9.0801","11.5695","6.4974","3.6768","4.1460","2.5404","2.7432","0.0000","0.0000","0.0000","2.7145","0.0000","8.2450","172.9472","12.00","Handicap Chase","Cobden, Harry","Nicholls, P F","11","0","11","3m ","5yo+","56950","1",,
"2026-02-14","3.00.","Ascot","8th","Credo (IRE)","65.3138","39.4294","21.9870","7.1804","11.1072","6.0029","5.2515","2.3318","1.7434","1.5372","0.0000","0.0000","0.0000","1.5029","0.0000","6.8377","170.2251","40.00","Handicap Chase","Dingle, Rex","Honeyball, A J","11","8","11","3m ","5yo+","56950","1",,
"2026-02-14","3.00.","Ascot","2nd","Gericault Roque (FR)","52.7000","27.9996","14.5341","12.2638","4.9326","7.9700","5.5800","3.0923","2.2006","2.0830","0.0000","0.0000","0.0000","1.3131","0.0000","6.6003","141.2695","18.00","Handicap Chase","Tudor, Jack","Pipe, D E","11","2","10","3m ","5yo+","56950","1",,
"2026-02-14","3.05.","Gowran Park","2nd","Luciole Des Bordes (FR)","70.3081","36.5757","0.0000","0.0000","0.0000","0.0000","0.0000","0.0000","0.0000","0.0000","53.2830","0.0000","0.0000","1.8414","0.0000","1.0000","163.0082","0.62","NH Flat","Mullins, Mr P W","Mullins, W P","7","2","5","2m1f ","4yo+","5842","0",,
"2026-02-14","3.05.","Gowran Park","3rd","Wicked Pleasure (IRE)","68.9604","0.0000","0.0000","0.0000","0.0000","0.0000","0.0000","0.0000","0.0000","0.0000","77.9598","0.0000","0.0000","0.6835","0.0000","2.0000","149.6037","6.00","NH Flat","Gleeson, Mr J L","Bromhead, Henry De","7","3","5","2m1f ","4yo+","5842","0",,
"2026-02-14","3.05.","Gowran Park","1st","Nans Choice (IRE)","66.2135","0.0000","0.0000","0.0000","0.0000","0.0000","0.0000","0.0000","0.0000","0.0000","74.8544","0.0000","0.0000","0.0000","0.0000","0.0000","141.0679","5.00","NH Flat","Stone, B T","Houlihan, Conor","7","1","5","2m1f ","4yo+","5842","0",,
"2026-02-14","3.05.","Gowran Park","4th","Courtmac Gesture (IRE)","54.2874","22.7881","15.5421","8.8546","4.6108","3.6646","0.0000","0.0000","0.0000","0.0000","8.0571","0.0000","0.0000","1.6862","0.0000","0.6666","120.1573","12.00","NH Flat","Hogan, C M","Motherway, C","7","4","5","2m1f ","4yo+","5842","0",,
"2026-02-14","3.05.","Gowran Park","7th","Red Acres Georgie (IRE)","45.5526","0.0000","0.0000","0.0000","0.0000","0.0000","0.0000","0.0000","0.0000","0.0000","51.4972","0.0000","0.0000","0.3040","0.0000","0.0000","97.3538","10.00","NH Flat","Swan, H C","Mullins, Anthony","7","7","6","2m1f ","4yo+","5842","0",,
"2026-02-14","3.05.","Gowran Park","6th","Claudel (FR)","44.5083","0.0000","0.0000","0.0000","0.0000","0.0000","0.0000","0.0000","0.0000","0.0000","50.3166","0.0000","0.0000","0.8990","0.0000","0.0000","95.7239","25.00","NH Flat","Hendrick, Mr J W","Nolan, Paul","7","6","5","2m1f ","4yo+","5842","0",,
"2026-02-14","3.05.","Gowran Park","5th","Natures Odyssey (IRE)","0.0000","0.0000","0.0000","0.0000","0.0000","0.0000","0.0000","0.0000","0.0000","0.0000","0.0000","0.0000","0.0000","0.0537","0.0000","0.0000","0.0537","33.00","NH Flat","Ryan, Mr A P","McEnery, P F","7","5","5","2m1f ","4yo+","5842","0",,
"2026-02-14","3.10.","Lingfield","4th","Legal Reform (IRE)","92.5850","48.4992","21.5055","11.6580","6.7706","8.2000","3.7321","2.2093","1.8409","2.6246","0.0000","0.0000","0.0000","1.0450","0.0000","8.6638","209.3340","6.00","Handicap","Greatrex, Edward","Herrington,M ","7","4","9","7f ","4yo+","15702","2",,
"2026-02-14","3.10.","Lingfield","1st","Heathcliff","86.7645","41.6074","22.9980","8.7546","7.2610","5.3340","4.4270","2.9326","2.5942","2.3612","0.0000","0.0000","0.0000","1.1541","0.0000","4.9529","191.1415","5.00","Handicap","Muscutt, D","Fanshawe, J R","7","1","5","7f ","4yo+","15702","2",,
"2026-02-14","3.10.","Lingfield","5th","Wiltshire","91.7000","29.1713","17.7636","12.4690","5.6535","6.3144","5.4270","1.8302","2.5312","2.4458","0.0000","0.0000","0.0000","1.2139","0.0000","3.7334","180.2534","6.50","Handicap","Fallon, Cieren","Haggas, W J","7","5","6","7f ","4yo+","15702","2",,
"2026-02-14","3.10.","Lingfield","7th","Benevento (IRE)","83.2975","28.4995","19.8474","14.6155","7.4009","7.9537","5.0633","2.4176","0.0000","0.0000","4.5722","0.0000","0.0000","0.6943","0.0000","2.9500","177.3120","1.88","Handicap","Egan, David","Foy, Kevin","7","7","4","7f ","4yo+","15702","2",,
"2026-02-14","3.10.","Lingfield","6th","Best Rate","73.9750","36.1375","19.6637","8.2257","7.5524","6.7624","4.2268","2.4515","1.7896","2.7578","0.0000","0.0000","0.0000","1.0268","0.0000","4.0780","168.6472","4.00","Handicap","Leavy, Joe","Hannon (Jnr), Richard","7","6","4","7f ","4yo+","15702","2",,
"2026-02-14","3.10.","Lingfield","2nd","Tiger Crusade (FR)","59.3900","44.5050","15.9037","10.0623","8.1144","4.5675","3.3888","2.0913","1.6216","2.3600","0.0000","0.0000","0.0000","1.2302","0.0000","7.5820","160.8169","8.00","Handicap","Dace, Jack","Simcock, D M","7","2","9","7f ","4yo+","15702","2",,
"2026-02-14","3.10.","Lingfield","3rd","Willem Twee","54.8050","31.3722","15.1558","14.2853","8.3565","6.2803","3.8486","2.2529","1.4174","2.7878","0.0000","0.0000","0.0000","1.1797","0.0000","5.7598","147.5011","16.00","Handicap","Crouch, Hector","Fanshawe, J R","7","3","7","7f ","4yo+","15702","2",,
"2026-02-14","3.15.","Haydock","4th","Deafening Silence (IRE)","112.1211","46.0825","15.6870","15.3143","6.9101","3.1586","3.4582","4.6570","2.2810","1.7337","0.0000","0.0000","0.0000","1.8600","0.0000","4.2429","217.5064","7.00","Handicap Chase","Skelton, Harry","Skelton, Daniel","11","4","9","3m4.5f ","5yo+","56950","1",,
"2026-02-14","3.15.","Haydock","PU","Holokea (IRE)","104.0300","41.9345","20.8828","14.4414","7.9413","6.7408","4.3293","2.2005","1.1271","1.4509","0.0000","0.0000","0.0000","0.7112","0.0000","4.9386","210.7284","6.00","Handicap Chase","Bowen, James C","Bowen, Mickey","11","0","7","3m4.5f ","5yo+","56950","1",,
"2026-02-14","3.15.","Haydock","8th","Richmond Lake (IRE)","102.7450","42.3519","20.5550","9.6902","6.2716","6.3627","4.5491","2.7688","2.2575","1.9935","0.0000","0.0000","0.0000","0.8446","0.0000","5.2635","205.6535","12.00","Handicap Chase","Hughes, Brian","McCain Jnr, D","11","8","10","3m4.5f ","5yo+","56950","1",,
"2026-02-14","3.15.","Haydock","PU","Rivers Corner","110.7000","34.8385","18.6204","12.4892","7.6750","8.1261","3.4942","1.9370","1.2723","1.1531","0.0000","0.0000","0.0000","1.5417","0.0000","3.6272","205.4747","9.00","Handicap Chase","Gingell, Frederick","Tizzard, Joe","11","0","8","3m4.5f ","5yo+","56950","1",,
"2026-02-14","3.15.","Haydock","7th","Monbeg Genius (IRE)","106.6409","29.6631","23.1198","8.7201","9.5775","6.8139","4.6194","2.0860","1.4318","2.5551","0.0000","0.0000","0.0000","1.7863","0.0000","4.0750","201.0890","8.00","Handicap Chase","ONeill, Jonjo (Jr)","ONeill, Jonjo and AJ","11","7","10","3m4.5f ","5yo+","56950","1",,
"2026-02-14","3.15.","Haydock","3rd","Neo King (FR)","111.9000","29.7173","22.8050","8.7702","8.1285","4.7287","1.9730","1.8535","1.4153","1.3948","0.0000","0.0000","0.0000","0.8762","0.0000","4.3000","197.8625","16.00","Handicap Chase","Turner, James","Williams, Evan","11","3","8","3m4.5f ","5yo+","56950","1",,
"2026-02-14","3.15.","Haydock","PU","Myretown (IRE)","83.5600","31.5241","30.2330","12.4987","4.4532","6.7560","3.1508","3.0086","1.2729","1.9346","0.0000","0.0000","0.0000","1.2230","0.0000","3.4270","183.0419","3.00","Handicap Chase","Fox, Derek R","Russell, Lucinda / Scudamore, M","11","0","9","3m4.5f ","5yo+","56950","1",,
"2026-02-14","3.15.","Haydock","2nd","Top Of The Bill (IRE)","61.6290","55.1394","26.5650","6.8681","4.2991","6.9300","2.5934","3.3840","2.5110","1.9029","0.0000","0.0000","0.0000","1.4472","0.0000","4.8752","178.1443","22.00","Handicap Chase","McCain-Mitchell, Toby","Twiston-Davies, N A","11","2","10","3m4.5f ","5yo+","56950","1",,
"2026-02-14","3.15.","Haydock","1st","Grand Geste (IRE)","65.3500","52.8084","20.6664","13.6717","4.7440","3.7650","3.5269","2.3318","1.9743","0.9163","0.0000","0.0000","0.0000","0.7365","0.0000","5.5075","175.9988","6.50","Handicap Chase","McMenamin, Daniel","Smith, Mrs S J / Parkinson, J","11","1","7","3m4.5f ","5yo+","56950","1",,
"2026-02-14","3.15.","Haydock","6th","Grand Albert (IRE)","82.0465","30.2616","10.3090","12.2400","6.2357","5.7259","5.0297","2.3826","1.3853","1.3459","0.0000","0.0000","0.0000","0.7754","0.0000","4.5500","162.2875","8.50","Handicap Chase","Bowen, Sean P","McCain Jnr, D","11","6","8","3m4.5f ","5yo+","56950","1",,
"2026-02-14","3.15.","Haydock","5th","Git Maker (FR)","59.8020","31.7869","19.0612","12.8646","4.1534","6.9379","5.0484","2.3118","2.5492","2.5695","0.0000","0.0000","0.0000","2.0240","0.0000","7.9576","157.0666","12.00","Handicap Chase","Sheehan, Gavin","Snowden, Jamie","11","5","10","3m4.5f ","5yo+","56950","1",,
"2026-02-14","3.23.","Wincanton","1st","Royal Mer (FR)","55.8850","40.8847","20.3356","11.0106","7.5488","4.4392","3.4558","1.8387","1.2290","1.2623","0.0000","0.0000","0.0000","1.3747","0.0000","5.8747","155.1391","3.00","Handicap Chase","Corcoran, Rian","Pipe, D E","7","1","8","2m ","5yo+","5413","4",,
"2026-02-14","3.23.","Wincanton","5th","Begin The Luck (IRE)","62.4950","29.5268","23.7855","9.6128","7.2155","5.3635","2.4251","1.5422","2.0657","1.1738","0.0000","0.0000","0.0000","0.8148","0.0000","4.9862","151.0069","6.50","Handicap Chase","David, Robbie","Hitchins, Daisy","7","5","10","2m ","5yo+","5413","4",,
"2026-02-14","3.23.","Wincanton","PU","Jack Black (FR)","81.8700","23.7545","15.0137","5.6927","6.7542","5.1210","2.9340","0.0000","0.0000","0.0000","5.6066","0.0000","0.0000","1.5818","0.0000","2.6428","150.9714","3.33","Handicap Chase","Todd, C J","Skelton, Daniel","7","0","7","2m ","5yo+","5413","4",,
"2026-02-14","3.23.","Wincanton","PU","Joe Cotton (IRE)","50.9000","40.6640","17.7380","8.6573","8.4114","5.8315","6.6312","2.4969","1.8868","1.2671","0.0000","0.0000","0.0000","1.3994","0.0000","1.7429","147.6265","3.00","Handicap Chase","Carver, Bryan","Scott, J","7","0","8","2m ","5yo+","5413","4",,
"2026-02-14","3.23.","Wincanton","2nd","Raffles Hermes (FR)","59.8900","20.2662","0.0000","0.0000","0.0000","0.0000","0.0000","0.0000","0.0000","0.0000","36.8815","0.0000","0.0000","0.8552","0.0000","0.8000","118.6929","6.50","Handicap Chase","Kimber, Harry","Walford, Robert","7","2","6","2m ","5yo+","5413","4",,
"2026-02-14","3.23.","Wincanton","4th","Better Off Alone (IRE)","54.4872","20.3346","11.4965","8.4091","3.5309","3.6780","0.0000","0.0000","0.0000","0.0000","7.1695","0.0000","0.0000","0.5683","0.0000","1.0334","110.7075","8.00","Handicap Chase","Best, J A","Keighley, M","7","4","7","2m ","5yo+","5413","4",,
"2026-02-14","3.23.","Wincanton","3rd","Wewillgowithplanb (IRE)","44.4850","22.2954","11.1548","9.9728","4.3676","3.3540","3.5081","1.4190","2.2747","1.7620","0.0000","0.0000","0.0000","0.6651","0.0000","3.4695","108.7282","22.00","Handicap Chase","Ring, C V","Williams, Evan","7","3","9","2m ","5yo+","5413","4",,
"2026-02-14","3.35.","Ascot","1st","Jonbon (FR)","168.1020","53.6807","28.5928","19.4085","15.4472","9.9717","7.5601","5.0817","3.5640","3.7934","0.0000","0.0000","0.0000","2.3498","0.0000","10.4540","328.0060","0.44","Chase","Boinville, Nico","Henderson, N J","6","1","10","2m5f ","5yo+","99662","1","G1",
"2026-02-14","3.35.","Ascot","4th","Edwardstone","151.2005","50.0670","20.3582","15.1403","6.0140","5.7331","6.1153","2.7949","2.1131","2.7995","0.0000","0.0000","0.0000","1.0101","0.0000","2.8361","266.1822","11.00","Chase","Cannon, Tom J","King, A","6","4","12","2m5f ","5yo+","99662","1","G1",
"2026-02-14","3.35.","Ascot","2nd","Pic DOrhy (FR)","81.1821","50.8169","18.3526","23.1571","11.7835","5.1203","7.5468","3.5520","3.5640","3.7778","0.0000","0.0000","0.0000","2.7860","0.0000","10.8069","222.4459","2.50","Chase","Cobden, Harry","Nicholls, P F","6","2","11","2m5f ","5yo+","99662","1","G1",
"2026-02-14","3.35.","Ascot","3rd","Blow Your Wad (IRE)","89.1429","49.4158","24.0021","11.3648","6.1185","9.2360","3.4531","3.4890","1.7505","2.5573","0.0000","0.0000","0.0000","0.7658","0.0000","3.0777","204.3734","33.00","Chase","Mitchell, Freddie","Moore, Gary and Josh","6","3","8","2m5f ","5yo+","99662","1","G1",
"2026-02-14","3.35.","Ascot","PU","Classic Maestro (IRE)","105.3950","29.2995","16.9628","7.1985","8.5650","4.1363","3.9202","3.3769","2.3512","2.3220","0.0000","0.0000","0.0000","1.3592","0.0000","3.5052","188.3919","125.00","Chase","Scott, Luke","Candlish, Jennie","6","0","8","2m5f ","5yo+","99662","1","G1",
"2026-02-14","3.35.","Ascot","5th","Heltenham (FR)","60.7550","29.5231","22.3702","11.2903","8.4840","4.2924","3.4950","4.4715","2.8570","1.8322","0.0000","0.0000","0.0000","1.6898","0.0000","3.1914","154.2519","50.00","Chase","Durrell, Tristan","Skelton, Daniel","6","5","9","2m5f ","5yo+","99662","1","G1",
"2026-02-14","3.40.","Gowran Park","1st","Impaire Et Passe (FR)","84.7090","69.8811","21.0010","18.5996","6.0588","9.5218","7.5735","2.8808","2.6064","2.8305","0.0000","0.0000","0.0000","2.4843","0.0000","8.3574","236.5042","0.44","Chase","Townend, P","Mullins, W P","4","1","8","2m3.5f ","5yo+","23894","0","G2",
"2026-02-14","3.40.","Gowran Park","2nd","Sa Fureur (IRE)","100.1950","41.9798","25.6282","8.2636","7.0283","3.4826","6.2055","3.7320","2.4787","1.9043","0.0000","0.0000","0.0000","1.7636","0.0000","3.8738","206.5354","4.00","Chase","Kennedy, J W","Elliott, Gordon","4","2","9","2m3.5f ","5yo+","23894","0","G2",
"2026-02-14","3.40.","Gowran Park","3rd","Classic Getaway (IRE)","62.1794","32.8499","22.2024","14.1124","14.2771","7.6825","4.4509","2.2125","1.2829","1.7115","0.0000","0.0000","0.0000","2.1046","0.0000","6.8439","171.9100","5.00","Chase","Mullins, D E","Mullins, W P","4","3","10","2m3.5f ","5yo+","23894","0","G2",
"2026-02-14","3.40.","Gowran Park","4th","Buddy One (IRE)","70.7730","29.0437","11.3997","16.2111","8.2544","7.1604","7.1253","2.3086","1.8380","1.4699","0.0000","0.0000","0.0000","0.4562","0.0000","2.7664","158.8067","20.00","Chase","Gilligan, Jack G","Gilligan, Paul John","4","4","9","2m3.5f ","5yo+","23894","0","G2",
"2026-02-14","3.45.","Lingfield","6th","Uncle Nader","75.0000","28.4026","10.3044","6.4369","4.9649","0.0000","0.0000","0.0000","0.0000","0.0000","12.3984","0.0000","0.0000","1.1677","0.0000","10.1500","148.8248","3.00","Handicap","Crouch, Hector","Jones, Jack","7","6","3","1m ","3yo","3768","6",,
"2026-02-14","3.45.","Lingfield","2nd","Aneirins Sword (IRE)","63.7950","28.8450","18.8905","6.9387","4.6342","3.1468","0.0000","0.0000","0.0000","0.0000","8.4966","0.0000","0.0000","1.0084","0.0000","4.0501","139.8054","3.50","Handicap","Hornby, Rob","Osborne, J A","7","2","3","1m ","3yo","3768","6",,
"2026-02-14","3.45.","Lingfield","3rd","Corniche Girl (IRE)","71.1850","21.4957","14.2862","9.3024","5.1741","4.1471","4.3272","1.4403","1.6217","1.4816","0.0000","0.0000","0.0000","1.0434","0.0000","1.1831","136.6877","20.00","Handicap","Levey, S M","Hannon (Jnr), Richard","7","3","3","1m ","3yo","3768","6",,
"2026-02-14","3.45.","Lingfield","4th","Whos On First","75.4000","20.1038","9.9651","6.8068","4.9524","4.0781","0.0000","0.0000","0.0000","0.0000","7.7473","0.0000","0.0000","1.1161","0.0000","3.1669","133.3365","1.50","Handicap","Dace, Jack","Williams, S C","7","4","3","1m ","3yo","3768","6",,
"2026-02-14","3.45.","Lingfield","1st","Ebn Sabt","56.7000","28.2305","13.4094","8.2349","4.7868","3.2521","0.0000","0.0000","0.0000","0.0000","8.0178","0.0000","0.0000","0.7453","0.0000","0.5334","123.9103","5.00","Handicap","Edmunds, Lewis","Muir, W R & Grassick, C","7","1","3","1m ","3yo","3768","6",,
"2026-02-14","3.45.","Lingfield","5th","Prancy Peer","48.2900","21.7579","13.7260","5.3976","4.3459","0.0000","0.0000","0.0000","0.0000","0.0000","10.5330","0.0000","0.0000","1.1323","0.0000","0.1000","105.2827","22.00","Handicap","Egan, David","Sangster, Ollie","7","5","3","1m ","3yo","3768","6",,
"2026-02-14","3.45.","Lingfield","7th","Angry Ant (USA)","35.5520","28.4246","14.2999","5.7451","0.0000","0.0000","0.0000","0.0000","0.0000","0.0000","15.6831","0.0000","0.0000","0.8417","0.0000","0.3000","100.8464","28.00","Handicap","Greatrex, Edward","Osborne, J A","7","7","3","1m ","3yo","3768","6",,
"2026-02-14","3.50.","Haydock","1st","Champagne Chic (IRE)","112.1000","43.5829","16.3080","6.4477","4.0038","6.6157","3.1167","0.0000","0.0000","0.0000","6.6751","0.0000","0.0000","1.3907","0.0000","3.8857","204.1263","4.50","Handicap Hurdle","Skelton, Harry","Scott, J","13","1","6","3m.5f ","5yo+","13615","2",,
"2026-02-14","3.50.","Haydock","7th","Go To War (IRE)","121.3000","24.5466","13.3664","7.2831","8.9065","3.2427","4.0048","3.0680","2.3099","1.8409","0.0000","0.0000","0.0000","1.8809","0.0000","5.7155","197.4654","9.00","Handicap Hurdle","Hughes, Brian","Henderson, N J","13","7","8","3m.5f ","5yo+","13615","2",,
"2026-02-14","3.50.","Haydock","6th","Doughmore Bay (IRE)","111.5500","25.8012","16.5912","6.7356","8.3951","5.5982","3.9288","2.9009","2.3255","0.0000","2.0571","0.0000","0.0000","1.2242","0.0000","5.2763","192.3840","8.50","Handicap Hurdle","Sheehan, Gavin","Lavelle, Miss E C","13","6","8","3m.5f ","5yo+","13615","2",,
"2026-02-14","3.50.","Haydock","PU","Off The Jury (IRE)","89.6196","44.6980","18.3900","17.1138","5.3440","5.5938","3.6261","2.1288","1.3946","1.2632","0.0000","0.0000","0.0000","0.5112","0.0000","2.6546","192.3377","8.00","Handicap Hurdle","Bowen, James C","Bowen, Mickey","13","0","7","3m.5f ","5yo+","13615","2",,
"2026-02-14","3.50.","Haydock","PU","Gwennie May Star (FR)","99.8000","31.3681","23.6670","6.0156","4.9854","3.8357","5.4518","2.0559","1.9800","0.9718","0.0000","0.0000","0.0000","2.2768","0.0000","6.3078","188.7159","5.50","Handicap Hurdle","Bowen, Sean P","Murphy, Olly","13","0","6","3m.5f ","5yo+","13615","2",,
"2026-02-14","3.50.","Haydock","F","Chart Topper (FR)","61.1480","52.0830","25.1187","11.0250","11.9593","6.1717","4.1164","1.8644","1.6161","1.5759","0.0000","0.0000","0.0000","1.7266","0.0000","2.5500","180.9551","20.00","Handicap Hurdle","Hayes, Brian","Mullins, W P","13","0","7","3m.5f ","5yo+","13615","2",,
"2026-02-14","3.50.","Haydock","PU","Stay Away Fay (IRE)","99.2300","23.7951","16.0080","8.9001","7.8759","3.8640","3.3368","2.5171","2.4359","3.5016","0.0000","0.0000","0.0000","2.4574","0.0000","4.6486","178.5704","9.00","Handicap Hurdle","Nicholls, Miss Olive","Nicholls, P F","13","0","9","3m.5f ","5yo+","13615","2",,
"2026-02-14","3.50.","Haydock","3rd","Found A Diamond (IRE)","73.3950","48.1941","13.6526","14.3687","8.6064","5.0013","3.0631","1.5292","1.0390","0.0000","1.9107","0.0000","0.0000","0.7185","0.0000","4.7555","176.2342","11.00","Handicap Hurdle","Markey, S R","OSullivan, Ross","13","3","6","3m.5f ","5yo+","13615","2",,
"2026-02-14","3.50.","Haydock","5th","Thanksforthehelp (FR)","75.4100","34.6390","14.6724","17.3874","6.4792","4.9430","3.9277","1.6036","1.1694","1.3350","0.0000","0.0000","0.0000","1.2743","0.0000","7.0855","169.9266","25.00","Handicap Hurdle","McLernon, R P","Pipe, D E","13","5","9","3m.5f ","5yo+","13615","2",,
"2026-02-14","3.50.","Haydock","8th","Cave Court (IRE)","67.9852","42.5803","24.3961","7.7113","7.7100","5.8612","2.1150","2.1637","2.0970","0.9849","0.0000","0.0000","0.0000","0.7617","0.0000","3.0732","167.4396","50.00","Handicap Hurdle","McGill, Mr O","Kelly, Noel C","13","8","9","3m.5f ","5yo+","13615","2",,
"2026-02-14","3.50.","Haydock","4th","Red Dirt Road (IRE)","69.1500","26.6895","25.2375","14.0062","4.7946","5.9071","4.0373","3.0720","2.1013","2.2810","0.0000","0.0000","0.0000","1.8863","0.0000","4.0000","163.1628","18.00","Handicap Hurdle","ONeill, Jonjo (Jr)","ONeill, Jonjo and AJ","13","4","9","3m.5f ","5yo+","13615","2",,
"2026-02-14","3.50.","Haydock","2nd","Minella Emperor (IRE)","75.6472","31.6406","18.2180","6.3339","7.5379","2.7410","3.5164","2.9499","1.7306","0.0000","1.7757","0.0000","0.0000","1.0579","0.0000","3.0998","156.2488","6.00","Handicap Hurdle","Meyler, D","Mullins, Emmet","13","2","7","3m.5f ","5yo+","13615","2",,
"2026-02-14","3.50.","Haydock","PU","Jupiter Des Mottes (FR)","51.6146","39.3296","17.0831","11.2012","6.0217","0.0000","0.0000","0.0000","0.0000","0.0000","15.6060","0.0000","0.0000","1.9953","0.0000","5.6667","148.5182","6.50","Handicap Hurdle","McMenamin, Daniel","Richards, N G","13","0","7","3m.5f ","5yo+","13615","2",,
"2026-02-14","4.00.","Wincanton","3rd","Saladins Son (IRE)","87.8241","43.2752","26.0240","14.1792","3.6488","6.0944","3.8121","2.8162","1.7836","1.1720","0.0000","0.0000","0.0000","1.7200","0.0000","11.9166","204.2662","1.50","Handicap Chase","Godfrey, Ben","Honeyball, A J","6","3","8","3m1.5f ","5yo+","5413","4",,
"2026-02-14","4.00.","Wincanton","2nd","Cooleenymore (IRE)","89.3000","30.4675","14.1990","5.8508","6.8750","2.9160","3.1237","2.6310","1.7354","1.9080","0.0000","0.0000","0.0000","1.0131","0.0000","7.8239","167.8435","3.50","Handicap Chase","Kimber, Harry","Walford, Robert","6","2","10","3m1.5f ","5yo+","5413","4",,
"2026-02-14","4.00.","Wincanton","1st","Camulus (IRE)","92.3360","30.4087","12.1484","5.6853","5.1244","2.8743","3.1114","1.3587","1.3186","1.8068","0.0000","0.0000","0.0000","0.8078","0.0000","3.4002","160.3806","2.50","Handicap Chase","Deutsch, Charlie","Williams, Miss Venetia","6","1","9","3m1.5f ","5yo+","5413","4",,
"2026-02-14","4.00.","Wincanton","PU","Concetto (FR)","83.0600","21.6774","16.2400","7.0689","5.3437","6.1269","2.1392","2.7137","1.0326","1.2674","0.0000","0.0000","0.0000","0.4232","0.0000","2.6139","149.7067","8.00","Handicap Chase","Dunne, R T","Allwood, S","6","0","9","3m1.5f ","5yo+","5413","4",,
"2026-02-14","4.00.","Wincanton","5th","Take Your Time (IRE)","52.9500","21.3885","9.8187","9.0949","8.4450","3.4820","2.4442","3.0930","2.2658","1.1397","0.0000","0.0000","0.0000","2.7055","0.0000","5.8885","122.7159","14.00","Handicap Chase","Twiston-Davies, Sam","Nicholls, P F","6","5","11","3m1.5f ","5yo+","5413","4",,
"2026-02-14","4.00.","Wincanton","4th","Supervisor (IRE)","52.7000","19.8793","16.2833","7.2357","5.5831","3.4031","3.1228","1.7100","2.2028","1.3268","0.0000","0.0000","0.0000","0.4987","0.0000","6.7131","120.6585","25.00","Handicap Chase","Dodd, Murray","Williams, Miss Venetia","6","4","12","3m1.5f ","5yo+","5413","4",,
"2026-02-14","4.10.","Ascot","18th","Heart Over Head (IRE)","103.4000","40.2579","16.0640","9.0976","4.9327","3.4734","2.0248","1.7728","0.0000","0.0000","3.4811","0.0000","0.0000","1.3987","0.0000","2.8500","188.7529","6.00","Handicap Hurdle","Burke, Jonathan","OBrien, Fergal","18","18","7","2m7.5f ","4yo+","10157","3",,
"2026-02-14","4.10.","Ascot","4th","Kalium (FR)","79.2720","46.8810","11.7350","11.5830","8.4422","4.9332","3.6086","0.0000","0.0000","0.0000","6.9736","0.0000","0.0000","0.9178","0.0000","4.2856","178.6319","5.00","Handicap Hurdle","Vaughan, Mr Edward","Vaughan, Tim","18","4","6","2m7.5f ","4yo+","10157","3",,
"2026-02-14","4.10.","Ascot","2nd","Diamatiste (IRE)","84.5760","35.5637","19.4788","12.4986","4.0960","5.0680","3.0371","1.3365","1.9995","1.3233","0.0000","0.0000","0.0000","1.3196","0.0000","2.4746","172.7717","11.00","Handicap Hurdle","Newman, Mr Joshua","Woollacott, Mrs Kayley","18","2","7","2m7.5f ","4yo+","10157","3",,
"2026-02-14","4.10.","Ascot","14th","Crazierthandaisy","82.0800","23.7420","26.4480","11.5792","7.4881","5.9027","3.6903","2.1675","1.7998","1.5282","0.0000","0.0000","0.0000","1.9190","0.0000","4.1000","172.4448","6.00","Handicap Hurdle","Boinville, Nico","Henderson, N J","18","14","7","2m7.5f ","4yo+","10157","3",,
"2026-02-14","4.10.","Ascot","7th","Loup De Maulde (FR)","77.8500","34.7625","17.0556","11.7392","6.1925","3.9835","4.8465","2.7375","2.1960","2.2567","0.0000","0.0000","0.0000","0.9171","0.0000","6.4499","170.9871","33.00","Handicap Hurdle","Price, Charlie","Llewellyn, Robert","18","7","9","2m7.5f ","4yo+","10157","3",,
"2026-02-14","4.10.","Ascot","10th","Top Guy (IRE)","83.4700","43.2243","18.8500","5.9027","3.7886","2.9766","2.2504","1.9421","0.0000","0.0000","3.2449","0.0000","0.0000","1.5734","0.0000","3.2750","170.4980","6.00","Handicap Hurdle","Durrell, Tristan","Skelton, Daniel","18","10","6","2m7.5f ","4yo+","10157","3",,
"2026-02-14","4.10.","Ascot","16th","Hung Jury (IRE)","58.2020","42.2493","27.3780","11.4638","4.5659","7.3087","2.8566","2.4254","0.0000","0.0000","4.1559","0.0000","0.0000","0.7683","0.0000","2.1000","163.4739","25.00","Handicap Hurdle","Keighley, Freddie","Keighley, M","18","16","11","2m7.5f ","4yo+","10157","3",,
"2026-02-14","4.10.","Ascot","1st","Walden (FR)","65.7180","45.2466","23.2709","5.9716","5.7004","4.1606","2.1268","1.6251","1.3322","1.1112","0.0000","0.0000","0.0000","1.0411","0.0000","3.0857","160.3902","14.00","Handicap Hurdle","Sheppard, Stan","Lacey, T","18","1","6","2m7.5f ","4yo+","10157","3",,
"2026-02-14","4.10.","Ascot","8th","Sea Invasion (IRE)","69.8671","20.0134","23.6440","14.3172","7.2428","3.7770","2.1029","2.4547","1.4744","2.2070","0.0000","0.0000","0.0000","1.4751","0.0000","2.7334","151.3090","33.00","Handicap Hurdle","Dingle, Rex","Honeyball, A J","18","8","8","2m7.5f ","4yo+","10157","3",,
"2026-02-14","4.10.","Ascot","9th","High Treason","82.8550","23.0911","14.0160","7.2703","4.9978","2.7886","2.9200","3.0480","1.8213","2.2943","0.0000","0.0000","0.0000","1.2226","0.0000","2.0859","148.4109","18.00","Handicap Hurdle","Bellamy, Tom","Twiston-Davies, N A","18","9","7","2m7.5f ","4yo+","10157","3",,
"2026-02-14","4.10.","Ascot","15th","Solar System (FR)","66.6100","21.8564","18.6798","11.5988","7.5600","4.7586","4.3290","2.3048","1.6044","1.9845","0.0000","0.0000","0.0000","1.2931","0.0000","3.6618","146.2412","5.50","Handicap Hurdle","Cobden, Harry","Hobbs, P J / White, J","18","15","7","2m7.5f ","4yo+","10157","3",,
"2026-02-14","4.10.","Ascot","5th","Confinentic (FR)","72.3000","21.4960","19.1625","11.0662","4.8443","2.8146","0.0000","0.0000","0.0000","0.0000","8.9710","0.0000","0.0000","1.1476","0.0000","3.6331","145.4353","16.00","Handicap Hurdle","Gordon, Fred","Gordon, C","18","5","6","2m7.5f ","4yo+","10157","3",,
"2026-02-14","4.10.","Ascot","11th","Stratton Oakmont (IRE)","51.9878","43.3944","14.8862","10.3122","3.8912","2.9840","3.3530","3.0180","1.7818","2.0659","0.0000","0.0000","0.0000","1.3487","0.0000","6.2000","145.2232","14.00","Handicap Hurdle","Jones, Ben R","Woollacott, Mrs Kayley","18","11","10","2m7.5f ","4yo+","10157","3",,
"2026-02-14","4.10.","Ascot","17th","Operation Manna","55.4500","38.8273","11.9094","8.6878","4.3608","6.9120","4.8510","3.2730","1.5246","1.2503","0.0000","0.0000","0.0000","1.1554","0.0000","4.5999","142.8014","33.00","Handicap Hurdle","Iles, Cameron","Lacey, T","18","17","10","2m7.5f ","4yo+","10157","3",,
"2026-02-14","4.10.","Ascot","13th","Yellow Star (FR)","52.4738","45.1584","13.3284","8.8500","6.7421","3.7291","3.7995","2.0690","2.0535","2.1830","0.0000","0.0000","0.0000","0.9087","0.0000","1.3889","142.6845","12.00","Handicap Hurdle","Quinn, Caoilin","Moore, Gary and Josh","18","13","6","2m7.5f ","4yo+","10157","3",,
"2026-02-14","4.10.","Ascot","3rd","Oh My Johnny (IRE)","55.0000","32.5152","12.0216","8.1074","7.6650","2.7538","4.0540","1.7021","1.5885","0.0000","1.5945","0.0000","0.0000","1.2296","0.0000","4.0109","132.2427","22.00","Handicap Hurdle","Houlihan, Sean M","Hobbs, P J / White, J","18","3","6","2m7.5f ","4yo+","10157","3",,
"2026-02-14","4.10.","Ascot","12th","Il Va De Soi (FR)","50.6500","25.4537","19.2826","11.2341","3.7648","5.6217","4.1439","2.9790","2.2162","1.9014","0.0000","0.0000","0.0000","2.0445","0.0000","2.0665","131.3584","50.00","Handicap Hurdle","Fox, Megan","Derham, Harry","18","12","8","2m7.5f ","4yo+","10157","3",,
"2026-02-14","4.10.","Ascot","6th","Striking A Pose (IRE)","47.9720","22.3074","19.9988","6.4204","7.2146","3.3676","5.6580","2.4811","1.8992","2.2225","0.0000","0.0000","0.0000","1.5574","0.0000","4.4609","125.5599","50.00","Handicap Hurdle","Tudor, Jack","Tizzard, Joe","18","6","10","2m7.5f ","4yo+","10157","3",,
"2026-02-14","4.15.","Gowran Park","5th","Champagne Jury (IRE)","112.6620","37.5196","13.5306","11.5092","6.0588","0.0000","0.0000","0.0000","0.0000","0.0000","17.6690","0.0000","0.0000","1.4777","0.0000","7.9333","208.3602","4.00","Beginners Chase","Donoghue, K M","Cromwell, Gavin Patrick","8","5","7","2m3.5f ","5yo+","6637","0",,
"2026-02-14","4.15.","Gowran Park","1st","King Alexander (IRE)","75.7544","33.5887","23.2306","11.4107","7.7491","6.2100","2.8708","2.8084","2.5605","1.4375","0.0000","0.0000","0.0000","2.0081","0.0000","3.9375","173.5664","0.44","Beginners Chase","Townend, P","Mullins, W P","8","1","8","2m3.5f ","5yo+","6637","0",,
"2026-02-14","4.15.","Gowran Park","3rd","Da Capo Glory (IRE)","67.0473","20.5741","14.7856","11.8838","5.9849","6.0543","5.3932","3.4590","1.5979","2.5883","0.0000","0.0000","0.0000","1.2476","0.0000","4.1667","144.7826","6.50","Beginners Chase","Allen, Mr D","Butler, Padraig","8","3","9","2m3.5f ","5yo+","6637","0",,
"2026-02-14","4.15.","Gowran Park","PU","Mr Escobar (IRE)","43.1205","40.6992","20.7754","7.0136","7.6180","5.6297","4.1041","2.9794","1.0536","1.6126","0.0000","0.0000","0.0000","1.9081","0.0000","1.3333","137.8474","14.00","Beginners Chase","Mullins, D E","Mullins, W P","8","0","8","2m3.5f ","5yo+","6637","0",,
"2026-02-14","4.15.","Gowran Park","4th","Ballybow (IRE)","45.2390","26.8520","10.4696","12.1483","10.7960","5.5004","4.0991","1.5088","1.7728","0.0000","1.8038","0.0000","0.0000","1.8337","0.0000","3.0553","125.0789","8.50","Beginners Chase","Gilligan, D J","Elliott, Gordon","8","4","7","2m3.5f ","5yo+","6637","0",,
"2026-02-14","4.15.","Gowran Park","2nd","Yoradreamer","41.4691","23.4679","11.6193","12.7506","5.6455","5.8214","4.0061","2.3953","0.8633","0.0000","1.6142","0.0000","0.0000","1.9525","0.0000","1.3650","112.9703","40.00","Beginners Chase","OKeeffe, Sean F","Mullins, W P","8","2","7","2m3.5f ","5yo+","6637","0",,
"2026-02-14","4.15.","Gowran Park","7th","Mistyburn (IRE)","44.6865","19.2594","10.5946","7.5323","4.0936","3.3144","2.2171","1.7439","1.4702","0.0000","1.2413","0.0000","0.0000","0.4757","0.0000","0.0000","96.6290","250.00","Beginners Chase","Roche, T P","Rothwell, P J","8","7","6","2m3.5f ","5yo+","6637","0",,
"2026-02-14","4.15.","Gowran Park","6th","Lamiral Fromentin (FR)","39.9286","0.0000","0.0000","0.0000","0.0000","0.0000","0.0000","0.0000","0.0000","0.0000","45.1393","0.0000","0.0000","0.4757","0.0000","0.4000","85.9436","250.00","Beginners Chase","Robinson, D","Rothwell, P J","8","6","5","2m3.5f ","5yo+","6637","0",,
"2026-02-14","4.20.","Lingfield","1st","Combustion","75.2520","27.4567","15.2380","10.6536","7.0233","4.5073","3.3803","1.0640","0.7032","0.9640","0.0000","0.0000","0.0000","1.6000","0.0000","13.2429","161.0852","0.73","Handicap","Haynes, Joey","Banham, Chelsea","7","1","5","6f ","4yo+","4397","5",,
"2026-02-14","4.20.","Lingfield","2nd","All Too Beautiful","42.4600","37.9926","18.9340","11.0628","5.7499","2.5573","3.3393","2.8578","1.8036","1.5489","0.0000","0.0000","0.0000","0.6608","0.0000","7.8148","136.7818","7.00","Handicap","Mitchell, Jack","Teal, R A","7","2","4","6f ","4yo+","4397","5",,
"2026-02-14","4.20.","Lingfield","4th","Mart","68.4850","22.7452","15.0390","6.6278","6.4120","3.3020","4.0295","2.0034","1.3121","1.2057","0.0000","0.0000","0.0000","0.8364","0.0000","4.5830","136.5812","3.00","Handicap","Levey, S M","Cunha, Dylan","7","4","5","6f ","4yo+","4397","5",,
"2026-02-14","4.20.","Lingfield","7th","Due Date","42.4100","33.3828","18.3770","11.0544","4.2344","4.2620","4.3105","2.1982","1.1211","1.2415","0.0000","0.0000","0.0000","0.7547","0.0000","3.7618","127.1085","40.00","Handicap","Hornby, Rob","Wallis, Charlie","7","7","6","6f ","4yo+","4397","5",,
"2026-02-14","4.20.","Lingfield","3rd","Diamond Dreamer","58.7987","21.2214","13.7222","5.7919","5.1565","3.4283","3.6404","3.2639","1.2646","1.4272","0.0000","0.0000","0.0000","0.5179","0.0000","4.6942","122.9273","11.00","Handicap","Muscutt, D","Chamings, P R","7","3","6","6f ","4yo+","4397","5",,
"2026-02-14","4.20.","Lingfield","5th","Ottawa","51.8500","18.1350","18.8360","4.9057","4.5670","4.9327","3.8111","1.5536","1.2909","1.8812","0.0000","0.0000","0.0000","0.5156","0.0000","2.6706","114.9496","12.00","Handicap","Fallon, Cieren","Parr, Joseph","7","5","4","6f ","4yo+","4397","5",,
"2026-02-14","4.20.","Lingfield","6th","Stapleford Park","52.0300","18.9338","8.9845","5.9883","5.4537","3.5009","4.0140","1.9625","1.7735","1.4991","0.0000","0.0000","0.0000","0.6317","0.0000","1.7277","106.4998","50.00","Handicap","Leavy, Joe","Attwater, M J","7","6","4","6f ","4yo+","4397","5",,
"2026-02-14","4.25.","Newcastle","2nd","Forest Caper","68.9200","26.6220","18.7350","8.8652","4.5638","5.2218","4.3078","2.4855","2.0188","1.7882","0.0000","0.0000","0.0000","0.9949","0.0000","1.5569","146.0799","3.00","Handicap","Hart, Jason","OMeara, D","9","2","5","1m2f ","4yo+","4397","5",,
"2026-02-14","4.25.","Newcastle","5th","Prince Achille","66.5650","29.3635","15.9406","11.0646","4.0215","2.5610","2.4741","1.5913","1.2526","1.2261","0.0000","0.0000","0.0000","0.9169","0.0000","4.9526","141.9297","5.50","Handicap","Garritty, Jack","OKeeffe, Jedd","9","5","7","1m2f ","4yo+","4397","5",,
"2026-02-14","4.25.","Newcastle","4th","Mao Shang Wong (IRE)","69.3750","21.8614","19.1468","8.3345","3.6365","0.0000","0.0000","0.0000","0.0000","0.0000","13.0631","0.0000","0.0000","0.9949","0.0000","1.1333","137.5456","5.00","Handicap","Winn, Mark","OMeara, D","9","4","4","1m2f ","4yo+","4397","5",,
"2026-02-14","4.25.","Newcastle","6th","Golspie (IRE)","55.9450","27.7538","17.9388","8.0376","8.3834","4.0070","3.0224","2.6213","1.6128","1.8661","0.0000","0.0000","0.0000","0.7459","0.0000","3.0641","134.9982","5.50","Handicap","Nolan, D","Morris, Patrick","9","6","6","1m2f ","4yo+","4397","5",,
"2026-02-14","4.25.","Newcastle","1st","Bearwith","63.4750","26.1412","11.7535","10.1678","4.9715","3.3992","2.1859","3.3006","1.5734","1.7627","0.0000","0.0000","0.0000","0.8584","0.0000","4.7106","134.2998","7.00","Handicap","Brookes, Aiden","Bethell, Harriet","9","1","8","1m2f ","4yo+","4397","5",,
"2026-02-14","4.25.","Newcastle","7th","Star Cast","63.7800","33.9048","7.7837","4.9949","5.9906","3.8550","2.6708","2.5076","1.3522","1.1851","0.0000","0.0000","0.0000","0.8476","0.0000","4.9034","133.7757","12.00","Handicap","Fraser, Kaiya","Tutty, Gemma","9","7","4","1m2f ","4yo+","4397","5",,
"2026-02-14","4.25.","Newcastle","8th","Up The Jazz (IRE)","42.1224","29.0140","13.3948","9.4877","4.8836","5.4273","3.2540","1.8086","1.0677","1.1794","0.0000","0.0000","0.0000","1.0980","0.0000","2.2507","114.9882","10.00","Handicap","Tindall, Ethan","Fahey, R A","9","8","5","1m2f ","4yo+","4397","5",,
"2026-02-14","4.25.","Newcastle","3rd","Jack Sparowe (IRE)","49.7550","16.3584","17.4702","10.0388","4.4612","3.8306","2.9635","1.4950","1.4271","1.5422","0.0000","0.0000","0.0000","0.6457","0.0000","2.5499","112.5375","9.00","Handicap","Morris, Luke","Butler, John","9","3","7","1m2f ","4yo+","4397","5",,
"2026-02-14","4.25.","Newcastle","9th","Lieutenant Lily","36.0557","21.4714","10.1616","8.7460","8.9201","3.9946","2.9904","0.0000","0.0000","0.0000","5.0445","0.0000","0.0000","1.4770","0.0000","2.5714","101.4326","28.00","Handicap","Mullen, Andrew","Haslam, B M R","9","9","4","1m2f ","4yo+","4397","5",,
"2026-02-14","4.30.","Haydock","3rd","Shearer (IRE)","95.6246","38.6498","19.5277","13.0050","8.6325","4.6405","3.3993","2.0614","2.7975","2.5099","0.0000","0.0000","0.0000","2.6351","0.0000","3.9057","197.3890","0.80","Hunters Chase","Andrews, Gina","Nicholls, P F","6","3","10","2m6.5f ","5yo+","7700","3",,
"2026-02-14","4.30.","Haydock","1st","Unexpected Party (FR)","91.3660","26.4609","22.4311","11.1096","8.3115","8.9362","4.4310","2.3828","1.9877","1.6748","0.0000","0.0000","0.0000","1.7267","0.0000","1.8580","182.6764","3.00","Hunters Chase","Palin, Miss H","Skelton, Daniel","6","1","11","2m6.5f ","5yo+","7700","3",,
"2026-02-14","4.30.","Haydock","2nd","Take All (IRE)","70.9356","40.1054","13.5989","13.6412","6.5723","4.2003","3.4524","1.6548","1.3606","1.2953","0.0000","0.0000","0.0000","0.2381","0.0000","2.4619","159.5169","5.50","Hunters Chase","Scott, Mr Samuel","Osborne, M","6","2","11","2m6.5f ","5yo+","7700","3",,
"2026-02-14","4.30.","Haydock","4th","Good Boy Bobby (IRE)","85.1254","20.5425","17.4250","11.0610","4.3549","5.9387","3.2240","1.9642","2.2362","1.4884","0.0000","0.0000","0.0000","1.4346","0.0000","3.9688","158.7639","8.00","Hunters Chase","Jackson-Fennell, Miss A","Twiston-Davies, N A","6","4","13","2m6.5f ","5yo+","7700","3",,
"2026-02-14","4.30.","Haydock","PU","Lift Me Up (IRE)","66.9183","28.4620","19.6551","7.7679","3.8739","5.4636","0.0000","0.0000","0.0000","0.0000","9.3127","0.0000","0.0000","0.5833","0.0000","3.6332","145.6700","20.00","Hunters Chase","McIntyre, Mr M J","Filby, Miss M","6","0","10","2m6.5f ","5yo+","7700","3",,
"2026-02-14","4.30.","Haydock","5th","Settle Down Jill (IRE)","47.7780","28.9178","18.4422","10.5636","6.0311","8.3680","4.1670","1.8558","1.8951","1.8503","0.0000","0.0000","0.0000","0.0000","0.0000","2.5081","132.3769","66.00","Hunters Chase","Barlow, Patrick","Sanderson, Norman","6","5","6","2m6.5f ","5yo+","7700","3",,
"2026-02-14","4.37.","Wincanton","1st","Call Me Legend (IRE)","99.6600","37.6529","17.7304","9.9580","7.8034","6.5796","0.0000","0.0000","0.0000","0.0000","12.1833","0.0000","0.0000","1.4020","0.0000","3.1665","196.1362","1.50","Handicap Novices Hurdle","Stenhouse, Jack","Hobbs, P J / White, J","6","1","6","3m1.5f ","4yo+","4489","4",,
"2026-02-14","4.37.","Wincanton","2nd","Crossgales King (IRE)","67.0750","30.9971","12.8597","6.4278","7.6584","5.4028","3.0864","0.0000","0.0000","0.0000","5.7788","0.0000","0.0000","0.5843","0.0000","0.4000","140.2704","6.00","Handicap Novices Hurdle","Hanlon, Paddy","Hosie, Syd","6","2","6","3m1.5f ","4yo+","4489","4",,
"2026-02-14","4.37.","Wincanton","3rd","Seatoit (IRE)","72.5350","21.3854","21.1630","5.7069","5.2055","4.7071","2.6640","2.1940","1.5059","0.0000","1.5931","0.0000","0.0000","0.9424","0.0000","0.5444","140.1467","2.25","Handicap Novices Hurdle","Aswat, Aamilah","Bailey, K C","6","3","7","3m1.5f ","4yo+","4489","4",,
"2026-02-14","4.37.","Wincanton","PU","Annie Express (IRE)","44.6800","40.4550","9.9934","8.5991","3.4950","3.4434","3.2613","1.3941","0.0000","0.0000","2.8434","0.0000","0.0000","1.1223","0.0000","2.2917","121.5787","16.00","Handicap Novices Hurdle","Harrison, Liam","Llewellyn, Robert","6","0","8","3m1.5f ","4yo+","4489","4",,
"2026-02-14","4.37.","Wincanton","4th","Bredon Hill Dart","50.5880","28.3248","10.1067","11.6994","3.6342","5.1126","2.0541","1.4595","0.9904","1.1968","0.0000","0.0000","0.0000","0.5144","0.0000","3.4001","119.0811","7.00","Handicap Novices Hurdle","Worsley, Tabitha","Gardner, Mrs S","6","4","7","3m1.5f ","4yo+","4489","4",,
"2026-02-14","4.37.","Wincanton","PU","Badentaggart (IRE)","63.7400","20.6191","11.8761","6.6527","2.3924","2.3323","1.7664","0.0000","0.0000","0.0000","3.8534","0.0000","0.0000","1.2994","0.0000","2.3000","116.8316","9.00","Handicap Novices Hurdle","OBrien, P V","Scott, J","6","0","7","3m1.5f ","4yo+","4489","4",,
"2026-02-14","4.45.","Ascot","2nd","One Dimensional","92.8013","0.0000","0.0000","0.0000","0.0000","0.0000","0.0000","0.0000","0.0000","0.0000","104.9119","0.0000","0.0000","0.4975","0.0000","0.0000","198.2107","5.00","NH Flat","Bass, David","Comley, Max","9","2","6","1m7.5f ","4-6yo","8986","2",,
"2026-02-14","4.45.","Ascot","9th","Grizzled Squirrel","70.3188","21.5913","0.0000","0.0000","0.0000","0.0000","0.0000","0.0000","0.0000","0.0000","41.5823","0.0000","0.0000","0.7658","0.0000","1.0000","135.2582","6.00","NH Flat","Quinn, Caoilin","Moore, Gary and Josh","9","9","5","1m7.5f ","4-6yo","8986","2",,
"2026-02-14","4.45.","Ascot","4th","Queen Marcia","39.9023","0.0000","0.0000","0.0000","0.0000","0.0000","0.0000","0.0000","0.0000","0.0000","45.1096","0.0000","0.0000","0.1506","0.0000","0.0000","85.1625","50.00","NH Flat","Burke, Jonathan","Jeffreys, D J","9","4","5","1m7.5f ","4-6yo","8986","2",,
"2026-02-14","4.45.","Ascot","5th","Ms Des Fois (IRE)","0.0000","0.0000","0.0000","0.0000","0.0000","0.0000","0.0000","0.0000","0.0000","0.0000","0.0000","0.0000","0.0000","1.2529","0.0000","1.2000","2.4529","2.50","NH Flat","Dingle, Rex","Honeyball, A J","9","5","4","1m7.5f ","4-6yo","8986","2",,
"2026-02-14","4.45.","Ascot","8th","Miss Roc On Sal (IRE)","0.0000","0.0000","0.0000","0.0000","0.0000","0.0000","0.0000","0.0000","0.0000","0.0000","0.0000","0.0000","0.0000","0.8270","0.0000","1.2000","2.0270","16.00","NH Flat","Poste, Ben J","Symonds, Tom","9","8","4","1m7.5f ","4-6yo","8986","2",,
"2026-02-14","4.45.","Ascot","3rd","Galante De Vassy (FR)","0.0000","0.0000","0.0000","0.0000","0.0000","0.0000","0.0000","0.0000","0.0000","0.0000","0.0000","0.0000","0.0000","0.8270","0.0000","1.2000","2.0270","12.00","NH Flat","Fox, Ned","Symonds, Tom","9","3","4","1m7.5f ","4-6yo","8986","2",,
"2026-02-14","4.45.","Ascot","1st","Martini Majesty","0.0000","0.0000","0.0000","0.0000","0.0000","0.0000","0.0000","0.0000","0.0000","0.0000","0.0000","0.0000","0.0000","0.7280","0.0000","1.2000","1.9280","8.50","NH Flat","Bellamy, Tom","King, A","9","1","4","1m7.5f ","4-6yo","8986","2",,
"2026-02-14","4.45.","Ascot","6th","Burning Embers (IRE)","0.0000","0.0000","0.0000","0.0000","0.0000","0.0000","0.0000","0.0000","0.0000","0.0000","0.0000","0.0000","0.0000","1.4484","0.0000","0.0000","1.4484","4.50","NH Flat","Durrell, Tristan","Skelton, Daniel","9","6","5","1m7.5f ","4-6yo","8986","2",,
"2026-02-14","4.45.","Ascot","7th","Harzandacassandra","0.0000","0.0000","0.0000","0.0000","0.0000","0.0000","0.0000","0.0000","0.0000","0.0000","0.0000","0.0000","0.0000","0.4764","0.0000","0.0000","0.4764","6.00","NH Flat","Woods, K K","Killahena, David / Mcpherson, Graeme","9","7","5","1m7.5f ","4-6yo","8986","2",,
"2026-02-14","4.50.","Gowran Park","3rd","Slanagaibhgoleir (IRE)","100.1246","29.0139","15.0190","8.5404","7.7502","3.6098","2.6872","2.7743","1.1974","1.5504","0.0000","0.0000","0.0000","1.6433","0.0000","2.6677","176.5782","5.50","Handicap Chase","Millar, Carl","Elliott, Gordon","9","3","8","2m3.5f ","5yo+","8496","0",,
"2026-02-14","4.50.","Gowran Park","6th","Happy Dreams (FR)","68.8600","40.9194","24.6290","13.1472","6.4795","2.8575","1.9072","1.7324","1.1211","0.9628","0.0000","0.0000","0.0000","0.3200","0.0000","4.7976","167.7337","7.50","Handicap Chase","OKeeffe, Sean F","McDonagh, Michael J","9","6","9","2m3.5f ","5yo+","8496","0",,
"2026-02-14","4.50.","Gowran Park","7th","Dont Go Yet (IRE)","61.0300","41.3928","23.8456","10.9534","11.2338","6.7957","4.4636","2.5053","1.8671","1.3883","0.0000","0.0000","0.0000","0.1644","0.0000","1.9631","167.6029","33.00","Handicap Chase","Walsh, E","Cawley, Edward","9","7","12","2m3.5f ","5yo+","8496","0",,
"2026-02-14","4.50.","Gowran Park","1st","Mount Frisco (IRE)","71.6050","27.3038","12.7238","10.8247","7.4815","5.5514","3.2088","1.7907","1.1628","1.1658","0.0000","0.0000","0.0000","0.2605","0.0000","3.9831","147.0618","8.00","Handicap Chase","King, D","Ryan, John Patrick","9","1","7","2m3.5f ","5yo+","8496","0",,
"2026-02-14","4.50.","Gowran Park","PU","Casey West (IRE)","60.4400","32.4823","20.9726","7.0866","4.8550","4.8107","2.6095","2.1468","1.7390","1.5733","0.0000","0.0000","0.0000","0.5666","0.0000","3.8475","143.1300","6.00","Handicap Chase","Roche, T P","Rothwell, P J","9","0","10","2m3.5f ","5yo+","8496","0",,
"2026-02-14","4.50.","Gowran Park","PU","Petit King (FR)","49.4278","36.4726","17.9098","6.8271","4.0592","3.0547","2.0402","1.5150","2.2202","1.6352","0.0000","0.0000","0.0000","0.1456","0.0000","6.0825","131.3899","12.00","Handicap Chase","Enright, P T","Cawley, Edward","9","0","10","2m3.5f ","5yo+","8496","0",,
"2026-02-14","4.50.","Gowran Park","2nd","Beckett Rock (IRE)","52.8099","25.9756","8.6667","10.2100","10.2972","7.6945","2.6923","2.8007","1.3996","1.7773","0.0000","0.0000","0.0000","0.8835","0.0000","5.8857","131.0929","3.00","Handicap Chase","OKeeffe, Darragh","Bromhead, Henry De","9","2","7","2m3.5f ","5yo+","8496","0",,
"2026-02-14","4.50.","Gowran Park","5th","Mighty Jeremy (IRE)","62.4056","24.7822","11.2721","6.4457","4.8538","2.9260","4.1040","2.0454","1.7361","1.2445","0.0000","0.0000","0.0000","0.2874","0.0000","5.8259","127.9287","8.50","Handicap Chase","Torrens, Simon","Foley, Patrick T","9","5","12","2m3.5f ","5yo+","8496","0",,
"2026-02-14","4.50.","Gowran Park","4th","Klass Langy (FR)","66.7509","19.8784","0.0000","0.0000","0.0000","0.0000","0.0000","0.0000","0.0000","0.0000","38.9902","0.0000","0.0000","1.0822","0.0000","0.5000","127.2017","4.00","Handicap Chase","Slevin, J J","OBrien, Joseph Patrick","9","4","6","2m3.5f ","5yo+","8496","0",,
"2026-02-14","4.55.","Newcastle","9th","Spartan Fighter","84.7000","29.7765","19.1000","11.2263","7.3844","5.2360","3.5342","2.2490","0.8699","1.2385","0.0000","0.0000","0.0000","1.0679","0.0000","4.0090","170.3917","6.00","Handicap","Hardie, Cameron","Brittain, Antony","10","9","9","6f ","4yo+","4711","6",,
"2026-02-14","4.55.","Newcastle","2nd","Pit Boss","75.9000","28.3972","14.1875","7.2845","5.1033","5.4737","2.8092","2.4653","1.8118","1.8212","0.0000","0.0000","0.0000","0.7269","0.0000","3.7016","149.6823","3.33","Handicap","Garritty, Billy","Bailey, Liam","10","2","4","6f ","4yo+","4711","6",,
"2026-02-14","4.55.","Newcastle","10th","Teardrops","61.5450","29.9002","18.9500","9.0007","7.3844","5.5853","3.2314","2.0234","0.9556","1.0938","0.0000","0.0000","0.0000","1.0315","0.0000","7.7818","148.4831","10.00","Handicap","Wood, George","Spencer, Richard","10","10","4","6f ","4yo+","4711","6",,
"2026-02-14","4.55.","Newcastle","1st","Yorkshire Glory (IRE)","59.3850","34.4700","12.9362","8.3601","7.3048","5.8526","3.4538","2.5988","1.7490","1.4368","0.0000","0.0000","0.0000","1.6199","0.0000","6.9045","146.0716","5.00","Handicap","Mullen, Andrew","Haslam, B M R","10","1","5","6f ","4yo+","4711","6",,
"2026-02-14","4.55.","Newcastle","8th","Rajstar (IRE)","75.0000","18.5531","11.5403","8.1959","0.0000","0.0000","0.0000","0.0000","0.0000","0.0000","17.5252","0.0000","0.0000","1.8103","0.0000","9.0165","141.6413","7.00","Handicap","Hart, Jason","Haslam, B M R","10","8","4","6f ","4yo+","4711","6",,
"2026-02-14","4.55.","Newcastle","3rd","Raft Up (IRE)","52.0213","27.4507","17.6998","10.9274","4.5674","5.1988","4.2060","2.4153","1.1875","1.9090","0.0000","0.0000","0.0000","0.8307","0.0000","6.3077","134.7216","6.50","Handicap","Scott, Rowan","Bethell, Harriet","10","3","5","6f ","4yo+","4711","6",,
"2026-02-14","4.55.","Newcastle","5th","Mayo County","59.8250","27.9952","9.0215","5.6204","6.6093","3.1954","4.2559","3.0000","1.8269","2.0615","0.0000","0.0000","0.0000","0.7394","0.0000","4.0702","128.2208","7.00","Handicap","Marshall, Tom Kiely","Camacho, Miss J A","10","5","5","6f ","4yo+","4711","6",,
"2026-02-14","4.55.","Newcastle","7th","Pickersgill (IRE)","61.4000","20.8685","11.0374","9.0163","3.6328","7.6666","4.2004","2.3101","1.0722","1.4392","0.0000","0.0000","0.0000","0.5248","0.0000","2.5000","125.6683","9.00","Handicap","Nolan, D","Jardine, I","10","7","4","6f ","4yo+","4711","6",,
"2026-02-14","4.55.","Newcastle","4th","Andalprofit (IRE)","44.2656","32.1786","9.0088","5.1359","3.4662","3.2537","2.6113","1.7227","1.7348","1.9072","0.0000","0.0000","0.0000","0.7599","0.0000","4.9750","111.0197","22.00","Handicap","Jary, Alex","Tinkler, N","10","4","4","6f ","4yo+","4711","6",,
"2026-02-14","4.55.","Newcastle","6th","Mersea (FR)","40.7200","18.9135","14.1641","7.7300","4.6323","3.8344","2.9865","1.4971","2.1686","1.7714","0.0000","0.0000","0.0000","0.5234","0.0000","4.0236","102.9648","40.00","Handicap","Stammers, Oliver","Tuer, Grant","10","6","6","6f ","4yo+","4711","6",,
"2026-02-14","5.25.","Newcastle","3rd","Peregrine Falcon (IRE)","71.7195","20.9361","16.4308","8.9940","4.9574","4.3934","2.7999","2.7369","1.0064","1.5574","0.0000","0.0000","0.0000","0.6718","0.0000","1.3714","137.5750","2.50","Maiden","Kavanagh, Ryan","Morris, Patrick","4","3","4","5f ","3-5yo","4320","5",,
"2026-02-14","5.25.","Newcastle","4th","Ruby Red Gove","78.0242","15.9823","0.0000","0.0000","0.0000","0.0000","0.0000","0.0000","0.0000","0.0000","39.9094","0.0000","0.0000","0.4753","0.0000","1.2000","135.5912","3.50","Maiden","Nolan, D","Furtado, Ivan","4","4","4","5f ","3-5yo","4320","5",,
"2026-02-14","5.25.","Newcastle","1st","Polka","45.0078","21.5823","0.0000","0.0000","0.0000","0.0000","0.0000","0.0000","0.0000","0.0000","32.6784","0.0000","0.0000","0.6341","0.0000","0.5000","100.4026","12.00","Maiden","Scott, Rowan","Camacho, Miss J A","4","1","4","5f ","3-5yo","4320","5",,
"2026-02-14","5.25.","Newcastle","2nd","Merlier (IRE)","0.0000","0.0000","0.0000","0.0000","0.0000","0.0000","0.0000","0.0000","0.0000","0.0000","0.0000","0.0000","0.0000","1.0099","0.0000","1.1000","2.1099","1.00","Maiden","Morris, Luke","Watson, Archie","4","2","3","5f ","3-5yo","4320","5",,
"2026-02-14","5.55.","Newcastle","2nd","Aisling Oscar (IRE)","87.8000","39.3750","19.5000","11.6700","7.5638","5.9462","4.3285","2.8642","1.7071","0.8094","0.0000","0.0000","0.0000","3.0428","0.0000","11.4947","196.1017","2.50","Handicap","McSweeney, O","Keatley, Adrian Paul","8","2","5","1m ","4yo+","5653","4",,
"2026-02-14","5.55.","Newcastle","7th","Flying Fletcher","97.9000","37.0989","19.6703","9.3616","6.2504","5.9876","3.7476","2.1300","2.1518","2.0439","0.0000","0.0000","0.0000","1.1020","0.0000","4.8252","192.2693","5.50","Handicap","Gray, S A","Fahey, R A","8","7","5","1m ","4yo+","5653","4",,
"2026-02-14","5.55.","Newcastle","3rd","Inspired (IRE)","73.2090","44.1829","11.2152","0.0000","0.0000","0.0000","0.0000","0.0000","0.0000","0.0000","33.5554","0.0000","0.0000","1.8046","0.0000","8.9996","172.9667","2.00","Handicap","Nicholls, Jack","Burke, K R","8","3","4","1m ","4yo+","5653","4",,
"2026-02-14","5.55.","Newcastle","1st","Francesi (IRE)","71.2850","32.3190","16.7013","11.1510","9.2484","5.4480","3.8349","3.3769","2.0199","1.6976","0.0000","0.0000","0.0000","1.4675","0.0000","6.2573","164.8067","3.50","Handicap","Coppins, Myla","Carroll, A W","8","1","7","1m ","4yo+","5653","4",,
"2026-02-14","5.55.","Newcastle","5th","Rajapour (IRE)","71.6500","21.3300","16.2818","12.9360","4.8100","3.8173","3.9787","1.8408","1.5882","2.6886","0.0000","0.0000","0.0000","1.0616","0.0000","1.1251","143.1082","11.00","Handicap","Garritty, Billy","OMeara, D","8","5","6","1m ","4yo+","5653","4",,
"2026-02-14","5.55.","Newcastle","8th","Qazaq (FR)","60.8550","22.6306","15.0686","6.9051","6.8026","4.9426","4.4846","2.8770","1.3958","2.4705","0.0000","0.0000","0.0000","0.5248","0.0000","3.1000","132.0571","28.00","Handicap","Winn, Mark","Jardine, I","8","8","5","1m ","4yo+","5653","4",,
"2026-02-14","5.55.","Newcastle","4th","Bajan Bandit","42.3450","33.4238","18.1312","10.3738","7.3363","5.8766","5.1377","1.9233","1.1617","1.2045","0.0000","0.0000","0.0000","0.7306","0.0000","3.4614","131.1059","20.00","Handicap","Morris, Luke","Morris, Patrick","8","4","6","1m ","4yo+","5653","4",,
"2026-02-14","5.55.","Newcastle","6th","Helmsley (IRE)","53.1700","21.7016","14.3572","12.2686","5.4711","6.5209","2.9302","1.4491","0.0000","0.0000","3.2910","0.0000","0.0000","0.4753","0.0000","1.4250","123.0600","50.00","Handicap","Hart, Jason","Furtado, Ivan","8","6","4","1m ","4yo+","5653","4",,
"2026-02-14","6.25.","Newcastle","2nd","Rogue Rebellion","74.1000","17.2672","7.8076","8.5093","3.5651","0.0000","0.0000","0.0000","0.0000","0.0000","10.7653","0.0000","0.0000","1.7053","0.0000","3.1999","126.9197","2.75","Handicap","Morris, Luke","Owen, J P","6","2","3","5f ","3yo","3768","6",,
"2026-02-14","6.25.","Newcastle","5th","Mystical Land (IRE)","65.6700","18.2133","13.6190","7.5928","5.1349","4.6520","0.0000","0.0000","0.0000","0.0000","8.1254","0.0000","0.0000","0.5968","0.0000","1.7834","125.3877","2.50","Handicap","Kirrane, Sean","Dods, M","6","5","3","5f ","3yo","3768","6",,
"2026-02-14","6.25.","Newcastle","3rd","Mythical Night (IRE)","63.7750","16.6298","10.8125","9.8824","5.1779","3.7834","0.0000","0.0000","0.0000","0.0000","7.8264","0.0000","0.0000","0.6061","0.0000","1.9666","120.4601","3.50","Handicap","Mason, Joanna","Cunha, Dylan","6","3","3","5f ","3yo","3768","6",,
"2026-02-14","6.25.","Newcastle","1st","Mademoiselle Belle (IRE)","42.7350","27.6345","14.0688","9.7102","6.1581","3.8436","2.4008","1.9718","1.6470","1.4397","0.0000","0.0000","0.0000","0.6116","0.0000","1.8859","114.1070","3.33","Handicap","Robinson, Ben","Ellison, B","6","1","3","5f ","3yo","3768","6",,
"2026-02-14","6.25.","Newcastle","4th","Doilookokay","38.3896","31.5153","14.4629","7.7379","3.7165","2.6435","0.0000","0.0000","0.0000","0.0000","7.2978","0.0000","0.0000","0.8016","0.0000","3.0001","109.5651","12.00","Handicap","McManoman, Faye","Tinkler, N","6","4","3","5f ","3yo","3768","6",,
"2026-02-14","6.25.","Newcastle","6th","Calabrian Soldato (IRE)","45.7000","14.7375","14.1226","7.0723","3.7030","2.5333","0.0000","0.0000","0.0000","0.0000","6.3532","0.0000","0.0000","0.5971","0.0000","2.5334","97.3524","25.00","Handicap","Coughlan, Laura","Souza, Lemos","6","6","3","5f ","3yo","3768","6",,
"2026-02-14","6.55.","Newcastle","3rd","Brazilian Rose (IRE)","88.2000","29.3400","21.9500","12.7974","5.2764","4.6602","2.5320","2.5743","2.0669","1.6838","0.0000","0.0000","0.0000","1.0420","0.0000","3.9246","176.0476","1.38","Handicap","Fraser, Kaiya","Menzies, Rebecca","4","3","5","7f ","4yo+","4397","5",,
"2026-02-14","6.55.","Newcastle","4th","Party Bear (IRE)","87.4000","36.0022","13.3880","6.1254","5.5112","3.5880","4.2428","3.0565","2.4121","1.6244","0.0000","0.0000","0.0000","1.7021","0.0000","3.7342","168.7868","3.00","Handicap","Nicholls, Jack","Burke, K R","4","4","4","7f ","4yo+","4397","5",,
"2026-02-14","6.55.","Newcastle","1st","Mereside Diva (IRE)","65.2750","35.6085","13.8962","6.7675","4.5880","5.1728","3.4032","3.2302","2.1735","2.1986","0.0000","0.0000","0.0000","0.8956","0.0000","2.7674","145.9765","2.00","Handicap","Pyle, William","Barron, T D","4","1","6","7f ","4yo+","4397","5",,
"2026-02-14","6.55.","Newcastle","2nd","Penny Mountain (IRE)","37.9700","17.6693","14.2823","11.0811","5.6948","2.6855","2.8517","1.6103","1.5822","0.9890","0.0000","0.0000","0.0000","0.4139","0.0000","3.8275","100.6577","7.50","Handicap","Waugh, Amie","Rutherford, Gary","4","2","5","7f ","4yo+","4397","5",,
"2026-02-14","7.25.","Newcastle","1st","Silver State (IRE)","75.7000","16.0432","12.5929","5.1107","0.0000","0.0000","0.0000","0.0000","0.0000","0.0000","15.8104","0.0000","0.0000","1.2627","0.0000","2.1500","128.6699","1.38","Handicap","Dawes, Rose","Channon, Jack","8","1","3","1m ","3yo","3768","6",,
"2026-02-14","7.25.","Newcastle","2nd","Popty Ping","44.7150","25.1775","14.8800","11.2428","5.8881","4.5786","3.2086","2.0675","1.3337","1.5802","0.0000","0.0000","0.0000","1.0718","0.0000","3.6409","119.3846","4.00","Handicap","Winn, Mark","OMeara, D","8","2","3","1m ","3yo","3768","6",,
"2026-02-14","7.25.","Newcastle","3rd","Archangel Josepi (IRE)","42.4600","21.8336","15.1662","9.7685","5.4476","3.4016","3.0096","2.8720","1.1725","0.0000","1.5035","0.0000","0.0000","0.6116","0.0000","2.6777","109.9244","2.25","Handicap","Robinson, Ben","Ellison, B","8","3","3","1m ","3yo","3768","6",,
"2026-02-14","7.25.","Newcastle","5th","Fickle Mcselfish","47.8300","18.1504","12.6983","5.5138","0.0000","0.0000","0.0000","0.0000","0.0000","0.0000","14.1891","0.0000","0.0000","0.3721","0.0000","1.7000","100.4537","28.00","Handicap","Hardie, Cameron","Coyle, Tony","8","5","3","1m ","3yo","3768","6",,
"2026-02-14","7.25.","Newcastle","7th","Charcon","43.4294","22.8705","8.3784","5.6837","0.0000","0.0000","0.0000","0.0000","0.0000","0.0000","13.3768","0.0000","0.0000","1.4770","0.0000","1.5000","96.7158","40.00","Handicap","Morris, Luke","Haslam, B M R","8","7","3","1m ","3yo","3768","6",,
"2026-02-14","7.25.","Newcastle","6th","The Caddy Master (IRE)","35.0150","25.3890","11.1017","4.8816","5.8547","4.4492","2.7107","0.0000","0.0000","0.0000","4.4477","0.0000","0.0000","1.0833","0.0000","1.1858","96.1189","11.00","Handicap","Gray, S A","Ryan, K A","8","6","3","1m ","3yo","3768","6",,
"2026-02-14","7.25.","Newcastle","4th","Riddikulus","37.0438","26.6020","10.4821","5.3117","0.0000","0.0000","0.0000","0.0000","0.0000","0.0000","14.0100","0.0000","0.0000","0.3771","0.0000","1.3000","95.1267","33.00","Handicap","Pyle, William","Tuer, Grant","8","4","3","1m ","3yo","3768","6",,
"2026-02-14","7.25.","Newcastle","8th","Crown Inn To Win (IRE)","35.5299","15.5052","12.6916","0.0000","0.0000","0.0000","0.0000","0.0000","0.0000","0.0000","18.7367","0.0000","0.0000","0.4753","0.0000","1.7000","84.6387","14.00","Handicap","McHugh, B","Furtado, Ivan","8","8","3","1m ","3yo","3768","6",,

