race_date,time,track,placing,horse_name,last,last2,last3,last4,last5,last6,last7,last8,last9,last10,leveller,speed,jockey,trainer,stallion,today,total,odds_numerical,racetype,jockey_name,trainer_name,runners,placing_num,HorseAge,Distance,AgeRestrictions,WinPrizeMoney,UKClass,MajorType,
"2026-02-14","12.35.","Wincanton","5th","Moonlight Artist","0.0000","0.0000","0.0000","0.0000","0.0000","0.0000","0.0000","0.0000","0.0000","0.0000","0.0000","67.2000","0.0000","0.0000","0.0000","0.0000","67.2000","14.00","Handicap Hurdle","OShea, Ciaran","Tizzard, Joe","7","5","8","2m6f ","4yo+","3697","5",,
"2026-02-14","12.35.","Wincanton","6th","Looking For Larry (IRE)","0.0000","0.0000","0.0000","0.0000","0.0000","0.0000","0.0000","0.0000","0.0000","0.0000","0.0000","63.4800","0.0000","0.0000","0.0000","0.0000","63.4800","10.00","Handicap Hurdle","Dodd, Murray","Dennis, T W","7","6","8","2m6f ","4yo+","3697","5",,
"2026-02-14","12.35.","Wincanton","4th","Thankyouandplease (FR)","0.0000","0.0000","0.0000","0.0000","0.0000","0.0000","0.0000","0.0000","0.0000","0.0000","0.0000","52.4200","0.0000","0.0000","0.0000","0.0000","52.4200","18.00","Handicap Hurdle","Hanlon, Paddy","Hosie, Syd","7","4","6","2m6f ","4yo+","3697","5",,
"2026-02-14","12.35.","Wincanton","3rd","Charlies Jetaway (IRE)","0.0000","0.0000","0.0000","0.0000","0.0000","0.0000","0.0000","0.0000","0.0000","0.0000","0.0000","50.7300","0.0000","0.0000","0.0000","0.0000","50.7300","10.00","Handicap Hurdle","Palmer, Oscar","Hosie, Syd","7","3","5","2m6f ","4yo+","3697","5",,
"2026-02-14","12.35.","Wincanton","1st","Eton Mes (IRE)","0.0000","0.0000","0.0000","0.0000","0.0000","0.0000","0.0000","0.0000","0.0000","0.0000","0.0000","48.6000","0.0000","0.0000","0.0000","0.0000","48.6000","2.50","Handicap Hurdle","Corcoran, Rian","Pipe, D E","7","1","5","2m6f ","4yo+","3697","5",,
"2026-02-14","12.35.","Wincanton","2nd","At The Oche (IRE)","0.0000","0.0000","0.0000","0.0000","0.0000","0.0000","0.0000","0.0000","0.0000","0.0000","0.0000","0.0000","0.0000","0.0000","0.0000","0.0000","0.0000","1.38","Handicap Hurdle","Broughton, Tom","Twiston-Davies, N A","7","2","5","2m6f ","4yo+","3697","5",,
"2026-02-14","12.35.","Wincanton","7th","Star Of Diamonds (IRE)","0.0000","0.0000","0.0000","0.0000","0.0000","0.0000","0.0000","0.0000","0.0000","0.0000","0.0000","0.0000","0.0000","0.0000","0.0000","0.0000","0.0000","5.00","Handicap Hurdle","Johnstone-baker, Cameron","Lavelle, Miss E C","7","7","7","2m6f ","4yo+","3697","5",,
"2026-02-14","12.45.","Gowran Park","1st","Madness Delle (FR)","0.0000","0.0000","0.0000","0.0000","0.0000","0.0000","0.0000","0.0000","0.0000","0.0000","0.0000","62.8000","0.0000","0.0000","0.0000","0.0000","62.8000","0.40","Maiden Hurdle","Townend, P","Mullins, W P","10","1","4","2m ","4yo","6372","0",,
"2026-02-14","12.45.","Gowran Park","2nd","Manoir De Mirande (FR)","0.0000","0.0000","0.0000","0.0000","0.0000","0.0000","0.0000","0.0000","0.0000","0.0000","0.0000","61.9900","0.0000","0.0000","0.0000","0.0000","61.9900","4.00","Maiden Hurdle","Kennedy, J W","Elliott, Gordon","10","2","4","2m ","4yo","6372","0",,
"2026-02-14","12.45.","Gowran Park","5th","Whats New (IRE)","0.0000","0.0000","0.0000","0.0000","0.0000","0.0000","0.0000","0.0000","0.0000","0.0000","0.0000","58.7200","0.0000","0.0000","0.0000","0.0000","58.7200","18.00","Maiden Hurdle","Quirke, Cian","Slattery, Andrew","10","5","4","2m ","4yo","6372","0",,
"2026-02-14","12.45.","Gowran Park","9th","Wolfpack","0.0000","0.0000","0.0000","0.0000","0.0000","0.0000","0.0000","0.0000","0.0000","0.0000","0.0000","32.1700","0.0000","0.0000","0.0000","0.0000","32.1700","100.00","Maiden Hurdle","Sexton, K C","Elliott, Gordon","10","9","4","2m ","4yo","6372","0",,
"2026-02-14","12.45.","Gowran Park","10th","Nile Star (FR)","0.0000","0.0000","0.0000","0.0000","0.0000","0.0000","0.0000","0.0000","0.0000","0.0000","0.0000","30.7300","0.0000","0.0000","0.0000","0.0000","30.7300","300.00","Maiden Hurdle","McKenna, Liam","OSullivan, Ross","10","10","4","2m ","4yo","6372","0",,
"2026-02-14","12.45.","Gowran Park","7th","Ocean Murphy","0.0000","0.0000","0.0000","0.0000","0.0000","0.0000","0.0000","0.0000","0.0000","0.0000","0.0000","20.0000","0.0000","0.0000","0.0000","0.0000","20.0000","125.00","Maiden Hurdle","Roche, T P","Rothwell, P J","10","7","4","2m ","4yo","6372","0",,
"2026-02-14","12.45.","Gowran Park","6th","Rebel Queen (IRE)","0.0000","0.0000","0.0000","0.0000","0.0000","0.0000","0.0000","0.0000","0.0000","0.0000","0.0000","0.0000","0.0000","0.0000","0.0000","0.0000","0.0000","150.00","Maiden Hurdle","Kenneally, Michael","Motherway, C","10","6","4","2m ","4yo","6372","0",,
"2026-02-14","12.45.","Gowran Park","8th","Youknowthecode (IRE)","0.0000","0.0000","0.0000","0.0000","0.0000","0.0000","0.0000","0.0000","0.0000","0.0000","0.0000","0.0000","0.0000","0.0000","0.0000","0.0000","0.0000","33.00","Maiden Hurdle","Gainford, Jordan","Elliott, Gordon","10","8","4","2m ","4yo","6372","0",,
"2026-02-14","12.45.","Gowran Park","4th","Tea Biscuit (IRE)","0.0000","0.0000","0.0000","0.0000","0.0000","0.0000","0.0000","0.0000","0.0000","0.0000","0.0000","0.0000","0.0000","0.0000","0.0000","0.0000","0.0000","40.00","Maiden Hurdle","OConnor, M P","Houlihan, Conor","10","4","4","2m ","4yo","6372","0",,
"2026-02-14","12.45.","Gowran Park","3rd","Arouet (FR)","0.0000","0.0000","0.0000","0.0000","0.0000","0.0000","0.0000","0.0000","0.0000","0.0000","0.0000","0.0000","0.0000","0.0000","0.0000","0.0000","0.0000","3.50","Maiden Hurdle","King, D","Twomey, P","10","3","4","2m ","4yo","6372","0",,
"2026-02-14","12.50.","Lingfield","2nd","Imperial Decision","0.0000","0.0000","0.0000","0.0000","0.0000","0.0000","0.0000","0.0000","0.0000","0.0000","0.0000","72.0800","0.0000","0.0000","0.0000","0.0000","72.0800","25.00","Handicap","Burke, Louis","Burke, Kieran","9","2","4","1m4f ","4yo+","4172","5",,
"2026-02-14","12.50.","Lingfield","7th","Kathleen Mary","0.0000","0.0000","0.0000","0.0000","0.0000","0.0000","0.0000","0.0000","0.0000","0.0000","0.0000","64.1900","0.0000","0.0000","0.0000","0.0000","64.1900","2.00","Handicap","Walker, Mr S","Chapple-Hyam, P W","9","7","4","1m4f ","4yo+","4172","5",,
"2026-02-14","12.50.","Lingfield","6th","Johnny Boom (IRE)","0.0000","0.0000","0.0000","0.0000","0.0000","0.0000","0.0000","0.0000","0.0000","0.0000","0.0000","63.5300","0.0000","0.0000","0.0000","0.0000","63.5300","25.00","Handicap","Milburn, Miss Amy","Lycett, Shaun","9","6","8","1m4f ","4yo+","4172","5",,
"2026-02-14","12.50.","Lingfield","3rd","Voix De Bocelli","0.0000","0.0000","0.0000","0.0000","0.0000","0.0000","0.0000","0.0000","0.0000","0.0000","0.0000","63.5100","0.0000","0.0000","0.0000","0.0000","63.5100","4.00","Handicap","Cagney, Eireann","Knight, Miss H C","9","3","6","1m4f ","4yo+","4172","5",,
"2026-02-14","12.50.","Lingfield","4th","Shahbaz (IRE)","0.0000","0.0000","0.0000","0.0000","0.0000","0.0000","0.0000","0.0000","0.0000","0.0000","0.0000","59.2500","0.0000","0.0000","0.0000","0.0000","59.2500","5.00","Handicap","Hampson, Brodie","Watson, Archie","9","4","6","1m4f ","4yo+","4172","5",,
"2026-02-14","12.50.","Lingfield","8th","Bownder (IRE)","0.0000","0.0000","0.0000","0.0000","0.0000","0.0000","0.0000","0.0000","0.0000","0.0000","0.0000","52.7200","0.0000","0.0000","0.0000","0.0000","52.7200","4.00","Handicap","Graham, Mr McKenzie","Portman, J G","9","8","4","1m4f ","4yo+","4172","5",,
"2026-02-14","12.50.","Lingfield","9th","Man Is King (IRE)","0.0000","0.0000","0.0000","0.0000","0.0000","0.0000","0.0000","0.0000","0.0000","0.0000","0.0000","52.6000","0.0000","0.0000","0.0000","0.0000","52.6000","12.00","Handicap","Chance, Miss Louise","Flood, D","9","9","7","1m4f ","4yo+","4172","5",,
"2026-02-14","12.50.","Lingfield","1st","Sea Of Charm (FR)","0.0000","0.0000","0.0000","0.0000","0.0000","0.0000","0.0000","0.0000","0.0000","0.0000","0.0000","51.3500","0.0000","0.0000","0.0000","0.0000","51.3500","25.00","Handicap","Brown, Harry","Nicholls, Georgina","9","1","8","1m4f ","4yo+","4172","5",,
"2026-02-14","12.50.","Lingfield","5th","Roland Garros","0.0000","0.0000","0.0000","0.0000","0.0000","0.0000","0.0000","0.0000","0.0000","0.0000","0.0000","20.0000","0.0000","0.0000","0.0000","0.0000","20.0000","11.00","Handicap","Yarham, Fletcher","Burton, Hayley","9","5","5","1m4f ","4yo+","4172","5",,
"2026-02-14","12.55.","Haydock","1st","Manlaga (IRE)","0.0000","0.0000","0.0000","0.0000","0.0000","0.0000","0.0000","0.0000","0.0000","0.0000","0.0000","86.0000","0.0000","0.0000","0.0000","0.0000","86.0000","1.75","Hurdle","Hughes, Brian","Henderson, N J","7","1","4","2m ","4yo","10892","2",,
"2026-02-14","12.55.","Haydock","4th","Love Sonnet (IRE)","0.0000","0.0000","0.0000","0.0000","0.0000","0.0000","0.0000","0.0000","0.0000","0.0000","0.0000","78.7200","0.0000","0.0000","0.0000","0.0000","78.7200","18.00","Hurdle","Davies, James","Vaughan, Tim","7","4","4","2m ","4yo","10892","2",,
"2026-02-14","12.55.","Haydock","2nd","Pourquoi Pas Papa (FR)","0.0000","0.0000","0.0000","0.0000","0.0000","0.0000","0.0000","0.0000","0.0000","0.0000","0.0000","73.2400","0.0000","0.0000","0.0000","0.0000","73.2400","1.63","Hurdle","Gingell, Frederick","Nicholls, P F","7","2","4","2m ","4yo","10892","2",,
"2026-02-14","12.55.","Haydock","5th","Macktoad (FR)","0.0000","0.0000","0.0000","0.0000","0.0000","0.0000","0.0000","0.0000","0.0000","0.0000","0.0000","68.5000","0.0000","0.0000","0.0000","0.0000","68.5000","5.00","Hurdle","Bowen, Sean P","Moore, Gary and Josh","7","5","4","2m ","4yo","10892","2",,
"2026-02-14","12.55.","Haydock","6th","Whatsgoingonmarvin (IRE)","0.0000","0.0000","0.0000","0.0000","0.0000","0.0000","0.0000","0.0000","0.0000","0.0000","0.0000","64.9300","0.0000","0.0000","0.0000","0.0000","64.9300","20.00","Hurdle","Bowen, James C","Bowen, Mickey","7","6","4","2m ","4yo","10892","2",,
"2026-02-14","12.55.","Haydock","F","Try Them (IRE)","0.0000","0.0000","0.0000","0.0000","0.0000","0.0000","0.0000","0.0000","0.0000","0.0000","0.0000","57.9600","0.0000","0.0000","0.0000","0.0000","57.9600","50.00","Hurdle","Meyler, D","Mullins, Emmet","7","0","4","2m ","4yo","10892","2",,
"2026-02-14","12.55.","Haydock","3rd","The Mighty Celt (IRE)","0.0000","0.0000","0.0000","0.0000","0.0000","0.0000","0.0000","0.0000","0.0000","0.0000","0.0000","0.0000","0.0000","0.0000","0.0000","0.0000","0.0000","7.50","Hurdle","Skelton, Harry","Skelton, Daniel","7","3","4","2m ","4yo","10892","2",,
"2026-02-14","1.05.","Wincanton","1st","Queens Gamble (IRE)","0.0000","0.0000","0.0000","0.0000","0.0000","0.0000","0.0000","0.0000","0.0000","0.0000","0.0000","75.6100","0.0000","0.0000","0.0000","0.0000","75.6100","3.33","Novices Chase","OBrien, P V","Derham, Harry","5","1","8","2m ","5yo+","20206","1","Lst",
"2026-02-14","1.05.","Wincanton","3rd","Sunday Soldier (IRE)","0.0000","0.0000","0.0000","0.0000","0.0000","0.0000","0.0000","0.0000","0.0000","0.0000","0.0000","68.8600","0.0000","0.0000","0.0000","0.0000","68.8600","22.00","Novices Chase","Slatter, Nick","Killahena, David / Mcpherson, Graeme","5","3","8","2m ","5yo+","20206","1","Lst",
"2026-02-14","1.05.","Wincanton","5th","Presenting A Queen","0.0000","0.0000","0.0000","0.0000","0.0000","0.0000","0.0000","0.0000","0.0000","0.0000","0.0000","65.8000","0.0000","0.0000","0.0000","0.0000","65.8000","28.00","Novices Chase","Twiston-Davies, Sam","Honeyball, A J","5","5","9","2m ","5yo+","20206","1","Lst",
"2026-02-14","1.05.","Wincanton","2nd","Bluey (IRE)","0.0000","0.0000","0.0000","0.0000","0.0000","0.0000","0.0000","0.0000","0.0000","0.0000","0.0000","62.3500","0.0000","0.0000","0.0000","0.0000","62.3500","0.33","Novices Chase","Powell, Brendan","Lavelle, Miss E C","5","2","7","2m ","5yo+","20206","1","Lst",
"2026-02-14","1.05.","Wincanton","4th","Followango (IRE)","0.0000","0.0000","0.0000","0.0000","0.0000","0.0000","0.0000","0.0000","0.0000","0.0000","0.0000","62.1800","0.0000","0.0000","0.0000","0.0000","62.1800","25.00","Novices Chase","Williams, Isabel","Williams, Evan","5","4","8","2m ","5yo+","20206","1","Lst",
"2026-02-14","1.15.","Ascot","4th","Etna Bianco (IRE)","0.0000","0.0000","0.0000","0.0000","0.0000","0.0000","0.0000","0.0000","0.0000","0.0000","0.0000","77.8200","0.0000","0.0000","0.0000","0.0000","77.8200","5.00","Novices Hurdle","Cobden, Harry","Tizzard, Joe","6","4","6","2m3.5f ","5yo+","13008","2",,
"2026-02-14","1.15.","Ascot","1st","Mondouiboy (FR)","0.0000","0.0000","0.0000","0.0000","0.0000","0.0000","0.0000","0.0000","0.0000","0.0000","0.0000","72.8400","0.0000","0.0000","0.0000","0.0000","72.8400","0.73","Novices Hurdle","Jones, Ben R","Pauling, Ben","6","1","6","2m3.5f ","5yo+","13008","2",,
"2026-02-14","1.15.","Ascot","3rd","Catchintsavo (IRE)","0.0000","0.0000","0.0000","0.0000","0.0000","0.0000","0.0000","0.0000","0.0000","0.0000","0.0000","72.6400","0.0000","0.0000","0.0000","0.0000","72.6400","5.50","Novices Hurdle","Dingle, Rex","Honeyball, A J","6","3","6","2m3.5f ","5yo+","13008","2",,
"2026-02-14","1.15.","Ascot","UR","Starzand (IRE)","0.0000","0.0000","0.0000","0.0000","0.0000","0.0000","0.0000","0.0000","0.0000","0.0000","0.0000","63.6200","0.0000","0.0000","0.0000","0.0000","63.6200","4.50","Novices Hurdle","Houlihan, Sean M","Hobbs, P J / White, J","6","0","6","2m3.5f ","5yo+","13008","2",,
"2026-02-14","1.15.","Ascot","5th","Coumeenoole (IRE)","0.0000","0.0000","0.0000","0.0000","0.0000","0.0000","0.0000","0.0000","0.0000","0.0000","0.0000","46.8900","0.0000","0.0000","0.0000","0.0000","46.8900","100.00","Novices Hurdle","Durrell, Tristan","Skelton, Daniel","6","5","7","2m3.5f ","5yo+","13008","2",,
"2026-02-14","1.15.","Ascot","2nd","Kildinan Prince (IRE)","0.0000","0.0000","0.0000","0.0000","0.0000","0.0000","0.0000","0.0000","0.0000","0.0000","0.0000","0.0000","0.0000","0.0000","0.0000","0.0000","0.0000","28.00","Novices Hurdle","Burke, Jonathan","Lavelle, Miss E C","6","2","7","2m3.5f ","5yo+","13008","2",,
"2026-02-14","1.20.","Gowran Park","3rd","Farren Glory (IRE)","0.0000","0.0000","0.0000","0.0000","0.0000","0.0000","0.0000","0.0000","0.0000","0.0000","0.0000","88.5700","0.0000","0.0000","0.0000","0.0000","88.5700","8.00","Hurdle","Kennedy, J W","Elliott, Gordon","7","3","9","2m ","5yo+","19912","0","G3",
"2026-02-14","1.20.","Gowran Park","1st","Storm Heart (FR)","0.0000","0.0000","0.0000","0.0000","0.0000","0.0000","0.0000","0.0000","0.0000","0.0000","0.0000","86.9000","0.0000","0.0000","0.0000","0.0000","86.9000","1.10","Hurdle","Townend, P","Mullins, W P","7","1","6","2m ","5yo+","19912","0","G3",
"2026-02-14","1.20.","Gowran Park","2nd","Workahead (IRE)","0.0000","0.0000","0.0000","0.0000","0.0000","0.0000","0.0000","0.0000","0.0000","0.0000","0.0000","85.3200","0.0000","0.0000","0.0000","0.0000","85.3200","8.00","Hurdle","OKeeffe, Darragh","Bromhead, Henry De","7","2","8","2m ","5yo+","19912","0","G3",
"2026-02-14","1.20.","Gowran Park","4th","Kawaboomga (FR)","0.0000","0.0000","0.0000","0.0000","0.0000","0.0000","0.0000","0.0000","0.0000","0.0000","0.0000","84.5000","0.0000","0.0000","0.0000","0.0000","84.5000","1.50","Hurdle","Walsh, M P","Mullins, W P","7","4","6","2m ","5yo+","19912","0","G3",
"2026-02-14","1.20.","Gowran Park","5th","Kel Histoire (FR)","0.0000","0.0000","0.0000","0.0000","0.0000","0.0000","0.0000","0.0000","0.0000","0.0000","0.0000","81.5700","0.0000","0.0000","0.0000","0.0000","81.5700","20.00","Hurdle","Torrens, Simon","Mullins, W P","7","5","6","2m ","5yo+","19912","0","G3",
"2026-02-14","1.20.","Gowran Park","6th","Yeah Man (IRE)","0.0000","0.0000","0.0000","0.0000","0.0000","0.0000","0.0000","0.0000","0.0000","0.0000","0.0000","47.4900","0.0000","0.0000","0.0000","0.0000","47.4900","40.00","Hurdle","Buckley, Kieran","Cromwell, Gavin Patrick","7","6","9","2m ","5yo+","19912","0","G3",
"2026-02-14","1.20.","Gowran Park","7th","Lisnagar Fortune (IRE)","0.0000","0.0000","0.0000","0.0000","0.0000","0.0000","0.0000","0.0000","0.0000","0.0000","0.0000","45.8300","0.0000","0.0000","0.0000","0.0000","45.8300","150.00","Hurdle","Harvey, A","McConnell, John C","7","7","8","2m ","5yo+","19912","0","G3",
"2026-02-14","1.25.","Lingfield","3rd","Kindly Queen (IRE)","0.0000","0.0000","0.0000","0.0000","0.0000","0.0000","0.0000","0.0000","0.0000","0.0000","0.0000","71.1300","0.0000","0.0000","0.0000","0.0000","71.1300","18.00","Maiden","Crouch, Hector","Beckett, R M","5","3","3","1m2f ","3yo","6480","3",,
"2026-02-14","1.25.","Lingfield","5th","Virtue Chastity","0.0000","0.0000","0.0000","0.0000","0.0000","0.0000","0.0000","0.0000","0.0000","0.0000","0.0000","55.7000","0.0000","0.0000","0.0000","0.0000","55.7000","66.00","Maiden","Hornby, Rob","Perrett, Mrs A J","5","5","3","1m2f ","3yo","6480","3",,
"2026-02-14","1.25.","Lingfield","2nd","Al Azd (IRE)","0.0000","0.0000","0.0000","0.0000","0.0000","0.0000","0.0000","0.0000","0.0000","0.0000","0.0000","53.9000","0.0000","0.0000","0.0000","0.0000","53.9000","0.30","Maiden","Mitchell, Jack","Varian, Roger","5","2","3","1m2f ","3yo","6480","3",,
"2026-02-14","1.25.","Lingfield","4th","Dors Dazzler","0.0000","0.0000","0.0000","0.0000","0.0000","0.0000","0.0000","0.0000","0.0000","0.0000","0.0000","45.6000","0.0000","0.0000","0.0000","0.0000","45.6000","150.00","Maiden","Egan, John","Ivory, D K","5","4","3","1m2f ","3yo","6480","3",,
"2026-02-14","1.25.","Lingfield","1st","Into The Light","0.0000","0.0000","0.0000","0.0000","0.0000","0.0000","0.0000","0.0000","0.0000","0.0000","0.0000","0.0000","0.0000","0.0000","0.0000","0.0000","0.0000","2.75","Maiden","Planas, Connor","Appleby, Charlie","5","1","3","1m2f ","3yo","6480","3",,
"2026-02-14","1.28.","Haydock","PU","Nells Son","0.0000","0.0000","0.0000","0.0000","0.0000","0.0000","0.0000","0.0000","0.0000","0.0000","0.0000","83.3000","0.0000","0.0000","0.0000","0.0000","83.3000","18.00","Handicap Chase","McMenamin, Daniel","Richards, N G","11","0","11","2m4f ","5yo+","9770","3",,
"2026-02-14","1.28.","Haydock","6th","Anyharminasking (IRE)","0.0000","0.0000","0.0000","0.0000","0.0000","0.0000","0.0000","0.0000","0.0000","0.0000","0.0000","77.7400","0.0000","0.0000","0.0000","0.0000","77.7400","14.00","Handicap Chase","ONeill, Jonjo (Jr)","ONeill, Jonjo and AJ","11","6","9","2m4f ","5yo+","9770","3",,
"2026-02-14","1.28.","Haydock","1st","The Bluesman (FR)","0.0000","0.0000","0.0000","0.0000","0.0000","0.0000","0.0000","0.0000","0.0000","0.0000","0.0000","77.3200","0.0000","0.0000","0.0000","0.0000","77.3200","1.75","Handicap Chase","Bowen, Sean P","Murphy, Olly","11","1","7","2m4f ","5yo+","9770","3",,
"2026-02-14","1.28.","Haydock","4th","Taras Halls (IRE)","0.0000","0.0000","0.0000","0.0000","0.0000","0.0000","0.0000","0.0000","0.0000","0.0000","0.0000","75.7200","0.0000","0.0000","0.0000","0.0000","75.7200","18.00","Handicap Chase","Bewley, Callum","Smith, Mrs S J / Parkinson, J","11","4","8","2m4f ","5yo+","9770","3",,
"2026-02-14","1.28.","Haydock","F","Throatlash (IRE)","0.0000","0.0000","0.0000","0.0000","0.0000","0.0000","0.0000","0.0000","0.0000","0.0000","0.0000","75.6800","0.0000","0.0000","0.0000","0.0000","75.6800","1.50","Handicap Chase","Hughes, Brian","McCain Jnr, D","11","0","7","2m4f ","5yo+","9770","3",,
"2026-02-14","1.28.","Haydock","5th","Cerendipity (IRE)","0.0000","0.0000","0.0000","0.0000","0.0000","0.0000","0.0000","0.0000","0.0000","0.0000","0.0000","68.7800","0.0000","0.0000","0.0000","0.0000","68.7800","7.50","Handicap Chase","Sheehan, Gavin","Smith, Mrs S J / Parkinson, J","11","5","9","2m4f ","5yo+","9770","3",,
"2026-02-14","1.28.","Haydock","3rd","Bythesametoken (IRE)","0.0000","0.0000","0.0000","0.0000","0.0000","0.0000","0.0000","0.0000","0.0000","0.0000","0.0000","68.5600","0.0000","0.0000","0.0000","0.0000","68.5600","40.00","Handicap Chase","Meyler, D","OSullivan, Ross","11","3","12","2m4f ","5yo+","9770","3",,
"2026-02-14","1.28.","Haydock","PU","Twoshotsoftequila (IRE)","0.0000","0.0000","0.0000","0.0000","0.0000","0.0000","0.0000","0.0000","0.0000","0.0000","0.0000","62.7000","0.0000","0.0000","0.0000","0.0000","62.7000","25.00","Handicap Chase","Moscrop, Nathan","Menzies, Rebecca","11","0","9","2m4f ","5yo+","9770","3",,
"2026-02-14","1.28.","Haydock","7th","Harsh","0.0000","0.0000","0.0000","0.0000","0.0000","0.0000","0.0000","0.0000","0.0000","0.0000","0.0000","59.2600","0.0000","0.0000","0.0000","0.0000","59.2600","40.00","Handicap Chase","Bowen, James C","Bowen, Mickey","11","7","6","2m4f ","5yo+","9770","3",,
"2026-02-14","1.28.","Haydock","8th","Gentleman Bill (IRE)","0.0000","0.0000","0.0000","0.0000","0.0000","0.0000","0.0000","0.0000","0.0000","0.0000","0.0000","0.0000","0.0000","0.0000","0.0000","0.0000","0.0000","18.00","Handicap Chase","Nichol, Craig","Greenall, O / Guerriero, J","11","8","8","2m4f ","5yo+","9770","3",,
"2026-02-14","1.28.","Haydock","2nd","Western Zephyr (IRE)","0.0000","0.0000","0.0000","0.0000","0.0000","0.0000","0.0000","0.0000","0.0000","0.0000","0.0000","0.0000","0.0000","0.0000","0.0000","0.0000","0.0000","33.00","Handicap Chase","Fenelon, S","Bowen, Mickey","11","2","9","2m4f ","5yo+","9770","3",,
"2026-02-14","1.35.","Wincanton","2nd","Rubaud (FR)","0.0000","0.0000","0.0000","0.0000","0.0000","0.0000","0.0000","0.0000","0.0000","0.0000","0.0000","101.2100","0.0000","0.0000","0.0000","0.0000","101.2100","3.00","Hurdle","Twiston-Davies, Sam","Nicholls, P F","4","2","8","1m7.5f ","4yo+","41608","1","G2",
"2026-02-14","1.35.","Wincanton","1st","Alexei (GER)","0.0000","0.0000","0.0000","0.0000","0.0000","0.0000","0.0000","0.0000","0.0000","0.0000","0.0000","87.5200","0.0000","0.0000","0.0000","0.0000","87.5200","0.50","Hurdle","Powell, Brendan","Tizzard, Joe","4","1","6","1m7.5f ","4yo+","41608","1","G2",
"2026-02-14","1.35.","Wincanton","4th","Intellotto (IRE)","0.0000","0.0000","0.0000","0.0000","0.0000","0.0000","0.0000","0.0000","0.0000","0.0000","0.0000","35.0000","0.0000","0.0000","0.0000","0.0000","35.0000","50.00","Hurdle","David, Robbie","Hitchins, Daisy","4","4","6","1m7.5f ","4yo+","41608","1","G2",
"2026-02-14","1.35.","Wincanton","3rd","Secret Squirrel","0.0000","0.0000","0.0000","0.0000","0.0000","0.0000","0.0000","0.0000","0.0000","0.0000","0.0000","0.0000","0.0000","0.0000","0.0000","0.0000","0.0000","6.00","Hurdle","OBrien, P V","Morrison, H","4","3","7","1m7.5f ","4yo+","41608","1","G2",
"2026-02-14","1.50.","Ascot","3rd","Crest Of Fortune","0.0000","0.0000","0.0000","0.0000","0.0000","0.0000","0.0000","0.0000","0.0000","0.0000","0.0000","84.0200","0.0000","0.0000","0.0000","0.0000","84.0200","4.50","Novices Chase","Dingle, Rex","Honeyball, A J","3","3","6","3m ","5yo+","42712","1","G2",
"2026-02-14","1.50.","Ascot","2nd","Western Knight (IRE)","0.0000","0.0000","0.0000","0.0000","0.0000","0.0000","0.0000","0.0000","0.0000","0.0000","0.0000","76.6400","0.0000","0.0000","0.0000","0.0000","76.6400","4.50","Novices Chase","Cobden, Harry","Tizzard, Joe","3","2","7","3m ","5yo+","42712","1","G2",
"2026-02-14","1.50.","Ascot","1st","The Jukebox Kid (IRE)","0.0000","0.0000","0.0000","0.0000","0.0000","0.0000","0.0000","0.0000","0.0000","0.0000","0.0000","74.6000","0.0000","0.0000","0.0000","0.0000","74.6000","0.44","Novices Chase","Jones, Ben R","Pauling, Ben","3","1","7","3m ","5yo+","42712","1","G2",
"2026-02-14","1.55.","Gowran Park","5th","Walks The Talk (IRE)","0.0000","0.0000","0.0000","0.0000","0.0000","0.0000","0.0000","0.0000","0.0000","0.0000","0.0000","87.3500","0.0000","0.0000","0.0000","0.0000","87.3500","5.50","Novices Hurdle","Harvey, A","McConnell, John C","5","5","7","2m7f ","5yo+","18584","0","G3",
"2026-02-14","1.55.","Gowran Park","4th","Bally Free (IRE)","0.0000","0.0000","0.0000","0.0000","0.0000","0.0000","0.0000","0.0000","0.0000","0.0000","0.0000","64.0000","0.0000","0.0000","0.0000","0.0000","64.0000","0.83","Novices Hurdle","Kennedy, J W","Elliott, Gordon","5","4","6","2m7f ","5yo+","18584","0","G3",
"2026-02-14","1.55.","Gowran Park","3rd","Timesareachanging (IRE)","0.0000","0.0000","0.0000","0.0000","0.0000","0.0000","0.0000","0.0000","0.0000","0.0000","0.0000","57.7600","0.0000","0.0000","0.0000","0.0000","57.7600","5.00","Novices Hurdle","Donovan, Philip","Slattery, Andrew","5","3","7","2m7f ","5yo+","18584","0","G3",
"2026-02-14","1.55.","Gowran Park","2nd","Changeyourstars (IRE)","0.0000","0.0000","0.0000","0.0000","0.0000","0.0000","0.0000","0.0000","0.0000","0.0000","0.0000","0.0000","0.0000","0.0000","0.0000","0.0000","0.0000","10.00","Novices Hurdle","Enright, P T","King, James Kieran","5","2","6","2m7f ","5yo+","18584","0","G3",
"2026-02-14","1.55.","Gowran Park","1st","Lord Rouge (FR)","0.0000","0.0000","0.0000","0.0000","0.0000","0.0000","0.0000","0.0000","0.0000","0.0000","0.0000","0.0000","0.0000","0.0000","0.0000","0.0000","0.0000","4.50","Novices Hurdle","Gilligan, D J","Elliott, Gordon","5","1","5","2m7f ","5yo+","18584","0","G3",
"2026-02-14","2.00.","Lingfield","3rd","Mc Loven","0.0000","0.0000","0.0000","0.0000","0.0000","0.0000","0.0000","0.0000","0.0000","0.0000","0.0000","76.8500","0.0000","0.0000","0.0000","0.0000","76.8500","3.00","Handicap","Bradley, Paddy","Dow, S","9","3","5","5f ","4yo+","4329","5",,
"2026-02-14","2.00.","Lingfield","1st","Thecoffeepoddotco","0.0000","0.0000","0.0000","0.0000","0.0000","0.0000","0.0000","0.0000","0.0000","0.0000","0.0000","71.8000","0.0000","0.0000","0.0000","0.0000","71.8000","2.50","Handicap","Leavy, Joe","Hannon (Jnr), Richard","9","1","4","5f ","4yo+","4329","5",,
"2026-02-14","2.00.","Lingfield","5th","Beaumadier (IRE)","0.0000","0.0000","0.0000","0.0000","0.0000","0.0000","0.0000","0.0000","0.0000","0.0000","0.0000","70.6000","0.0000","0.0000","0.0000","0.0000","70.6000","6.50","Handicap","Whiteley, C J","Loughnane, Daniel Mark","9","5","6","5f ","4yo+","4329","5",,
"2026-02-14","2.00.","Lingfield","6th","Micks Spirit","0.0000","0.0000","0.0000","0.0000","0.0000","0.0000","0.0000","0.0000","0.0000","0.0000","0.0000","67.3500","0.0000","0.0000","0.0000","0.0000","67.3500","12.00","Handicap","Keenan, Darragh","Allen, C N","9","6","8","5f ","4yo+","4329","5",,
"2026-02-14","2.00.","Lingfield","6th","Distant Rumble","0.0000","0.0000","0.0000","0.0000","0.0000","0.0000","0.0000","0.0000","0.0000","0.0000","0.0000","65.9500","0.0000","0.0000","0.0000","0.0000","65.9500","8.00","Handicap","Fallon, Cieren","Teal, R A","9","6","4","5f ","4yo+","4329","5",,
"2026-02-14","2.00.","Lingfield","2nd","Cayman Tai (IRE)","0.0000","0.0000","0.0000","0.0000","0.0000","0.0000","0.0000","0.0000","0.0000","0.0000","0.0000","63.1500","0.0000","0.0000","0.0000","0.0000","63.1500","4.00","Handicap","Levey, S M","Hannon (Jnr), Richard","9","2","4","5f ","4yo+","4329","5",,
"2026-02-14","2.00.","Lingfield","8th","Honour Your Dreams (FR)","0.0000","0.0000","0.0000","0.0000","0.0000","0.0000","0.0000","0.0000","0.0000","0.0000","0.0000","57.1200","0.0000","0.0000","0.0000","0.0000","57.1200","16.00","Handicap","Fox, Kieren","Attwater, M J","9","8","6","5f ","4yo+","4329","5",,
"2026-02-14","2.00.","Lingfield","9th","Manhattan Chute (IRE)","0.0000","0.0000","0.0000","0.0000","0.0000","0.0000","0.0000","0.0000","0.0000","0.0000","0.0000","49.3100","0.0000","0.0000","0.0000","0.0000","49.3100","66.00","Handicap","Mangan, Gina","Best, Jim/Suzi","9","9","4","5f ","4yo+","4329","5",,
"2026-02-14","2.00.","Lingfield","4th","Sandscreendeliverd","0.0000","0.0000","0.0000","0.0000","0.0000","0.0000","0.0000","0.0000","0.0000","0.0000","0.0000","34.3100","0.0000","0.0000","0.0000","0.0000","34.3100","25.00","Handicap","Queally, T P","Crate, Peter","9","4","4","5f ","4yo+","4329","5",,
"2026-02-14","2.05.","Haydock","2nd","Henri The Second (FR)","0.0000","0.0000","0.0000","0.0000","0.0000","0.0000","0.0000","0.0000","0.0000","0.0000","0.0000","84.4000","0.0000","0.0000","0.0000","0.0000","84.4000","5.00","Hurdle","Gingell, Frederick","Nicholls, P F","5","2","9","3m.5f ","5yo+","34170","1","G2",
"2026-02-14","2.05.","Haydock","1st","Ludor (FR)","0.0000","0.0000","0.0000","0.0000","0.0000","0.0000","0.0000","0.0000","0.0000","0.0000","0.0000","83.9900","0.0000","0.0000","0.0000","0.0000","83.9900","1.38","Hurdle","Sheehan, Gavin","Symonds, Tom","5","1","6","3m.5f ","5yo+","34170","1","G2",
"2026-02-14","2.05.","Haydock","3rd","Lavida Adiva (IRE)","0.0000","0.0000","0.0000","0.0000","0.0000","0.0000","0.0000","0.0000","0.0000","0.0000","0.0000","83.1600","0.0000","0.0000","0.0000","0.0000","83.1600","14.00","Hurdle","Hughes, Brian","Jefferson, Ruth","5","3","7","3m.5f ","5yo+","34170","1","G2",
"2026-02-14","2.05.","Haydock","UR","French Ship","0.0000","0.0000","0.0000","0.0000","0.0000","0.0000","0.0000","0.0000","0.0000","0.0000","0.0000","0.0000","0.0000","0.0000","0.0000","0.0000","0.0000","2.50","Hurdle","Williams, Lorcan","Hobbs, P J / White, J","5","0","6","3m.5f ","5yo+","34170","1","G2",
"2026-02-14","2.05.","Haydock","4th","Beauport (IRE)","0.0000","0.0000","0.0000","0.0000","0.0000","0.0000","0.0000","0.0000","0.0000","0.0000","0.0000","0.0000","0.0000","0.0000","0.0000","0.0000","0.0000","6.00","Hurdle","McCain-Mitchell, Toby","Twiston-Davies, N A","5","4","10","3m.5f ","5yo+","34170","1","G2",
"2026-02-14","2.11.","Wincanton","5th","King Sacre (FR)","0.0000","0.0000","0.0000","0.0000","0.0000","0.0000","0.0000","0.0000","0.0000","0.0000","0.0000","68.5200","0.0000","0.0000","0.0000","0.0000","68.5200","50.00","Maiden Hurdle","Best, J A","Hawke, N J","10","5","6","1m7.5f ","4yo+","5281","4",,
"2026-02-14","2.11.","Wincanton","1st","Caballero Cliff","0.0000","0.0000","0.0000","0.0000","0.0000","0.0000","0.0000","0.0000","0.0000","0.0000","0.0000","62.4400","0.0000","0.0000","0.0000","0.0000","62.4400","3.00","Maiden Hurdle","Dunne, R T","Stephens, Robert","10","1","5","1m7.5f ","4yo+","5281","4",,
"2026-02-14","2.11.","Wincanton","2nd","Marhaba Prince","0.0000","0.0000","0.0000","0.0000","0.0000","0.0000","0.0000","0.0000","0.0000","0.0000","0.0000","57.0300","0.0000","0.0000","0.0000","0.0000","57.0300","0.91","Maiden Hurdle","Twiston-Davies, Sam","Honeyball, A J","10","2","5","1m7.5f ","4yo+","5281","4",,
"2026-02-14","2.11.","Wincanton","7th","Gilded Glance","0.0000","0.0000","0.0000","0.0000","0.0000","0.0000","0.0000","0.0000","0.0000","0.0000","0.0000","56.4200","0.0000","0.0000","0.0000","0.0000","56.4200","80.00","Maiden Hurdle","Gethings, Ciaran","Williams, Mrs Jane","10","7","6","1m7.5f ","4yo+","5281","4",,
"2026-02-14","2.11.","Wincanton","6th","Full Force Gale (IRE)","0.0000","0.0000","0.0000","0.0000","0.0000","0.0000","0.0000","0.0000","0.0000","0.0000","0.0000","56.1200","0.0000","0.0000","0.0000","0.0000","56.1200","6.00","Maiden Hurdle","Deutsch, Charlie","George, T R","10","6","6","1m7.5f ","4yo+","5281","4",,
"2026-02-14","2.11.","Wincanton","9th","Cue Jump","0.0000","0.0000","0.0000","0.0000","0.0000","0.0000","0.0000","0.0000","0.0000","0.0000","0.0000","51.7100","0.0000","0.0000","0.0000","0.0000","51.7100","80.00","Maiden Hurdle","Kimber, Harry","Woollacott, Mrs Kayley","10","9","6","1m7.5f ","4yo+","5281","4",,
"2026-02-14","2.11.","Wincanton","3rd","The Egyptian Ginge (IRE)","0.0000","0.0000","0.0000","0.0000","0.0000","0.0000","0.0000","0.0000","0.0000","0.0000","0.0000","51.1200","0.0000","0.0000","0.0000","0.0000","51.1200","3.33","Maiden Hurdle","Neild, Jamie","Twiston-Davies, N A","10","3","5","1m7.5f ","4yo+","5281","4",,
"2026-02-14","2.11.","Wincanton","10th","Richforadaay","0.0000","0.0000","0.0000","0.0000","0.0000","0.0000","0.0000","0.0000","0.0000","0.0000","0.0000","49.1600","0.0000","0.0000","0.0000","0.0000","49.1600","125.00","Maiden Hurdle","Carver, Bryan","Chanin, I","10","10","6","1m7.5f ","4yo+","5281","4",,
"2026-02-14","2.11.","Wincanton","4th","Dunaden Island","0.0000","0.0000","0.0000","0.0000","0.0000","0.0000","0.0000","0.0000","0.0000","0.0000","0.0000","0.0000","0.0000","0.0000","0.0000","0.0000","0.0000","125.00","Maiden Hurdle","Corcoran, Rian","Chanin, I","10","4","8","1m7.5f ","4yo+","5281","4",,
"2026-02-14","2.11.","Wincanton","8th","Mistress Fox","0.0000","0.0000","0.0000","0.0000","0.0000","0.0000","0.0000","0.0000","0.0000","0.0000","0.0000","0.0000","0.0000","0.0000","0.0000","0.0000","0.0000","125.00","Maiden Hurdle","Harris, Bradley","Mulholland, N P","10","8","6","1m7.5f ","4yo+","5281","4",,
"2026-02-14","2.25.","Ascot","7th","Listentoyourheart (IRE)","0.0000","0.0000","0.0000","0.0000","0.0000","0.0000","0.0000","0.0000","0.0000","0.0000","0.0000","91.5600","0.0000","0.0000","0.0000","0.0000","91.5600","6.50","Handicap Hurdle","Durrell, Tristan","Skelton, Daniel","15","7","7","2m3.5f ","4yo+","26015","2",,
"2026-02-14","2.25.","Ascot","8th","Act Of Authority (FR)","0.0000","0.0000","0.0000","0.0000","0.0000","0.0000","0.0000","0.0000","0.0000","0.0000","0.0000","89.4000","0.0000","0.0000","0.0000","0.0000","89.4000","9.00","Handicap Hurdle","Saunders, Lewis","Murphy, Olly","15","8","8","2m3.5f ","4yo+","26015","2",,
"2026-02-14","2.25.","Ascot","9th","Kateira","0.0000","0.0000","0.0000","0.0000","0.0000","0.0000","0.0000","0.0000","0.0000","0.0000","0.0000","88.9400","0.0000","0.0000","0.0000","0.0000","88.9400","16.00","Handicap Hurdle","Boinville, Nico","Skelton, Daniel","15","9","9","2m3.5f ","4yo+","26015","2",,
"2026-02-14","2.25.","Ascot","10th","Rambo T (IRE)","0.0000","0.0000","0.0000","0.0000","0.0000","0.0000","0.0000","0.0000","0.0000","0.0000","0.0000","85.4000","0.0000","0.0000","0.0000","0.0000","85.4000","80.00","Handicap Hurdle","Brogan, Kevin","Murphy, Olly","15","10","9","2m3.5f ","4yo+","26015","2",,
"2026-02-14","2.25.","Ascot","6th","Captain Teague (IRE)","0.0000","0.0000","0.0000","0.0000","0.0000","0.0000","0.0000","0.0000","0.0000","0.0000","0.0000","79.1200","0.0000","0.0000","0.0000","0.0000","79.1200","8.50","Handicap Hurdle","Cobden, Harry","Nicholls, P F","15","6","8","2m3.5f ","4yo+","26015","2",,
"2026-02-14","2.25.","Ascot","4th","Moveit Like Minnie (IRE)","0.0000","0.0000","0.0000","0.0000","0.0000","0.0000","0.0000","0.0000","0.0000","0.0000","0.0000","77.9900","0.0000","0.0000","0.0000","0.0000","77.9900","12.00","Handicap Hurdle","Bellamy, Tom","Twiston-Davies, N A","15","4","9","2m3.5f ","4yo+","26015","2",,
"2026-02-14","2.25.","Ascot","PU","Range (IRE)","0.0000","0.0000","0.0000","0.0000","0.0000","0.0000","0.0000","0.0000","0.0000","0.0000","0.0000","76.0000","0.0000","0.0000","0.0000","0.0000","76.0000","7.00","Handicap Hurdle","Jones, Ben R","Thomas, Sam","15","0","9","2m3.5f ","4yo+","26015","2",,
"2026-02-14","2.25.","Ascot","13th","Lightningupourdays","0.0000","0.0000","0.0000","0.0000","0.0000","0.0000","0.0000","0.0000","0.0000","0.0000","0.0000","75.5100","0.0000","0.0000","0.0000","0.0000","75.5100","4.00","Handicap Hurdle","Hogan, Jack","Ralph, Alastair","15","13","7","2m3.5f ","4yo+","26015","2",,
"2026-02-14","2.25.","Ascot","3rd","De Temps En Temps (IRE)","0.0000","0.0000","0.0000","0.0000","0.0000","0.0000","0.0000","0.0000","0.0000","0.0000","0.0000","71.6600","0.0000","0.0000","0.0000","0.0000","71.6600","25.00","Handicap Hurdle","Keighley, Freddie","Keighley, M","15","3","7","2m3.5f ","4yo+","26015","2",,
"2026-02-14","2.25.","Ascot","11th","Jurancon (FR)","0.0000","0.0000","0.0000","0.0000","0.0000","0.0000","0.0000","0.0000","0.0000","0.0000","0.0000","66.2300","0.0000","0.0000","0.0000","0.0000","66.2300","10.00","Handicap Hurdle","Tudor, Jack","Pipe, D E","15","11","7","2m3.5f ","4yo+","26015","2",,
"2026-02-14","2.25.","Ascot","2nd","John Barbour","0.0000","0.0000","0.0000","0.0000","0.0000","0.0000","0.0000","0.0000","0.0000","0.0000","0.0000","65.2800","0.0000","0.0000","0.0000","0.0000","65.2800","7.50","Handicap Hurdle","Burke, Jonathan","OBrien, Fergal","15","2","7","2m3.5f ","4yo+","26015","2",,
"2026-02-14","2.25.","Ascot","12th","Kamaxos (FR)","0.0000","0.0000","0.0000","0.0000","0.0000","0.0000","0.0000","0.0000","0.0000","0.0000","0.0000","50.4000","0.0000","0.0000","0.0000","0.0000","50.4000","22.00","Handicap Hurdle","Pinchin, Lilly","Longsdon, C E","15","12","9","2m3.5f ","4yo+","26015","2",,
"2026-02-14","2.25.","Ascot","5th","No Ordinary Joe (IRE)","0.0000","0.0000","0.0000","0.0000","0.0000","0.0000","0.0000","0.0000","0.0000","0.0000","0.0000","0.0000","0.0000","0.0000","0.0000","0.0000","0.0000","18.00","Handicap Hurdle","Macey, Benjamin","Bramley, Faye","15","5","10","2m3.5f ","4yo+","26015","2",,
"2026-02-14","2.25.","Ascot","PU","Hurricane Bay","0.0000","0.0000","0.0000","0.0000","0.0000","0.0000","0.0000","0.0000","0.0000","0.0000","0.0000","0.0000","0.0000","0.0000","0.0000","0.0000","0.0000","80.00","Handicap Hurdle","Cannon, Tom J","Wadham, Mrs L","15","0","10","2m3.5f ","4yo+","26015","2",,
"2026-02-14","2.25.","Ascot","1st","Fiercely Proud (IRE)","0.0000","0.0000","0.0000","0.0000","0.0000","0.0000","0.0000","0.0000","0.0000","0.0000","0.0000","0.0000","0.0000","0.0000","0.0000","0.0000","0.0000","8.00","Handicap Hurdle","Woods, K K","Pauling, Ben","15","1","7","2m3.5f ","4yo+","26015","2",,
"2026-02-14","2.30.","Gowran Park","7th","The King Of Prs (IRE)","0.0000","0.0000","0.0000","0.0000","0.0000","0.0000","0.0000","0.0000","0.0000","0.0000","0.0000","83.3300","0.0000","0.0000","0.0000","0.0000","83.3300","8.50","Handicap Hurdle","Donoghue, K M","Cromwell, Gavin Patrick","14","7","8","2m4f ","4yo+","7965","0",,
"2026-02-14","2.30.","Gowran Park","5th","Whatsavailable (IRE)","0.0000","0.0000","0.0000","0.0000","0.0000","0.0000","0.0000","0.0000","0.0000","0.0000","0.0000","79.5600","0.0000","0.0000","0.0000","0.0000","79.5600","33.00","Handicap Hurdle","Brouder, Gavin","Morris, M F","14","5","9","2m4f ","4yo+","7965","0",,
"2026-02-14","2.30.","Gowran Park","4th","Brideswell Lad (IRE)","0.0000","0.0000","0.0000","0.0000","0.0000","0.0000","0.0000","0.0000","0.0000","0.0000","0.0000","76.0000","0.0000","0.0000","0.0000","0.0000","76.0000","50.00","Handicap Hurdle","Slevin, J J","Neville, Seamus","14","4","10","2m4f ","4yo+","7965","0",,
"2026-02-14","2.30.","Gowran Park","13th","Quest With Speed (IRE)","0.0000","0.0000","0.0000","0.0000","0.0000","0.0000","0.0000","0.0000","0.0000","0.0000","0.0000","70.5600","0.0000","0.0000","0.0000","0.0000","70.5600","11.00","Handicap Hurdle","Gainford, Jordan","Hanlon, John Joseph","14","13","9","2m4f ","4yo+","7965","0",,
"2026-02-14","2.30.","Gowran Park","2nd","Krabat (IRE)","0.0000","0.0000","0.0000","0.0000","0.0000","0.0000","0.0000","0.0000","0.0000","0.0000","0.0000","65.3200","0.0000","0.0000","0.0000","0.0000","65.3200","5.50","Handicap Hurdle","Quirke, Cian","McDonagh, Michael J","14","2","11","2m4f ","4yo+","7965","0",,
"2026-02-14","2.30.","Gowran Park","11th","Themanintheanorak (IRE)","0.0000","0.0000","0.0000","0.0000","0.0000","0.0000","0.0000","0.0000","0.0000","0.0000","0.0000","63.2400","0.0000","0.0000","0.0000","0.0000","63.2400","3.00","Handicap Hurdle","Kenneally, Michael","OSullivan, Eugene M","14","11","6","2m4f ","4yo+","7965","0",,
"2026-02-14","2.30.","Gowran Park","10th","Jacovec Cavern","0.0000","0.0000","0.0000","0.0000","0.0000","0.0000","0.0000","0.0000","0.0000","0.0000","0.0000","49.8600","0.0000","0.0000","0.0000","0.0000","49.8600","6.50","Handicap Hurdle","Condon, R J","Hennessy, Paul","14","10","7","2m4f ","4yo+","7965","0",,
"2026-02-14","2.30.","Gowran Park","3rd","Grandero Bello (FR)","0.0000","0.0000","0.0000","0.0000","0.0000","0.0000","0.0000","0.0000","0.0000","0.0000","0.0000","40.0000","0.0000","0.0000","0.0000","0.0000","40.0000","9.00","Handicap Hurdle","Buckley, Kieran","Harty, Edward and Patrick","14","3","10","2m4f ","4yo+","7965","0",,
"2026-02-14","2.30.","Gowran Park","12th","Teed Up (IRE)","0.0000","0.0000","0.0000","0.0000","0.0000","0.0000","0.0000","0.0000","0.0000","0.0000","0.0000","40.0000","0.0000","0.0000","0.0000","0.0000","40.0000","28.00","Handicap Hurdle","Doyle, R A","Mullins, Emmet","14","12","9","2m4f ","4yo+","7965","0",,
"2026-02-14","2.30.","Gowran Park","8th","Miss Corby (IRE)","0.0000","0.0000","0.0000","0.0000","0.0000","0.0000","0.0000","0.0000","0.0000","0.0000","0.0000","30.0000","0.0000","0.0000","0.0000","0.0000","30.0000","20.00","Handicap Hurdle","Swan, H C","Morris, M F","14","8","6","2m4f ","4yo+","7965","0",,
"2026-02-14","2.30.","Gowran Park","9th","Must Go Now (IRE)","0.0000","0.0000","0.0000","0.0000","0.0000","0.0000","0.0000","0.0000","0.0000","0.0000","0.0000","25.0000","0.0000","0.0000","0.0000","0.0000","25.0000","20.00","Handicap Hurdle","Walsh, E","Cawley, Edward","14","9","9","2m4f ","4yo+","7965","0",,
"2026-02-14","2.30.","Gowran Park","6th","Ossifer Hops (IRE)","0.0000","0.0000","0.0000","0.0000","0.0000","0.0000","0.0000","0.0000","0.0000","0.0000","0.0000","20.0000","0.0000","0.0000","0.0000","0.0000","20.0000","125.00","Handicap Hurdle","OSullivan, Ethan","Crowley, Bernard Martin","14","6","8","2m4f ","4yo+","7965","0",,
"2026-02-14","2.30.","Gowran Park","PU","Laxxio","0.0000","0.0000","0.0000","0.0000","0.0000","0.0000","0.0000","0.0000","0.0000","0.0000","0.0000","0.0000","0.0000","0.0000","0.0000","0.0000","0.0000","8.50","Handicap Hurdle","Mullins, D E","Mullins, Anthony","14","0","5","2m4f ","4yo+","7965","0",,
"2026-02-14","2.30.","Gowran Park","1st","Grimaud (FR)","0.0000","0.0000","0.0000","0.0000","0.0000","0.0000","0.0000","0.0000","0.0000","0.0000","0.0000","0.0000","0.0000","0.0000","0.0000","0.0000","0.0000","4.00","Handicap Hurdle","Williamson, Josh","Elliott, Gordon","14","1","6","2m4f ","4yo+","7965","0",,
"2026-02-14","2.35.","Lingfield","7th","Dakota Power","0.0000","0.0000","0.0000","0.0000","0.0000","0.0000","0.0000","0.0000","0.0000","0.0000","0.0000","62.7300","0.0000","0.0000","0.0000","0.0000","62.7300","25.00","Handicap","Lewis, Owen","Teal, R A","8","7","7","1m ","4yo+","4397","5",,
"2026-02-14","2.35.","Lingfield","2nd","Gennadius","0.0000","0.0000","0.0000","0.0000","0.0000","0.0000","0.0000","0.0000","0.0000","0.0000","0.0000","59.8400","0.0000","0.0000","0.0000","0.0000","59.8400","3.50","Handicap","Levey, S M","Hannon (Jnr), Richard","8","2","4","1m ","4yo+","4397","5",,
"2026-02-14","2.35.","Lingfield","4th","Elouises Prince (IRE)","0.0000","0.0000","0.0000","0.0000","0.0000","0.0000","0.0000","0.0000","0.0000","0.0000","0.0000","59.7600","0.0000","0.0000","0.0000","0.0000","59.7600","3.00","Handicap","Fernandes, Jude","Dace, L A","8","4","4","1m ","4yo+","4397","5",,
"2026-02-14","2.35.","Lingfield","3rd","Way To Dubai (IRE)","0.0000","0.0000","0.0000","0.0000","0.0000","0.0000","0.0000","0.0000","0.0000","0.0000","0.0000","57.4100","0.0000","0.0000","0.0000","0.0000","57.4100","2.00","Handicap","Davies, Harry","Appleby, M","8","3","7","1m ","4yo+","4397","5",,
"2026-02-14","2.35.","Lingfield","8th","Dalmally","0.0000","0.0000","0.0000","0.0000","0.0000","0.0000","0.0000","0.0000","0.0000","0.0000","0.0000","56.6000","0.0000","0.0000","0.0000","0.0000","56.6000","50.00","Handicap","Greatrex, Thomas","Pattinson, Mark","8","8","4","1m ","4yo+","4397","5",,
"2026-02-14","2.35.","Lingfield","5th","Pitney (IRE)","0.0000","0.0000","0.0000","0.0000","0.0000","0.0000","0.0000","0.0000","0.0000","0.0000","0.0000","55.4400","0.0000","0.0000","0.0000","0.0000","55.4400","5.00","Handicap","Carson, William","Attwater, M J","8","5","5","1m ","4yo+","4397","5",,
"2026-02-14","2.35.","Lingfield","1st","Union Island (IRE)","0.0000","0.0000","0.0000","0.0000","0.0000","0.0000","0.0000","0.0000","0.0000","0.0000","0.0000","51.9900","0.0000","0.0000","0.0000","0.0000","51.9900","7.50","Handicap","Bowen, S D","Johnston, Charlie","8","1","5","1m ","4yo+","4397","5",,
"2026-02-14","2.35.","Lingfield","6th","Comedian Leader","0.0000","0.0000","0.0000","0.0000","0.0000","0.0000","0.0000","0.0000","0.0000","0.0000","0.0000","48.2000","0.0000","0.0000","0.0000","0.0000","48.2000","125.00","Handicap","Cox, William","Best, Jim/Suzi","8","6","6","1m ","4yo+","4397","5",,
"2026-02-14","2.40.","Haydock","8th","Kasino Des Mottes (FR)","0.0000","0.0000","0.0000","0.0000","0.0000","0.0000","0.0000","0.0000","0.0000","0.0000","0.0000","83.0300","0.0000","0.0000","0.0000","0.0000","83.0300","11.00","Novices Hurdle","Gingell, Frederick","Tizzard, Joe","9","8","6","3m.5f ","5yo+","45560","1","G2",
"2026-02-14","2.40.","Haydock","7th","Reckless Spending (IRE)","0.0000","0.0000","0.0000","0.0000","0.0000","0.0000","0.0000","0.0000","0.0000","0.0000","0.0000","77.8700","0.0000","0.0000","0.0000","0.0000","77.8700","3.00","Novices Hurdle","Bowen, James C","Henderson, N J","9","7","6","3m.5f ","5yo+","45560","1","G2",
"2026-02-14","2.40.","Haydock","1st","Dalston Lad (IRE)","0.0000","0.0000","0.0000","0.0000","0.0000","0.0000","0.0000","0.0000","0.0000","0.0000","0.0000","76.0400","0.0000","0.0000","0.0000","0.0000","76.0400","2.50","Novices Hurdle","Skelton, Harry","Skelton, Daniel","9","1","6","3m.5f ","5yo+","45560","1","G2",
"2026-02-14","2.40.","Haydock","3rd","Tashkhan (IRE)","0.0000","0.0000","0.0000","0.0000","0.0000","0.0000","0.0000","0.0000","0.0000","0.0000","0.0000","68.7100","0.0000","0.0000","0.0000","0.0000","68.7100","20.00","Novices Hurdle","Hughes, Brian","Ellison, B","9","3","8","3m.5f ","5yo+","45560","1","G2",
"2026-02-14","2.40.","Haydock","9th","Lon Chaney (IRE)","0.0000","0.0000","0.0000","0.0000","0.0000","0.0000","0.0000","0.0000","0.0000","0.0000","0.0000","62.5200","0.0000","0.0000","0.0000","0.0000","62.5200","11.00","Novices Hurdle","Bowen, Sean P","Murphy, Olly","9","9","6","3m.5f ","5yo+","45560","1","G2",
"2026-02-14","2.40.","Haydock","5th","Whiskey Yankee","0.0000","0.0000","0.0000","0.0000","0.0000","0.0000","0.0000","0.0000","0.0000","0.0000","0.0000","0.0000","0.0000","0.0000","0.0000","0.0000","0.0000","7.00","Novices Hurdle","Johnston, Dylan","Thomas, Sam","9","5","5","3m.5f ","5yo+","45560","1","G2",
"2026-02-14","2.40.","Haydock","2nd","Ubatuba (IRE)","0.0000","0.0000","0.0000","0.0000","0.0000","0.0000","0.0000","0.0000","0.0000","0.0000","0.0000","0.0000","0.0000","0.0000","0.0000","0.0000","0.0000","5.00","Novices Hurdle","Sutton, Ben","Murphy, Olly","9","2","6","3m.5f ","5yo+","45560","1","G2",
"2026-02-14","2.40.","Haydock","4th","Legendary Luke (IRE)","0.0000","0.0000","0.0000","0.0000","0.0000","0.0000","0.0000","0.0000","0.0000","0.0000","0.0000","0.0000","0.0000","0.0000","0.0000","0.0000","0.0000","9.00","Novices Hurdle","Sheehan, Gavin","Snowden, Jamie","9","4","6","3m.5f ","5yo+","45560","1","G2",
"2026-02-14","2.40.","Haydock","6th","Caughtinyourtrance (IRE)","0.0000","0.0000","0.0000","0.0000","0.0000","0.0000","0.0000","0.0000","0.0000","0.0000","0.0000","0.0000","0.0000","0.0000","0.0000","0.0000","0.0000","50.00","Novices Hurdle","Moscrop, Nathan","Moffatt, James","9","6","7","3m.5f ","5yo+","45560","1","G2",
"2026-02-14","2.50.","Wincanton","3rd","Pedley Wood (IRE)","0.0000","0.0000","0.0000","0.0000","0.0000","0.0000","0.0000","0.0000","0.0000","0.0000","0.0000","73.2500","0.0000","0.0000","0.0000","0.0000","73.2500","7.00","Handicap Chase","Powell, Brendan","Tizzard, Joe","7","3","9","2m4.5f ","5yo+","5413","4",,
"2026-02-14","2.50.","Wincanton","F","Mutley Crew (FR)","0.0000","0.0000","0.0000","0.0000","0.0000","0.0000","0.0000","0.0000","0.0000","0.0000","0.0000","70.0400","0.0000","0.0000","0.0000","0.0000","70.0400","1.88","Handicap Chase","Kimber, Harry","Walford, Robert","7","0","10","2m4.5f ","5yo+","5413","4",,
"2026-02-14","2.50.","Wincanton","2nd","Bonza Boy","0.0000","0.0000","0.0000","0.0000","0.0000","0.0000","0.0000","0.0000","0.0000","0.0000","0.0000","60.6300","0.0000","0.0000","0.0000","0.0000","60.6300","6.50","Handicap Chase","OBrien, P V","Scott, J","7","2","9","2m4.5f ","5yo+","5413","4",,
"2026-02-14","2.50.","Wincanton","4th","Saint Cyr De Pail (FR)","0.0000","0.0000","0.0000","0.0000","0.0000","0.0000","0.0000","0.0000","0.0000","0.0000","0.0000","49.4400","0.0000","0.0000","0.0000","0.0000","49.4400","3.00","Handicap Chase","Gethings, Ciaran","Williams, Mrs Jane","7","4","7","2m4.5f ","5yo+","5413","4",,
"2026-02-14","2.50.","Wincanton","PU","Valirann Gold (IRE)","0.0000","0.0000","0.0000","0.0000","0.0000","0.0000","0.0000","0.0000","0.0000","0.0000","0.0000","46.5700","0.0000","0.0000","0.0000","0.0000","46.5700","11.00","Handicap Chase","Godfrey, Ben","Brown, Miss Harriet","7","0","9","2m4.5f ","5yo+","5413","4",,
"2026-02-14","2.50.","Wincanton","5th","Pilsdon Pen","0.0000","0.0000","0.0000","0.0000","0.0000","0.0000","0.0000","0.0000","0.0000","0.0000","0.0000","0.0000","0.0000","0.0000","0.0000","0.0000","0.0000","7.00","Handicap Chase","Carver, Bryan","Scott, J","7","5","9","2m4.5f ","5yo+","5413","4",,
"2026-02-14","2.50.","Wincanton","1st","Jeu Dopale (FR)","0.0000","0.0000","0.0000","0.0000","0.0000","0.0000","0.0000","0.0000","0.0000","0.0000","0.0000","0.0000","0.0000","0.0000","0.0000","0.0000","0.0000","10.00","Handicap Chase","Deutsch, Charlie","Williams, Miss Venetia","7","1","8","2m4.5f ","5yo+","5413","4",,
"2026-02-14","3.00.","Ascot","10th","Sam Brown","0.0000","0.0000","0.0000","0.0000","0.0000","0.0000","0.0000","0.0000","0.0000","0.0000","0.0000","85.9700","0.0000","0.0000","0.0000","0.0000","85.9700","28.00","Handicap Chase","Bament, Chad","Honeyball, A J","11","10","14","3m ","5yo+","56950","1",,
"2026-02-14","3.00.","Ascot","7th","Nocte Volatus","0.0000","0.0000","0.0000","0.0000","0.0000","0.0000","0.0000","0.0000","0.0000","0.0000","0.0000","83.1600","0.0000","0.0000","0.0000","0.0000","83.1600","11.00","Handicap Chase","Sheppard, Stan","Lacey, T","11","7","11","3m ","5yo+","56950","1",,
"2026-02-14","3.00.","Ascot","3rd","Your Darling (IRE)","0.0000","0.0000","0.0000","0.0000","0.0000","0.0000","0.0000","0.0000","0.0000","0.0000","0.0000","81.7500","0.0000","0.0000","0.0000","0.0000","81.7500","7.50","Handicap Chase","Jones, Ben R","Pauling, Ben","11","3","11","3m ","5yo+","56950","1",,
"2026-02-14","3.00.","Ascot","8th","Credo (IRE)","0.0000","0.0000","0.0000","0.0000","0.0000","0.0000","0.0000","0.0000","0.0000","0.0000","0.0000","79.1400","0.0000","0.0000","0.0000","0.0000","79.1400","40.00","Handicap Chase","Dingle, Rex","Honeyball, A J","11","8","11","3m ","5yo+","56950","1",,
"2026-02-14","3.00.","Ascot","5th","Hunter Legend (FR)","0.0000","0.0000","0.0000","0.0000","0.0000","0.0000","0.0000","0.0000","0.0000","0.0000","0.0000","79.0800","0.0000","0.0000","0.0000","0.0000","79.0800","12.00","Handicap Chase","Turner, Miss L M","Williams, Miss Venetia","11","5","9","3m ","5yo+","56950","1",,
"2026-02-14","3.00.","Ascot","4th","Jipcot (FR)","0.0000","0.0000","0.0000","0.0000","0.0000","0.0000","0.0000","0.0000","0.0000","0.0000","0.0000","76.5600","0.0000","0.0000","0.0000","0.0000","76.5600","2.75","Handicap Chase","Woods, K K","ONeill, Jonjo and AJ","11","4","7","3m ","5yo+","56950","1",,
"2026-02-14","3.00.","Ascot","1st","Montregard (FR)","0.0000","0.0000","0.0000","0.0000","0.0000","0.0000","0.0000","0.0000","0.0000","0.0000","0.0000","73.8500","0.0000","0.0000","0.0000","0.0000","73.8500","3.33","Handicap Chase","Burke, Jonathan","Lacey, T","11","1","7","3m ","5yo+","56950","1",,
"2026-02-14","3.00.","Ascot","6th","Invincible Nao (FR)","0.0000","0.0000","0.0000","0.0000","0.0000","0.0000","0.0000","0.0000","0.0000","0.0000","0.0000","64.0400","0.0000","0.0000","0.0000","0.0000","64.0400","14.00","Handicap Chase","Quinn, Caoilin","Moore, Gary and Josh","11","6","8","3m ","5yo+","56950","1",,
"2026-02-14","3.00.","Ascot","2nd","Gericault Roque (FR)","0.0000","0.0000","0.0000","0.0000","0.0000","0.0000","0.0000","0.0000","0.0000","0.0000","0.0000","30.0000","0.0000","0.0000","0.0000","0.0000","30.0000","18.00","Handicap Chase","Tudor, Jack","Pipe, D E","11","2","10","3m ","5yo+","56950","1",,
"2026-02-14","3.00.","Ascot","9th","Joyeux Machin (FR)","0.0000","0.0000","0.0000","0.0000","0.0000","0.0000","0.0000","0.0000","0.0000","0.0000","0.0000","0.0000","0.0000","0.0000","0.0000","0.0000","0.0000","5.00","Handicap Chase","Durrell, Tristan","Skelton, Daniel","11","9","9","3m ","5yo+","56950","1",,
"2026-02-14","3.00.","Ascot","PU","Threeunderthrufive (IRE)","0.0000","0.0000","0.0000","0.0000","0.0000","0.0000","0.0000","0.0000","0.0000","0.0000","0.0000","0.0000","0.0000","0.0000","0.0000","0.0000","0.0000","12.00","Handicap Chase","Cobden, Harry","Nicholls, P F","11","0","11","3m ","5yo+","56950","1",,
"2026-02-14","3.05.","Gowran Park","1st","Nans Choice (IRE)","0.0000","0.0000","0.0000","0.0000","0.0000","0.0000","0.0000","0.0000","0.0000","0.0000","0.0000","65.9000","0.0000","0.0000","0.0000","0.0000","65.9000","5.00","NH Flat","Stone, B T","Houlihan, Conor","7","1","5","2m1f ","4yo+","5842","0",,
"2026-02-14","3.05.","Gowran Park","2nd","Luciole Des Bordes (FR)","0.0000","0.0000","0.0000","0.0000","0.0000","0.0000","0.0000","0.0000","0.0000","0.0000","0.0000","63.6000","0.0000","0.0000","0.0000","0.0000","63.6000","0.62","NH Flat","Mullins, Mr P W","Mullins, W P","7","2","5","2m1f ","4yo+","5842","0",,
"2026-02-14","3.05.","Gowran Park","7th","Red Acres Georgie (IRE)","0.0000","0.0000","0.0000","0.0000","0.0000","0.0000","0.0000","0.0000","0.0000","0.0000","0.0000","58.0500","0.0000","0.0000","0.0000","0.0000","58.0500","10.00","NH Flat","Swan, H C","Mullins, Anthony","7","7","6","2m1f ","4yo+","5842","0",,
"2026-02-14","3.05.","Gowran Park","3rd","Wicked Pleasure (IRE)","0.0000","0.0000","0.0000","0.0000","0.0000","0.0000","0.0000","0.0000","0.0000","0.0000","0.0000","52.7000","0.0000","0.0000","0.0000","0.0000","52.7000","6.00","NH Flat","Gleeson, Mr J L","Bromhead, Henry De","7","3","5","2m1f ","4yo+","5842","0",,
"2026-02-14","3.05.","Gowran Park","4th","Courtmac Gesture (IRE)","0.0000","0.0000","0.0000","0.0000","0.0000","0.0000","0.0000","0.0000","0.0000","0.0000","0.0000","42.7100","0.0000","0.0000","0.0000","0.0000","42.7100","12.00","NH Flat","Hogan, C M","Motherway, C","7","4","5","2m1f ","4yo+","5842","0",,
"2026-02-14","3.05.","Gowran Park","6th","Claudel (FR)","0.0000","0.0000","0.0000","0.0000","0.0000","0.0000","0.0000","0.0000","0.0000","0.0000","0.0000","39.0300","0.0000","0.0000","0.0000","0.0000","39.0300","25.00","NH Flat","Hendrick, Mr J W","Nolan, Paul","7","6","5","2m1f ","4yo+","5842","0",,
"2026-02-14","3.05.","Gowran Park","5th","Natures Odyssey (IRE)","0.0000","0.0000","0.0000","0.0000","0.0000","0.0000","0.0000","0.0000","0.0000","0.0000","0.0000","0.0000","0.0000","0.0000","0.0000","0.0000","0.0000","33.00","NH Flat","Ryan, Mr A P","McEnery, P F","7","5","5","2m1f ","4yo+","5842","0",,
"2026-02-14","3.10.","Lingfield","7th","Benevento (IRE)","0.0000","0.0000","0.0000","0.0000","0.0000","0.0000","0.0000","0.0000","0.0000","0.0000","0.0000","94.2900","0.0000","0.0000","0.0000","0.0000","94.2900","1.88","Handicap","Egan, David","Foy, Kevin","7","7","4","7f ","4yo+","15702","2",,
"2026-02-14","3.10.","Lingfield","4th","Legal Reform (IRE)","0.0000","0.0000","0.0000","0.0000","0.0000","0.0000","0.0000","0.0000","0.0000","0.0000","0.0000","93.9900","0.0000","0.0000","0.0000","0.0000","93.9900","6.00","Handicap","Greatrex, Edward","Herrington,M ","7","4","9","7f ","4yo+","15702","2",,
"2026-02-14","3.10.","Lingfield","5th","Wiltshire","0.0000","0.0000","0.0000","0.0000","0.0000","0.0000","0.0000","0.0000","0.0000","0.0000","0.0000","86.1300","0.0000","0.0000","0.0000","0.0000","86.1300","6.50","Handicap","Fallon, Cieren","Haggas, W J","7","5","6","7f ","4yo+","15702","2",,
"2026-02-14","3.10.","Lingfield","1st","Heathcliff","0.0000","0.0000","0.0000","0.0000","0.0000","0.0000","0.0000","0.0000","0.0000","0.0000","0.0000","85.9500","0.0000","0.0000","0.0000","0.0000","85.9500","5.00","Handicap","Muscutt, D","Fanshawe, J R","7","1","5","7f ","4yo+","15702","2",,
"2026-02-14","3.10.","Lingfield","2nd","Tiger Crusade (FR)","0.0000","0.0000","0.0000","0.0000","0.0000","0.0000","0.0000","0.0000","0.0000","0.0000","0.0000","79.9600","0.0000","0.0000","0.0000","0.0000","79.9600","8.00","Handicap","Dace, Jack","Simcock, D M","7","2","9","7f ","4yo+","15702","2",,
"2026-02-14","3.10.","Lingfield","3rd","Willem Twee","0.0000","0.0000","0.0000","0.0000","0.0000","0.0000","0.0000","0.0000","0.0000","0.0000","0.0000","79.2500","0.0000","0.0000","0.0000","0.0000","79.2500","16.00","Handicap","Crouch, Hector","Fanshawe, J R","7","3","7","7f ","4yo+","15702","2",,
"2026-02-14","3.10.","Lingfield","6th","Best Rate","0.0000","0.0000","0.0000","0.0000","0.0000","0.0000","0.0000","0.0000","0.0000","0.0000","0.0000","74.3400","0.0000","0.0000","0.0000","0.0000","74.3400","4.00","Handicap","Leavy, Joe","Hannon (Jnr), Richard","7","6","4","7f ","4yo+","15702","2",,
"2026-02-14","3.15.","Haydock","7th","Monbeg Genius (IRE)","0.0000","0.0000","0.0000","0.0000","0.0000","0.0000","0.0000","0.0000","0.0000","0.0000","0.0000","84.6900","0.0000","0.0000","0.0000","0.0000","84.6900","8.00","Handicap Chase","ONeill, Jonjo (Jr)","ONeill, Jonjo and AJ","11","7","10","3m4.5f ","5yo+","56950","1",,
"2026-02-14","3.15.","Haydock","PU","Rivers Corner","0.0000","0.0000","0.0000","0.0000","0.0000","0.0000","0.0000","0.0000","0.0000","0.0000","0.0000","73.1200","0.0000","0.0000","0.0000","0.0000","73.1200","9.00","Handicap Chase","Gingell, Frederick","Tizzard, Joe","11","0","8","3m4.5f ","5yo+","56950","1",,
"2026-02-14","3.15.","Haydock","5th","Git Maker (FR)","0.0000","0.0000","0.0000","0.0000","0.0000","0.0000","0.0000","0.0000","0.0000","0.0000","0.0000","72.4700","0.0000","0.0000","0.0000","0.0000","72.4700","12.00","Handicap Chase","Sheehan, Gavin","Snowden, Jamie","11","5","10","3m4.5f ","5yo+","56950","1",,
"2026-02-14","3.15.","Haydock","PU","Holokea (IRE)","0.0000","0.0000","0.0000","0.0000","0.0000","0.0000","0.0000","0.0000","0.0000","0.0000","0.0000","30.0000","0.0000","0.0000","0.0000","0.0000","30.0000","6.00","Handicap Chase","Bowen, James C","Bowen, Mickey","11","0","7","3m4.5f ","5yo+","56950","1",,
"2026-02-14","3.15.","Haydock","3rd","Neo King (FR)","0.0000","0.0000","0.0000","0.0000","0.0000","0.0000","0.0000","0.0000","0.0000","0.0000","0.0000","0.0000","0.0000","0.0000","0.0000","0.0000","0.0000","16.00","Handicap Chase","Turner, James","Williams, Evan","11","3","8","3m4.5f ","5yo+","56950","1",,
"2026-02-14","3.15.","Haydock","6th","Grand Albert (IRE)","0.0000","0.0000","0.0000","0.0000","0.0000","0.0000","0.0000","0.0000","0.0000","0.0000","0.0000","0.0000","0.0000","0.0000","0.0000","0.0000","0.0000","8.50","Handicap Chase","Bowen, Sean P","McCain Jnr, D","11","6","8","3m4.5f ","5yo+","56950","1",,
"2026-02-14","3.15.","Haydock","1st","Grand Geste (IRE)","0.0000","0.0000","0.0000","0.0000","0.0000","0.0000","0.0000","0.0000","0.0000","0.0000","0.0000","0.0000","0.0000","0.0000","0.0000","0.0000","0.0000","6.50","Handicap Chase","McMenamin, Daniel","Smith, Mrs S J / Parkinson, J","11","1","7","3m4.5f ","5yo+","56950","1",,
"2026-02-14","3.15.","Haydock","4th","Deafening Silence (IRE)","0.0000","0.0000","0.0000","0.0000","0.0000","0.0000","0.0000","0.0000","0.0000","0.0000","0.0000","0.0000","0.0000","0.0000","0.0000","0.0000","0.0000","7.00","Handicap Chase","Skelton, Harry","Skelton, Daniel","11","4","9","3m4.5f ","5yo+","56950","1",,
"2026-02-14","3.15.","Haydock","8th","Richmond Lake (IRE)","0.0000","0.0000","0.0000","0.0000","0.0000","0.0000","0.0000","0.0000","0.0000","0.0000","0.0000","0.0000","0.0000","0.0000","0.0000","0.0000","0.0000","12.00","Handicap Chase","Hughes, Brian","McCain Jnr, D","11","8","10","3m4.5f ","5yo+","56950","1",,
"2026-02-14","3.15.","Haydock","PU","Myretown (IRE)","0.0000","0.0000","0.0000","0.0000","0.0000","0.0000","0.0000","0.0000","0.0000","0.0000","0.0000","0.0000","0.0000","0.0000","0.0000","0.0000","0.0000","3.00","Handicap Chase","Fox, Derek R","Russell, Lucinda / Scudamore, M","11","0","9","3m4.5f ","5yo+","56950","1",,
"2026-02-14","3.15.","Haydock","2nd","Top Of The Bill (IRE)","0.0000","0.0000","0.0000","0.0000","0.0000","0.0000","0.0000","0.0000","0.0000","0.0000","0.0000","0.0000","0.0000","0.0000","0.0000","0.0000","0.0000","22.00","Handicap Chase","McCain-Mitchell, Toby","Twiston-Davies, N A","11","2","10","3m4.5f ","5yo+","56950","1",,
"2026-02-14","3.23.","Wincanton","PU","Jack Black (FR)","0.0000","0.0000","0.0000","0.0000","0.0000","0.0000","0.0000","0.0000","0.0000","0.0000","0.0000","72.0100","0.0000","0.0000","0.0000","0.0000","72.0100","3.33","Handicap Chase","Todd, C J","Skelton, Daniel","7","0","7","2m ","5yo+","5413","4",,
"2026-02-14","3.23.","Wincanton","2nd","Raffles Hermes (FR)","0.0000","0.0000","0.0000","0.0000","0.0000","0.0000","0.0000","0.0000","0.0000","0.0000","0.0000","65.5100","0.0000","0.0000","0.0000","0.0000","65.5100","6.50","Handicap Chase","Kimber, Harry","Walford, Robert","7","2","6","2m ","5yo+","5413","4",,
"2026-02-14","3.23.","Wincanton","1st","Royal Mer (FR)","0.0000","0.0000","0.0000","0.0000","0.0000","0.0000","0.0000","0.0000","0.0000","0.0000","0.0000","64.1500","0.0000","0.0000","0.0000","0.0000","64.1500","3.00","Handicap Chase","Corcoran, Rian","Pipe, D E","7","1","8","2m ","5yo+","5413","4",,
"2026-02-14","3.23.","Wincanton","3rd","Wewillgowithplanb (IRE)","0.0000","0.0000","0.0000","0.0000","0.0000","0.0000","0.0000","0.0000","0.0000","0.0000","0.0000","62.1500","0.0000","0.0000","0.0000","0.0000","62.1500","22.00","Handicap Chase","Ring, C V","Williams, Evan","7","3","9","2m ","5yo+","5413","4",,
"2026-02-14","3.23.","Wincanton","5th","Begin The Luck (IRE)","0.0000","0.0000","0.0000","0.0000","0.0000","0.0000","0.0000","0.0000","0.0000","0.0000","0.0000","52.6900","0.0000","0.0000","0.0000","0.0000","52.6900","6.50","Handicap Chase","David, Robbie","Hitchins, Daisy","7","5","10","2m ","5yo+","5413","4",,
"2026-02-14","3.23.","Wincanton","PU","Joe Cotton (IRE)","0.0000","0.0000","0.0000","0.0000","0.0000","0.0000","0.0000","0.0000","0.0000","0.0000","0.0000","0.0000","0.0000","0.0000","0.0000","0.0000","0.0000","3.00","Handicap Chase","Carver, Bryan","Scott, J","7","0","8","2m ","5yo+","5413","4",,
"2026-02-14","3.23.","Wincanton","4th","Better Off Alone (IRE)","0.0000","0.0000","0.0000","0.0000","0.0000","0.0000","0.0000","0.0000","0.0000","0.0000","0.0000","0.0000","0.0000","0.0000","0.0000","0.0000","0.0000","8.00","Handicap Chase","Best, J A","Keighley, M","7","4","7","2m ","5yo+","5413","4",,
"2026-02-14","3.35.","Ascot","4th","Edwardstone","0.0000","0.0000","0.0000","0.0000","0.0000","0.0000","0.0000","0.0000","0.0000","0.0000","0.0000","94.7600","0.0000","0.0000","0.0000","0.0000","94.7600","11.00","Chase","Cannon, Tom J","King, A","6","4","12","2m5f ","5yo+","99662","1","G1",
"2026-02-14","3.35.","Ascot","1st","Jonbon (FR)","0.0000","0.0000","0.0000","0.0000","0.0000","0.0000","0.0000","0.0000","0.0000","0.0000","0.0000","93.0800","0.0000","0.0000","0.0000","0.0000","93.0800","0.44","Chase","Boinville, Nico","Henderson, N J","6","1","10","2m5f ","5yo+","99662","1","G1",
"2026-02-14","3.35.","Ascot","3rd","Blow Your Wad (IRE)","0.0000","0.0000","0.0000","0.0000","0.0000","0.0000","0.0000","0.0000","0.0000","0.0000","0.0000","76.6900","0.0000","0.0000","0.0000","0.0000","76.6900","33.00","Chase","Mitchell, Freddie","Moore, Gary and Josh","6","3","8","2m5f ","5yo+","99662","1","G1",
"2026-02-14","3.35.","Ascot","2nd","Pic DOrhy (FR)","0.0000","0.0000","0.0000","0.0000","0.0000","0.0000","0.0000","0.0000","0.0000","0.0000","0.0000","73.6000","0.0000","0.0000","0.0000","0.0000","73.6000","2.50","Chase","Cobden, Harry","Nicholls, P F","6","2","11","2m5f ","5yo+","99662","1","G1",
"2026-02-14","3.35.","Ascot","PU","Classic Maestro (IRE)","0.0000","0.0000","0.0000","0.0000","0.0000","0.0000","0.0000","0.0000","0.0000","0.0000","0.0000","60.3700","0.0000","0.0000","0.0000","0.0000","60.3700","125.00","Chase","Scott, Luke","Candlish, Jennie","6","0","8","2m5f ","5yo+","99662","1","G1",
"2026-02-14","3.35.","Ascot","5th","Heltenham (FR)","0.0000","0.0000","0.0000","0.0000","0.0000","0.0000","0.0000","0.0000","0.0000","0.0000","0.0000","0.0000","0.0000","0.0000","0.0000","0.0000","0.0000","50.00","Chase","Durrell, Tristan","Skelton, Daniel","6","5","9","2m5f ","5yo+","99662","1","G1",
"2026-02-14","3.40.","Gowran Park","1st","Impaire Et Passe (FR)","0.0000","0.0000","0.0000","0.0000","0.0000","0.0000","0.0000","0.0000","0.0000","0.0000","0.0000","92.5200","0.0000","0.0000","0.0000","0.0000","92.5200","0.44","Chase","Townend, P","Mullins, W P","4","1","8","2m3.5f ","5yo+","23894","0","G2",
"2026-02-14","3.40.","Gowran Park","2nd","Sa Fureur (IRE)","0.0000","0.0000","0.0000","0.0000","0.0000","0.0000","0.0000","0.0000","0.0000","0.0000","0.0000","77.1800","0.0000","0.0000","0.0000","0.0000","77.1800","4.00","Chase","Kennedy, J W","Elliott, Gordon","4","2","9","2m3.5f ","5yo+","23894","0","G2",
"2026-02-14","3.40.","Gowran Park","3rd","Classic Getaway (IRE)","0.0000","0.0000","0.0000","0.0000","0.0000","0.0000","0.0000","0.0000","0.0000","0.0000","0.0000","76.5000","0.0000","0.0000","0.0000","0.0000","76.5000","5.00","Chase","Mullins, D E","Mullins, W P","4","3","10","2m3.5f ","5yo+","23894","0","G2",
"2026-02-14","3.40.","Gowran Park","4th","Buddy One (IRE)","0.0000","0.0000","0.0000","0.0000","0.0000","0.0000","0.0000","0.0000","0.0000","0.0000","0.0000","76.2200","0.0000","0.0000","0.0000","0.0000","76.2200","20.00","Chase","Gilligan, Jack G","Gilligan, Paul John","4","4","9","2m3.5f ","5yo+","23894","0","G2",
"2026-02-14","3.45.","Lingfield","3rd","Corniche Girl (IRE)","0.0000","0.0000","0.0000","0.0000","0.0000","0.0000","0.0000","0.0000","0.0000","0.0000","0.0000","65.3900","0.0000","0.0000","0.0000","0.0000","65.3900","20.00","Handicap","Levey, S M","Hannon (Jnr), Richard","7","3","3","1m ","3yo","3768","6",,
"2026-02-14","3.45.","Lingfield","5th","Prancy Peer","0.0000","0.0000","0.0000","0.0000","0.0000","0.0000","0.0000","0.0000","0.0000","0.0000","0.0000","58.5200","0.0000","0.0000","0.0000","0.0000","58.5200","22.00","Handicap","Egan, David","Sangster, Ollie","7","5","3","1m ","3yo","3768","6",,
"2026-02-14","3.45.","Lingfield","6th","Uncle Nader","0.0000","0.0000","0.0000","0.0000","0.0000","0.0000","0.0000","0.0000","0.0000","0.0000","0.0000","54.5600","0.0000","0.0000","0.0000","0.0000","54.5600","3.00","Handicap","Crouch, Hector","Jones, Jack","7","6","3","1m ","3yo","3768","6",,
"2026-02-14","3.45.","Lingfield","7th","Angry Ant (USA)","0.0000","0.0000","0.0000","0.0000","0.0000","0.0000","0.0000","0.0000","0.0000","0.0000","0.0000","52.5700","0.0000","0.0000","0.0000","0.0000","52.5700","28.00","Handicap","Greatrex, Edward","Osborne, J A","7","7","3","1m ","3yo","3768","6",,
"2026-02-14","3.45.","Lingfield","1st","Ebn Sabt","0.0000","0.0000","0.0000","0.0000","0.0000","0.0000","0.0000","0.0000","0.0000","0.0000","0.0000","49.8300","0.0000","0.0000","0.0000","0.0000","49.8300","5.00","Handicap","Edmunds, Lewis","Muir, W R & Grassick, C","7","1","3","1m ","3yo","3768","6",,
"2026-02-14","3.45.","Lingfield","4th","Whos On First","0.0000","0.0000","0.0000","0.0000","0.0000","0.0000","0.0000","0.0000","0.0000","0.0000","0.0000","49.0800","0.0000","0.0000","0.0000","0.0000","49.0800","1.50","Handicap","Dace, Jack","Williams, S C","7","4","3","1m ","3yo","3768","6",,
"2026-02-14","3.45.","Lingfield","2nd","Aneirins Sword (IRE)","0.0000","0.0000","0.0000","0.0000","0.0000","0.0000","0.0000","0.0000","0.0000","0.0000","0.0000","45.8300","0.0000","0.0000","0.0000","0.0000","45.8300","3.50","Handicap","Hornby, Rob","Osborne, J A","7","2","3","1m ","3yo","3768","6",,
"2026-02-14","3.50.","Haydock","PU","Jupiter Des Mottes (FR)","0.0000","0.0000","0.0000","0.0000","0.0000","0.0000","0.0000","0.0000","0.0000","0.0000","0.0000","86.3400","0.0000","0.0000","0.0000","0.0000","86.3400","6.50","Handicap Hurdle","McMenamin, Daniel","Richards, N G","13","0","7","3m.5f ","5yo+","13615","2",,
"2026-02-14","3.50.","Haydock","7th","Go To War (IRE)","0.0000","0.0000","0.0000","0.0000","0.0000","0.0000","0.0000","0.0000","0.0000","0.0000","0.0000","84.7200","0.0000","0.0000","0.0000","0.0000","84.7200","9.00","Handicap Hurdle","Hughes, Brian","Henderson, N J","13","7","8","3m.5f ","5yo+","13615","2",,
"2026-02-14","3.50.","Haydock","6th","Doughmore Bay (IRE)","0.0000","0.0000","0.0000","0.0000","0.0000","0.0000","0.0000","0.0000","0.0000","0.0000","0.0000","84.5600","0.0000","0.0000","0.0000","0.0000","84.5600","8.50","Handicap Hurdle","Sheehan, Gavin","Lavelle, Miss E C","13","6","8","3m.5f ","5yo+","13615","2",,
"2026-02-14","3.50.","Haydock","PU","Gwennie May Star (FR)","0.0000","0.0000","0.0000","0.0000","0.0000","0.0000","0.0000","0.0000","0.0000","0.0000","0.0000","76.4400","0.0000","0.0000","0.0000","0.0000","76.4400","5.50","Handicap Hurdle","Bowen, Sean P","Murphy, Olly","13","0","6","3m.5f ","5yo+","13615","2",,
"2026-02-14","3.50.","Haydock","PU","Stay Away Fay (IRE)","0.0000","0.0000","0.0000","0.0000","0.0000","0.0000","0.0000","0.0000","0.0000","0.0000","0.0000","75.6400","0.0000","0.0000","0.0000","0.0000","75.6400","9.00","Handicap Hurdle","Nicholls, Miss Olive","Nicholls, P F","13","0","9","3m.5f ","5yo+","13615","2",,
"2026-02-14","3.50.","Haydock","1st","Champagne Chic (IRE)","0.0000","0.0000","0.0000","0.0000","0.0000","0.0000","0.0000","0.0000","0.0000","0.0000","0.0000","75.4400","0.0000","0.0000","0.0000","0.0000","75.4400","4.50","Handicap Hurdle","Skelton, Harry","Scott, J","13","1","6","3m.5f ","5yo+","13615","2",,
"2026-02-14","3.50.","Haydock","8th","Cave Court (IRE)","0.0000","0.0000","0.0000","0.0000","0.0000","0.0000","0.0000","0.0000","0.0000","0.0000","0.0000","71.1800","0.0000","0.0000","0.0000","0.0000","71.1800","50.00","Handicap Hurdle","McGill, Mr O","Kelly, Noel C","13","8","9","3m.5f ","5yo+","13615","2",,
"2026-02-14","3.50.","Haydock","3rd","Found A Diamond (IRE)","0.0000","0.0000","0.0000","0.0000","0.0000","0.0000","0.0000","0.0000","0.0000","0.0000","0.0000","66.6100","0.0000","0.0000","0.0000","0.0000","66.6100","11.00","Handicap Hurdle","Markey, S R","OSullivan, Ross","13","3","6","3m.5f ","5yo+","13615","2",,
"2026-02-14","3.50.","Haydock","5th","Thanksforthehelp (FR)","0.0000","0.0000","0.0000","0.0000","0.0000","0.0000","0.0000","0.0000","0.0000","0.0000","0.0000","63.9700","0.0000","0.0000","0.0000","0.0000","63.9700","25.00","Handicap Hurdle","McLernon, R P","Pipe, D E","13","5","9","3m.5f ","5yo+","13615","2",,
"2026-02-14","3.50.","Haydock","PU","Off The Jury (IRE)","0.0000","0.0000","0.0000","0.0000","0.0000","0.0000","0.0000","0.0000","0.0000","0.0000","0.0000","0.0000","0.0000","0.0000","0.0000","0.0000","0.0000","8.00","Handicap Hurdle","Bowen, James C","Bowen, Mickey","13","0","7","3m.5f ","5yo+","13615","2",,
"2026-02-14","3.50.","Haydock","2nd","Minella Emperor (IRE)","0.0000","0.0000","0.0000","0.0000","0.0000","0.0000","0.0000","0.0000","0.0000","0.0000","0.0000","0.0000","0.0000","0.0000","0.0000","0.0000","0.0000","6.00","Handicap Hurdle","Meyler, D","Mullins, Emmet","13","2","7","3m.5f ","5yo+","13615","2",,
"2026-02-14","3.50.","Haydock","4th","Red Dirt Road (IRE)","0.0000","0.0000","0.0000","0.0000","0.0000","0.0000","0.0000","0.0000","0.0000","0.0000","0.0000","0.0000","0.0000","0.0000","0.0000","0.0000","0.0000","18.00","Handicap Hurdle","ONeill, Jonjo (Jr)","ONeill, Jonjo and AJ","13","4","9","3m.5f ","5yo+","13615","2",,
"2026-02-14","3.50.","Haydock","F","Chart Topper (FR)","0.0000","0.0000","0.0000","0.0000","0.0000","0.0000","0.0000","0.0000","0.0000","0.0000","0.0000","0.0000","0.0000","0.0000","0.0000","0.0000","0.0000","20.00","Handicap Hurdle","Hayes, Brian","Mullins, W P","13","0","7","3m.5f ","5yo+","13615","2",,
"2026-02-14","4.00.","Wincanton","3rd","Saladins Son (IRE)","0.0000","0.0000","0.0000","0.0000","0.0000","0.0000","0.0000","0.0000","0.0000","0.0000","0.0000","80.2200","0.0000","0.0000","0.0000","0.0000","80.2200","1.50","Handicap Chase","Godfrey, Ben","Honeyball, A J","6","3","8","3m1.5f ","5yo+","5413","4",,
"2026-02-14","4.00.","Wincanton","1st","Camulus (IRE)","0.0000","0.0000","0.0000","0.0000","0.0000","0.0000","0.0000","0.0000","0.0000","0.0000","0.0000","64.6400","0.0000","0.0000","0.0000","0.0000","64.6400","2.50","Handicap Chase","Deutsch, Charlie","Williams, Miss Venetia","6","1","9","3m1.5f ","5yo+","5413","4",,
"2026-02-14","4.00.","Wincanton","2nd","Cooleenymore (IRE)","0.0000","0.0000","0.0000","0.0000","0.0000","0.0000","0.0000","0.0000","0.0000","0.0000","0.0000","62.0800","0.0000","0.0000","0.0000","0.0000","62.0800","3.50","Handicap Chase","Kimber, Harry","Walford, Robert","6","2","10","3m1.5f ","5yo+","5413","4",,
"2026-02-14","4.00.","Wincanton","PU","Concetto (FR)","0.0000","0.0000","0.0000","0.0000","0.0000","0.0000","0.0000","0.0000","0.0000","0.0000","0.0000","58.5200","0.0000","0.0000","0.0000","0.0000","58.5200","8.00","Handicap Chase","Dunne, R T","Allwood, S","6","0","9","3m1.5f ","5yo+","5413","4",,
"2026-02-14","4.00.","Wincanton","5th","Take Your Time (IRE)","0.0000","0.0000","0.0000","0.0000","0.0000","0.0000","0.0000","0.0000","0.0000","0.0000","0.0000","0.0000","0.0000","0.0000","0.0000","0.0000","0.0000","14.00","Handicap Chase","Twiston-Davies, Sam","Nicholls, P F","6","5","11","3m1.5f ","5yo+","5413","4",,
"2026-02-14","4.00.","Wincanton","4th","Supervisor (IRE)","0.0000","0.0000","0.0000","0.0000","0.0000","0.0000","0.0000","0.0000","0.0000","0.0000","0.0000","0.0000","0.0000","0.0000","0.0000","0.0000","0.0000","25.00","Handicap Chase","Dodd, Murray","Williams, Miss Venetia","6","4","12","3m1.5f ","5yo+","5413","4",,
"2026-02-14","4.10.","Ascot","8th","Sea Invasion (IRE)","0.0000","0.0000","0.0000","0.0000","0.0000","0.0000","0.0000","0.0000","0.0000","0.0000","0.0000","81.3300","0.0000","0.0000","0.0000","0.0000","81.3300","33.00","Handicap Hurdle","Dingle, Rex","Honeyball, A J","18","8","8","2m7.5f ","4yo+","10157","3",,
"2026-02-14","4.10.","Ascot","7th","Loup De Maulde (FR)","0.0000","0.0000","0.0000","0.0000","0.0000","0.0000","0.0000","0.0000","0.0000","0.0000","0.0000","77.4800","0.0000","0.0000","0.0000","0.0000","77.4800","33.00","Handicap Hurdle","Price, Charlie","Llewellyn, Robert","18","7","9","2m7.5f ","4yo+","10157","3",,
"2026-02-14","4.10.","Ascot","16th","Hung Jury (IRE)","0.0000","0.0000","0.0000","0.0000","0.0000","0.0000","0.0000","0.0000","0.0000","0.0000","0.0000","77.0800","0.0000","0.0000","0.0000","0.0000","77.0800","25.00","Handicap Hurdle","Keighley, Freddie","Keighley, M","18","16","11","2m7.5f ","4yo+","10157","3",,
"2026-02-14","4.10.","Ascot","13th","Yellow Star (FR)","0.0000","0.0000","0.0000","0.0000","0.0000","0.0000","0.0000","0.0000","0.0000","0.0000","0.0000","75.0600","0.0000","0.0000","0.0000","0.0000","75.0600","12.00","Handicap Hurdle","Quinn, Caoilin","Moore, Gary and Josh","18","13","6","2m7.5f ","4yo+","10157","3",,
"2026-02-14","4.10.","Ascot","15th","Solar System (FR)","0.0000","0.0000","0.0000","0.0000","0.0000","0.0000","0.0000","0.0000","0.0000","0.0000","0.0000","70.2800","0.0000","0.0000","0.0000","0.0000","70.2800","5.50","Handicap Hurdle","Cobden, Harry","Hobbs, P J / White, J","18","15","7","2m7.5f ","4yo+","10157","3",,
"2026-02-14","4.10.","Ascot","10th","Top Guy (IRE)","0.0000","0.0000","0.0000","0.0000","0.0000","0.0000","0.0000","0.0000","0.0000","0.0000","0.0000","69.1200","0.0000","0.0000","0.0000","0.0000","69.1200","6.00","Handicap Hurdle","Durrell, Tristan","Skelton, Daniel","18","10","6","2m7.5f ","4yo+","10157","3",,
"2026-02-14","4.10.","Ascot","18th","Heart Over Head (IRE)","0.0000","0.0000","0.0000","0.0000","0.0000","0.0000","0.0000","0.0000","0.0000","0.0000","0.0000","68.6800","0.0000","0.0000","0.0000","0.0000","68.6800","6.00","Handicap Hurdle","Burke, Jonathan","OBrien, Fergal","18","18","7","2m7.5f ","4yo+","10157","3",,
"2026-02-14","4.10.","Ascot","14th","Crazierthandaisy","0.0000","0.0000","0.0000","0.0000","0.0000","0.0000","0.0000","0.0000","0.0000","0.0000","0.0000","68.4700","0.0000","0.0000","0.0000","0.0000","68.4700","6.00","Handicap Hurdle","Boinville, Nico","Henderson, N J","18","14","7","2m7.5f ","4yo+","10157","3",,
"2026-02-14","4.10.","Ascot","9th","High Treason","0.0000","0.0000","0.0000","0.0000","0.0000","0.0000","0.0000","0.0000","0.0000","0.0000","0.0000","68.4500","0.0000","0.0000","0.0000","0.0000","68.4500","18.00","Handicap Hurdle","Bellamy, Tom","Twiston-Davies, N A","18","9","7","2m7.5f ","4yo+","10157","3",,
"2026-02-14","4.10.","Ascot","17th","Operation Manna","0.0000","0.0000","0.0000","0.0000","0.0000","0.0000","0.0000","0.0000","0.0000","0.0000","0.0000","66.9700","0.0000","0.0000","0.0000","0.0000","66.9700","33.00","Handicap Hurdle","Iles, Cameron","Lacey, T","18","17","10","2m7.5f ","4yo+","10157","3",,
"2026-02-14","4.10.","Ascot","2nd","Diamatiste (IRE)","0.0000","0.0000","0.0000","0.0000","0.0000","0.0000","0.0000","0.0000","0.0000","0.0000","0.0000","65.4100","0.0000","0.0000","0.0000","0.0000","65.4100","11.00","Handicap Hurdle","Newman, Mr Joshua","Woollacott, Mrs Kayley","18","2","7","2m7.5f ","4yo+","10157","3",,
"2026-02-14","4.10.","Ascot","11th","Stratton Oakmont (IRE)","0.0000","0.0000","0.0000","0.0000","0.0000","0.0000","0.0000","0.0000","0.0000","0.0000","0.0000","61.9000","0.0000","0.0000","0.0000","0.0000","61.9000","14.00","Handicap Hurdle","Jones, Ben R","Woollacott, Mrs Kayley","18","11","10","2m7.5f ","4yo+","10157","3",,
"2026-02-14","4.10.","Ascot","1st","Walden (FR)","0.0000","0.0000","0.0000","0.0000","0.0000","0.0000","0.0000","0.0000","0.0000","0.0000","0.0000","58.8500","0.0000","0.0000","0.0000","0.0000","58.8500","14.00","Handicap Hurdle","Sheppard, Stan","Lacey, T","18","1","6","2m7.5f ","4yo+","10157","3",,
"2026-02-14","4.10.","Ascot","6th","Striking A Pose (IRE)","0.0000","0.0000","0.0000","0.0000","0.0000","0.0000","0.0000","0.0000","0.0000","0.0000","0.0000","0.0000","0.0000","0.0000","0.0000","0.0000","0.0000","50.00","Handicap Hurdle","Tudor, Jack","Tizzard, Joe","18","6","10","2m7.5f ","4yo+","10157","3",,
"2026-02-14","4.10.","Ascot","5th","Confinentic (FR)","0.0000","0.0000","0.0000","0.0000","0.0000","0.0000","0.0000","0.0000","0.0000","0.0000","0.0000","0.0000","0.0000","0.0000","0.0000","0.0000","0.0000","16.00","Handicap Hurdle","Gordon, Fred","Gordon, C","18","5","6","2m7.5f ","4yo+","10157","3",,
"2026-02-14","4.10.","Ascot","3rd","Oh My Johnny (IRE)","0.0000","0.0000","0.0000","0.0000","0.0000","0.0000","0.0000","0.0000","0.0000","0.0000","0.0000","0.0000","0.0000","0.0000","0.0000","0.0000","0.0000","22.00","Handicap Hurdle","Houlihan, Sean M","Hobbs, P J / White, J","18","3","6","2m7.5f ","4yo+","10157","3",,
"2026-02-14","4.10.","Ascot","12th","Il Va De Soi (FR)","0.0000","0.0000","0.0000","0.0000","0.0000","0.0000","0.0000","0.0000","0.0000","0.0000","0.0000","0.0000","0.0000","0.0000","0.0000","0.0000","0.0000","50.00","Handicap Hurdle","Fox, Megan","Derham, Harry","18","12","8","2m7.5f ","4yo+","10157","3",,
"2026-02-14","4.10.","Ascot","4th","Kalium (FR)","0.0000","0.0000","0.0000","0.0000","0.0000","0.0000","0.0000","0.0000","0.0000","0.0000","0.0000","0.0000","0.0000","0.0000","0.0000","0.0000","0.0000","5.00","Handicap Hurdle","Vaughan, Mr Edward","Vaughan, Tim","18","4","6","2m7.5f ","4yo+","10157","3",,
"2026-02-14","4.15.","Gowran Park","3rd","Da Capo Glory (IRE)","0.0000","0.0000","0.0000","0.0000","0.0000","0.0000","0.0000","0.0000","0.0000","0.0000","0.0000","78.7100","0.0000","0.0000","0.0000","0.0000","78.7100","6.50","Beginners Chase","Allen, Mr D","Butler, Padraig","8","3","9","2m3.5f ","5yo+","6637","0",,
"2026-02-14","4.15.","Gowran Park","5th","Champagne Jury (IRE)","0.0000","0.0000","0.0000","0.0000","0.0000","0.0000","0.0000","0.0000","0.0000","0.0000","0.0000","69.5300","0.0000","0.0000","0.0000","0.0000","69.5300","4.00","Beginners Chase","Donoghue, K M","Cromwell, Gavin Patrick","8","5","7","2m3.5f ","5yo+","6637","0",,
"2026-02-14","4.15.","Gowran Park","1st","King Alexander (IRE)","0.0000","0.0000","0.0000","0.0000","0.0000","0.0000","0.0000","0.0000","0.0000","0.0000","0.0000","52.2500","0.0000","0.0000","0.0000","0.0000","52.2500","0.44","Beginners Chase","Townend, P","Mullins, W P","8","1","8","2m3.5f ","5yo+","6637","0",,
"2026-02-14","4.15.","Gowran Park","6th","Lamiral Fromentin (FR)","0.0000","0.0000","0.0000","0.0000","0.0000","0.0000","0.0000","0.0000","0.0000","0.0000","0.0000","22.2600","0.0000","0.0000","0.0000","0.0000","22.2600","250.00","Beginners Chase","Robinson, D","Rothwell, P J","8","6","5","2m3.5f ","5yo+","6637","0",,
"2026-02-14","4.15.","Gowran Park","2nd","Yoradreamer","0.0000","0.0000","0.0000","0.0000","0.0000","0.0000","0.0000","0.0000","0.0000","0.0000","0.0000","20.0000","0.0000","0.0000","0.0000","0.0000","20.0000","40.00","Beginners Chase","OKeeffe, Sean F","Mullins, W P","8","2","7","2m3.5f ","5yo+","6637","0",,
"2026-02-14","4.15.","Gowran Park","PU","Mr Escobar (IRE)","0.0000","0.0000","0.0000","0.0000","0.0000","0.0000","0.0000","0.0000","0.0000","0.0000","0.0000","20.0000","0.0000","0.0000","0.0000","0.0000","20.0000","14.00","Beginners Chase","Mullins, D E","Mullins, W P","8","0","8","2m3.5f ","5yo+","6637","0",,
"2026-02-14","4.15.","Gowran Park","4th","Ballybow (IRE)","0.0000","0.0000","0.0000","0.0000","0.0000","0.0000","0.0000","0.0000","0.0000","0.0000","0.0000","20.0000","0.0000","0.0000","0.0000","0.0000","20.0000","8.50","Beginners Chase","Gilligan, D J","Elliott, Gordon","8","4","7","2m3.5f ","5yo+","6637","0",,
"2026-02-14","4.15.","Gowran Park","7th","Mistyburn (IRE)","0.0000","0.0000","0.0000","0.0000","0.0000","0.0000","0.0000","0.0000","0.0000","0.0000","0.0000","0.0000","0.0000","0.0000","0.0000","0.0000","0.0000","250.00","Beginners Chase","Roche, T P","Rothwell, P J","8","7","6","2m3.5f ","5yo+","6637","0",,
"2026-02-14","4.20.","Lingfield","4th","Mart","0.0000","0.0000","0.0000","0.0000","0.0000","0.0000","0.0000","0.0000","0.0000","0.0000","0.0000","64.6800","0.0000","0.0000","0.0000","0.0000","64.6800","3.00","Handicap","Levey, S M","Cunha, Dylan","7","4","5","6f ","4yo+","4397","5",,
"2026-02-14","4.20.","Lingfield","1st","Combustion","0.0000","0.0000","0.0000","0.0000","0.0000","0.0000","0.0000","0.0000","0.0000","0.0000","0.0000","61.4000","0.0000","0.0000","0.0000","0.0000","61.4000","0.73","Handicap","Haynes, Joey","Banham, Chelsea","7","1","5","6f ","4yo+","4397","5",,
"2026-02-14","4.20.","Lingfield","5th","Ottawa","0.0000","0.0000","0.0000","0.0000","0.0000","0.0000","0.0000","0.0000","0.0000","0.0000","0.0000","59.0900","0.0000","0.0000","0.0000","0.0000","59.0900","12.00","Handicap","Fallon, Cieren","Parr, Joseph","7","5","4","6f ","4yo+","4397","5",,
"2026-02-14","4.20.","Lingfield","6th","Stapleford Park","0.0000","0.0000","0.0000","0.0000","0.0000","0.0000","0.0000","0.0000","0.0000","0.0000","0.0000","58.0100","0.0000","0.0000","0.0000","0.0000","58.0100","50.00","Handicap","Leavy, Joe","Attwater, M J","7","6","4","6f ","4yo+","4397","5",,
"2026-02-14","4.20.","Lingfield","3rd","Diamond Dreamer","0.0000","0.0000","0.0000","0.0000","0.0000","0.0000","0.0000","0.0000","0.0000","0.0000","0.0000","55.8400","0.0000","0.0000","0.0000","0.0000","55.8400","11.00","Handicap","Muscutt, D","Chamings, P R","7","3","6","6f ","4yo+","4397","5",,
"2026-02-14","4.20.","Lingfield","7th","Due Date","0.0000","0.0000","0.0000","0.0000","0.0000","0.0000","0.0000","0.0000","0.0000","0.0000","0.0000","54.5900","0.0000","0.0000","0.0000","0.0000","54.5900","40.00","Handicap","Hornby, Rob","Wallis, Charlie","7","7","6","6f ","4yo+","4397","5",,
"2026-02-14","4.20.","Lingfield","2nd","All Too Beautiful","0.0000","0.0000","0.0000","0.0000","0.0000","0.0000","0.0000","0.0000","0.0000","0.0000","0.0000","52.6800","0.0000","0.0000","0.0000","0.0000","52.6800","7.00","Handicap","Mitchell, Jack","Teal, R A","7","2","4","6f ","4yo+","4397","5",,
"2026-02-14","4.25.","Newcastle","2nd","Forest Caper","0.0000","0.0000","0.0000","0.0000","0.0000","0.0000","0.0000","0.0000","0.0000","0.0000","0.0000","72.6400","0.0000","0.0000","0.0000","0.0000","72.6400","3.00","Handicap","Hart, Jason","OMeara, D","9","2","5","1m2f ","4yo+","4397","5",,
"2026-02-14","4.25.","Newcastle","6th","Golspie (IRE)","0.0000","0.0000","0.0000","0.0000","0.0000","0.0000","0.0000","0.0000","0.0000","0.0000","0.0000","71.8000","0.0000","0.0000","0.0000","0.0000","71.8000","5.50","Handicap","Nolan, D","Morris, Patrick","9","6","6","1m2f ","4yo+","4397","5",,
"2026-02-14","4.25.","Newcastle","4th","Mao Shang Wong (IRE)","0.0000","0.0000","0.0000","0.0000","0.0000","0.0000","0.0000","0.0000","0.0000","0.0000","0.0000","68.0500","0.0000","0.0000","0.0000","0.0000","68.0500","5.00","Handicap","Winn, Mark","OMeara, D","9","4","4","1m2f ","4yo+","4397","5",,
"2026-02-14","4.25.","Newcastle","3rd","Jack Sparowe (IRE)","0.0000","0.0000","0.0000","0.0000","0.0000","0.0000","0.0000","0.0000","0.0000","0.0000","0.0000","60.1900","0.0000","0.0000","0.0000","0.0000","60.1900","9.00","Handicap","Morris, Luke","Butler, John","9","3","7","1m2f ","4yo+","4397","5",,
"2026-02-14","4.25.","Newcastle","1st","Bearwith","0.0000","0.0000","0.0000","0.0000","0.0000","0.0000","0.0000","0.0000","0.0000","0.0000","0.0000","59.2100","0.0000","0.0000","0.0000","0.0000","59.2100","7.00","Handicap","Brookes, Aiden","Bethell, Harriet","9","1","8","1m2f ","4yo+","4397","5",,
"2026-02-14","4.25.","Newcastle","5th","Prince Achille","0.0000","0.0000","0.0000","0.0000","0.0000","0.0000","0.0000","0.0000","0.0000","0.0000","0.0000","58.0800","0.0000","0.0000","0.0000","0.0000","58.0800","5.50","Handicap","Garritty, Jack","OKeeffe, Jedd","9","5","7","1m2f ","4yo+","4397","5",,
"2026-02-14","4.25.","Newcastle","7th","Star Cast","0.0000","0.0000","0.0000","0.0000","0.0000","0.0000","0.0000","0.0000","0.0000","0.0000","0.0000","53.8400","0.0000","0.0000","0.0000","0.0000","53.8400","12.00","Handicap","Fraser, Kaiya","Tutty, Gemma","9","7","4","1m2f ","4yo+","4397","5",,
"2026-02-14","4.25.","Newcastle","8th","Up The Jazz (IRE)","0.0000","0.0000","0.0000","0.0000","0.0000","0.0000","0.0000","0.0000","0.0000","0.0000","0.0000","51.6400","0.0000","0.0000","0.0000","0.0000","51.6400","10.00","Handicap","Tindall, Ethan","Fahey, R A","9","8","5","1m2f ","4yo+","4397","5",,
"2026-02-14","4.25.","Newcastle","9th","Lieutenant Lily","0.0000","0.0000","0.0000","0.0000","0.0000","0.0000","0.0000","0.0000","0.0000","0.0000","0.0000","49.4300","0.0000","0.0000","0.0000","0.0000","49.4300","28.00","Handicap","Mullen, Andrew","Haslam, B M R","9","9","4","1m2f ","4yo+","4397","5",,
"2026-02-14","4.30.","Haydock","4th","Good Boy Bobby (IRE)","0.0000","0.0000","0.0000","0.0000","0.0000","0.0000","0.0000","0.0000","0.0000","0.0000","0.0000","75.6100","0.0000","0.0000","0.0000","0.0000","75.6100","8.00","Hunters Chase","Jackson-Fennell, Miss A","Twiston-Davies, N A","6","4","13","2m6.5f ","5yo+","7700","3",,
"2026-02-14","4.30.","Haydock","3rd","Shearer (IRE)","0.0000","0.0000","0.0000","0.0000","0.0000","0.0000","0.0000","0.0000","0.0000","0.0000","0.0000","64.4800","0.0000","0.0000","0.0000","0.0000","64.4800","0.80","Hunters Chase","Andrews, Gina","Nicholls, P F","6","3","10","2m6.5f ","5yo+","7700","3",,
"2026-02-14","4.30.","Haydock","1st","Unexpected Party (FR)","0.0000","0.0000","0.0000","0.0000","0.0000","0.0000","0.0000","0.0000","0.0000","0.0000","0.0000","63.6000","0.0000","0.0000","0.0000","0.0000","63.6000","3.00","Hunters Chase","Palin, Miss H","Skelton, Daniel","6","1","11","2m6.5f ","5yo+","7700","3",,
"2026-02-14","4.30.","Haydock","2nd","Take All (IRE)","0.0000","0.0000","0.0000","0.0000","0.0000","0.0000","0.0000","0.0000","0.0000","0.0000","0.0000","60.6100","0.0000","0.0000","0.0000","0.0000","60.6100","5.50","Hunters Chase","Scott, Mr Samuel","Osborne, M","6","2","11","2m6.5f ","5yo+","7700","3",,
"2026-02-14","4.30.","Haydock","PU","Lift Me Up (IRE)","0.0000","0.0000","0.0000","0.0000","0.0000","0.0000","0.0000","0.0000","0.0000","0.0000","0.0000","60.6000","0.0000","0.0000","0.0000","0.0000","60.6000","20.00","Hunters Chase","McIntyre, Mr M J","Filby, Miss M","6","0","10","2m6.5f ","5yo+","7700","3",,
"2026-02-14","4.30.","Haydock","5th","Settle Down Jill (IRE)","0.0000","0.0000","0.0000","0.0000","0.0000","0.0000","0.0000","0.0000","0.0000","0.0000","0.0000","0.0000","0.0000","0.0000","0.0000","0.0000","0.0000","66.00","Hunters Chase","Barlow, Patrick","Sanderson, Norman","6","5","6","2m6.5f ","5yo+","7700","3",,
"2026-02-14","4.37.","Wincanton","3rd","Seatoit (IRE)","0.0000","0.0000","0.0000","0.0000","0.0000","0.0000","0.0000","0.0000","0.0000","0.0000","0.0000","75.0400","0.0000","0.0000","0.0000","0.0000","75.0400","2.25","Handicap Novices Hurdle","Aswat, Aamilah","Bailey, K C","6","3","7","3m1.5f ","4yo+","4489","4",,
"2026-02-14","4.37.","Wincanton","PU","Annie Express (IRE)","0.0000","0.0000","0.0000","0.0000","0.0000","0.0000","0.0000","0.0000","0.0000","0.0000","0.0000","52.5400","0.0000","0.0000","0.0000","0.0000","52.5400","16.00","Handicap Novices Hurdle","Harrison, Liam","Llewellyn, Robert","6","0","8","3m1.5f ","4yo+","4489","4",,
"2026-02-14","4.37.","Wincanton","4th","Bredon Hill Dart","0.0000","0.0000","0.0000","0.0000","0.0000","0.0000","0.0000","0.0000","0.0000","0.0000","0.0000","51.9100","0.0000","0.0000","0.0000","0.0000","51.9100","7.00","Handicap Novices Hurdle","Worsley, Tabitha","Gardner, Mrs S","6","4","7","3m1.5f ","4yo+","4489","4",,
"2026-02-14","4.37.","Wincanton","1st","Call Me Legend (IRE)","0.0000","0.0000","0.0000","0.0000","0.0000","0.0000","0.0000","0.0000","0.0000","0.0000","0.0000","0.0000","0.0000","0.0000","0.0000","0.0000","0.0000","1.50","Handicap Novices Hurdle","Stenhouse, Jack","Hobbs, P J / White, J","6","1","6","3m1.5f ","4yo+","4489","4",,
"2026-02-14","4.37.","Wincanton","2nd","Crossgales King (IRE)","0.0000","0.0000","0.0000","0.0000","0.0000","0.0000","0.0000","0.0000","0.0000","0.0000","0.0000","0.0000","0.0000","0.0000","0.0000","0.0000","0.0000","6.00","Handicap Novices Hurdle","Hanlon, Paddy","Hosie, Syd","6","2","6","3m1.5f ","4yo+","4489","4",,
"2026-02-14","4.37.","Wincanton","PU","Badentaggart (IRE)","0.0000","0.0000","0.0000","0.0000","0.0000","0.0000","0.0000","0.0000","0.0000","0.0000","0.0000","0.0000","0.0000","0.0000","0.0000","0.0000","0.0000","9.00","Handicap Novices Hurdle","OBrien, P V","Scott, J","6","0","7","3m1.5f ","4yo+","4489","4",,
"2026-02-14","4.45.","Ascot","2nd","One Dimensional","0.0000","0.0000","0.0000","0.0000","0.0000","0.0000","0.0000","0.0000","0.0000","0.0000","0.0000","86.5200","0.0000","0.0000","0.0000","0.0000","86.5200","5.00","NH Flat","Bass, David","Comley, Max","9","2","6","1m7.5f ","4-6yo","8986","2",,
"2026-02-14","4.45.","Ascot","9th","Grizzled Squirrel","0.0000","0.0000","0.0000","0.0000","0.0000","0.0000","0.0000","0.0000","0.0000","0.0000","0.0000","79.3100","0.0000","0.0000","0.0000","0.0000","79.3100","6.00","NH Flat","Quinn, Caoilin","Moore, Gary and Josh","9","9","5","1m7.5f ","4-6yo","8986","2",,
"2026-02-14","4.45.","Ascot","4th","Queen Marcia","0.0000","0.0000","0.0000","0.0000","0.0000","0.0000","0.0000","0.0000","0.0000","0.0000","0.0000","63.1400","0.0000","0.0000","0.0000","0.0000","63.1400","50.00","NH Flat","Burke, Jonathan","Jeffreys, D J","9","4","5","1m7.5f ","4-6yo","8986","2",,
"2026-02-14","4.45.","Ascot","5th","Ms Des Fois (IRE)","0.0000","0.0000","0.0000","0.0000","0.0000","0.0000","0.0000","0.0000","0.0000","0.0000","0.0000","0.0000","0.0000","0.0000","0.0000","0.0000","0.0000","2.50","NH Flat","Dingle, Rex","Honeyball, A J","9","5","4","1m7.5f ","4-6yo","8986","2",,
"2026-02-14","4.45.","Ascot","8th","Miss Roc On Sal (IRE)","0.0000","0.0000","0.0000","0.0000","0.0000","0.0000","0.0000","0.0000","0.0000","0.0000","0.0000","0.0000","0.0000","0.0000","0.0000","0.0000","0.0000","16.00","NH Flat","Poste, Ben J","Symonds, Tom","9","8","4","1m7.5f ","4-6yo","8986","2",,
"2026-02-14","4.45.","Ascot","1st","Martini Majesty","0.0000","0.0000","0.0000","0.0000","0.0000","0.0000","0.0000","0.0000","0.0000","0.0000","0.0000","0.0000","0.0000","0.0000","0.0000","0.0000","0.0000","8.50","NH Flat","Bellamy, Tom","King, A","9","1","4","1m7.5f ","4-6yo","8986","2",,
"2026-02-14","4.45.","Ascot","3rd","Galante De Vassy (FR)","0.0000","0.0000","0.0000","0.0000","0.0000","0.0000","0.0000","0.0000","0.0000","0.0000","0.0000","0.0000","0.0000","0.0000","0.0000","0.0000","0.0000","12.00","NH Flat","Fox, Ned","Symonds, Tom","9","3","4","1m7.5f ","4-6yo","8986","2",,
"2026-02-14","4.45.","Ascot","7th","Harzandacassandra","0.0000","0.0000","0.0000","0.0000","0.0000","0.0000","0.0000","0.0000","0.0000","0.0000","0.0000","0.0000","0.0000","0.0000","0.0000","0.0000","0.0000","6.00","NH Flat","Woods, K K","Killahena, David / Mcpherson, Graeme","9","7","5","1m7.5f ","4-6yo","8986","2",,
"2026-02-14","4.45.","Ascot","6th","Burning Embers (IRE)","0.0000","0.0000","0.0000","0.0000","0.0000","0.0000","0.0000","0.0000","0.0000","0.0000","0.0000","0.0000","0.0000","0.0000","0.0000","0.0000","0.0000","4.50","NH Flat","Durrell, Tristan","Skelton, Daniel","9","6","5","1m7.5f ","4-6yo","8986","2",,
"2026-02-14","4.50.","Gowran Park","4th","Klass Langy (FR)","0.0000","0.0000","0.0000","0.0000","0.0000","0.0000","0.0000","0.0000","0.0000","0.0000","0.0000","67.3500","0.0000","0.0000","0.0000","0.0000","67.3500","4.00","Handicap Chase","Slevin, J J","OBrien, Joseph Patrick","9","4","6","2m3.5f ","5yo+","8496","0",,
"2026-02-14","4.50.","Gowran Park","6th","Happy Dreams (FR)","0.0000","0.0000","0.0000","0.0000","0.0000","0.0000","0.0000","0.0000","0.0000","0.0000","0.0000","59.5500","0.0000","0.0000","0.0000","0.0000","59.5500","7.50","Handicap Chase","OKeeffe, Sean F","McDonagh, Michael J","9","6","9","2m3.5f ","5yo+","8496","0",,
"2026-02-14","4.50.","Gowran Park","PU","Casey West (IRE)","0.0000","0.0000","0.0000","0.0000","0.0000","0.0000","0.0000","0.0000","0.0000","0.0000","0.0000","59.3200","0.0000","0.0000","0.0000","0.0000","59.3200","6.00","Handicap Chase","Roche, T P","Rothwell, P J","9","0","10","2m3.5f ","5yo+","8496","0",,
"2026-02-14","4.50.","Gowran Park","5th","Mighty Jeremy (IRE)","0.0000","0.0000","0.0000","0.0000","0.0000","0.0000","0.0000","0.0000","0.0000","0.0000","0.0000","52.9400","0.0000","0.0000","0.0000","0.0000","52.9400","8.50","Handicap Chase","Torrens, Simon","Foley, Patrick T","9","5","12","2m3.5f ","5yo+","8496","0",,
"2026-02-14","4.50.","Gowran Park","1st","Mount Frisco (IRE)","0.0000","0.0000","0.0000","0.0000","0.0000","0.0000","0.0000","0.0000","0.0000","0.0000","0.0000","52.3500","0.0000","0.0000","0.0000","0.0000","52.3500","8.00","Handicap Chase","King, D","Ryan, John Patrick","9","1","7","2m3.5f ","5yo+","8496","0",,
"2026-02-14","4.50.","Gowran Park","2nd","Beckett Rock (IRE)","0.0000","0.0000","0.0000","0.0000","0.0000","0.0000","0.0000","0.0000","0.0000","0.0000","0.0000","51.7000","0.0000","0.0000","0.0000","0.0000","51.7000","3.00","Handicap Chase","OKeeffe, Darragh","Bromhead, Henry De","9","2","7","2m3.5f ","5yo+","8496","0",,
"2026-02-14","4.50.","Gowran Park","7th","Dont Go Yet (IRE)","0.0000","0.0000","0.0000","0.0000","0.0000","0.0000","0.0000","0.0000","0.0000","0.0000","0.0000","30.0000","0.0000","0.0000","0.0000","0.0000","30.0000","33.00","Handicap Chase","Walsh, E","Cawley, Edward","9","7","12","2m3.5f ","5yo+","8496","0",,
"2026-02-14","4.50.","Gowran Park","PU","Petit King (FR)","0.0000","0.0000","0.0000","0.0000","0.0000","0.0000","0.0000","0.0000","0.0000","0.0000","0.0000","25.0000","0.0000","0.0000","0.0000","0.0000","25.0000","12.00","Handicap Chase","Enright, P T","Cawley, Edward","9","0","10","2m3.5f ","5yo+","8496","0",,
"2026-02-14","4.50.","Gowran Park","3rd","Slanagaibhgoleir (IRE)","0.0000","0.0000","0.0000","0.0000","0.0000","0.0000","0.0000","0.0000","0.0000","0.0000","0.0000","0.0000","0.0000","0.0000","0.0000","0.0000","0.0000","5.50","Handicap Chase","Millar, Carl","Elliott, Gordon","9","3","8","2m3.5f ","5yo+","8496","0",,
"2026-02-14","4.55.","Newcastle","9th","Spartan Fighter","0.0000","0.0000","0.0000","0.0000","0.0000","0.0000","0.0000","0.0000","0.0000","0.0000","0.0000","73.2400","0.0000","0.0000","0.0000","0.0000","73.2400","6.00","Handicap","Hardie, Cameron","Brittain, Antony","10","9","9","6f ","4yo+","4711","6",,
"2026-02-14","4.55.","Newcastle","2nd","Pit Boss","0.0000","0.0000","0.0000","0.0000","0.0000","0.0000","0.0000","0.0000","0.0000","0.0000","0.0000","65.9600","0.0000","0.0000","0.0000","0.0000","65.9600","3.33","Handicap","Garritty, Billy","Bailey, Liam","10","2","4","6f ","4yo+","4711","6",,
"2026-02-14","4.55.","Newcastle","4th","Andalprofit (IRE)","0.0000","0.0000","0.0000","0.0000","0.0000","0.0000","0.0000","0.0000","0.0000","0.0000","0.0000","65.1300","0.0000","0.0000","0.0000","0.0000","65.1300","22.00","Handicap","Jary, Alex","Tinkler, N","10","4","4","6f ","4yo+","4711","6",,
"2026-02-14","4.55.","Newcastle","1st","Yorkshire Glory (IRE)","0.0000","0.0000","0.0000","0.0000","0.0000","0.0000","0.0000","0.0000","0.0000","0.0000","0.0000","64.4300","0.0000","0.0000","0.0000","0.0000","64.4300","5.00","Handicap","Mullen, Andrew","Haslam, B M R","10","1","5","6f ","4yo+","4711","6",,
"2026-02-14","4.55.","Newcastle","7th","Pickersgill (IRE)","0.0000","0.0000","0.0000","0.0000","0.0000","0.0000","0.0000","0.0000","0.0000","0.0000","0.0000","63.0900","0.0000","0.0000","0.0000","0.0000","63.0900","9.00","Handicap","Nolan, D","Jardine, I","10","7","4","6f ","4yo+","4711","6",,
"2026-02-14","4.55.","Newcastle","5th","Mayo County","0.0000","0.0000","0.0000","0.0000","0.0000","0.0000","0.0000","0.0000","0.0000","0.0000","0.0000","61.0000","0.0000","0.0000","0.0000","0.0000","61.0000","7.00","Handicap","Marshall, Tom Kiely","Camacho, Miss J A","10","5","5","6f ","4yo+","4711","6",,
"2026-02-14","4.55.","Newcastle","8th","Rajstar (IRE)","0.0000","0.0000","0.0000","0.0000","0.0000","0.0000","0.0000","0.0000","0.0000","0.0000","0.0000","60.7600","0.0000","0.0000","0.0000","0.0000","60.7600","7.00","Handicap","Hart, Jason","Haslam, B M R","10","8","4","6f ","4yo+","4711","6",,
"2026-02-14","4.55.","Newcastle","3rd","Raft Up (IRE)","0.0000","0.0000","0.0000","0.0000","0.0000","0.0000","0.0000","0.0000","0.0000","0.0000","0.0000","60.0800","0.0000","0.0000","0.0000","0.0000","60.0800","6.50","Handicap","Scott, Rowan","Bethell, Harriet","10","3","5","6f ","4yo+","4711","6",,
"2026-02-14","4.55.","Newcastle","10th","Teardrops","0.0000","0.0000","0.0000","0.0000","0.0000","0.0000","0.0000","0.0000","0.0000","0.0000","0.0000","59.5900","0.0000","0.0000","0.0000","0.0000","59.5900","10.00","Handicap","Wood, George","Spencer, Richard","10","10","4","6f ","4yo+","4711","6",,
"2026-02-14","4.55.","Newcastle","6th","Mersea (FR)","0.0000","0.0000","0.0000","0.0000","0.0000","0.0000","0.0000","0.0000","0.0000","0.0000","0.0000","56.3900","0.0000","0.0000","0.0000","0.0000","56.3900","40.00","Handicap","Stammers, Oliver","Tuer, Grant","10","6","6","6f ","4yo+","4711","6",,
"2026-02-14","5.25.","Newcastle","3rd","Peregrine Falcon (IRE)","0.0000","0.0000","0.0000","0.0000","0.0000","0.0000","0.0000","0.0000","0.0000","0.0000","0.0000","73.3600","0.0000","0.0000","0.0000","0.0000","73.3600","2.50","Maiden","Kavanagh, Ryan","Morris, Patrick","4","3","4","5f ","3-5yo","4320","5",,
"2026-02-14","5.25.","Newcastle","4th","Ruby Red Gove","0.0000","0.0000","0.0000","0.0000","0.0000","0.0000","0.0000","0.0000","0.0000","0.0000","0.0000","71.4400","0.0000","0.0000","0.0000","0.0000","71.4400","3.50","Maiden","Nolan, D","Furtado, Ivan","4","4","4","5f ","3-5yo","4320","5",,
"2026-02-14","5.25.","Newcastle","1st","Polka","0.0000","0.0000","0.0000","0.0000","0.0000","0.0000","0.0000","0.0000","0.0000","0.0000","0.0000","45.9200","0.0000","0.0000","0.0000","0.0000","45.9200","12.00","Maiden","Scott, Rowan","Camacho, Miss J A","4","1","4","5f ","3-5yo","4320","5",,
"2026-02-14","5.25.","Newcastle","2nd","Merlier (IRE)","0.0000","0.0000","0.0000","0.0000","0.0000","0.0000","0.0000","0.0000","0.0000","0.0000","0.0000","0.0000","0.0000","0.0000","0.0000","0.0000","0.0000","1.00","Maiden","Morris, Luke","Watson, Archie","4","2","3","5f ","3-5yo","4320","5",,
"2026-02-14","5.55.","Newcastle","5th","Rajapour (IRE)","0.0000","0.0000","0.0000","0.0000","0.0000","0.0000","0.0000","0.0000","0.0000","0.0000","0.0000","80.5600","0.0000","0.0000","0.0000","0.0000","80.5600","11.00","Handicap","Garritty, Billy","OMeara, D","8","5","6","1m ","4yo+","5653","4",,
"2026-02-14","5.55.","Newcastle","3rd","Inspired (IRE)","0.0000","0.0000","0.0000","0.0000","0.0000","0.0000","0.0000","0.0000","0.0000","0.0000","0.0000","76.1700","0.0000","0.0000","0.0000","0.0000","76.1700","2.00","Handicap","Nicholls, Jack","Burke, K R","8","3","4","1m ","4yo+","5653","4",,
"2026-02-14","5.55.","Newcastle","1st","Francesi (IRE)","0.0000","0.0000","0.0000","0.0000","0.0000","0.0000","0.0000","0.0000","0.0000","0.0000","0.0000","75.5700","0.0000","0.0000","0.0000","0.0000","75.5700","3.50","Handicap","Coppins, Myla","Carroll, A W","8","1","7","1m ","4yo+","5653","4",,
"2026-02-14","5.55.","Newcastle","2nd","Aisling Oscar (IRE)","0.0000","0.0000","0.0000","0.0000","0.0000","0.0000","0.0000","0.0000","0.0000","0.0000","0.0000","74.2400","0.0000","0.0000","0.0000","0.0000","74.2400","2.50","Handicap","McSweeney, O","Keatley, Adrian Paul","8","2","5","1m ","4yo+","5653","4",,
"2026-02-14","5.55.","Newcastle","8th","Qazaq (FR)","0.0000","0.0000","0.0000","0.0000","0.0000","0.0000","0.0000","0.0000","0.0000","0.0000","0.0000","71.8100","0.0000","0.0000","0.0000","0.0000","71.8100","28.00","Handicap","Winn, Mark","Jardine, I","8","8","5","1m ","4yo+","5653","4",,
"2026-02-14","5.55.","Newcastle","6th","Helmsley (IRE)","0.0000","0.0000","0.0000","0.0000","0.0000","0.0000","0.0000","0.0000","0.0000","0.0000","0.0000","71.1000","0.0000","0.0000","0.0000","0.0000","71.1000","50.00","Handicap","Hart, Jason","Furtado, Ivan","8","6","4","1m ","4yo+","5653","4",,
"2026-02-14","5.55.","Newcastle","4th","Bajan Bandit","0.0000","0.0000","0.0000","0.0000","0.0000","0.0000","0.0000","0.0000","0.0000","0.0000","0.0000","62.8900","0.0000","0.0000","0.0000","0.0000","62.8900","20.00","Handicap","Morris, Luke","Morris, Patrick","8","4","6","1m ","4yo+","5653","4",,
"2026-02-14","5.55.","Newcastle","7th","Flying Fletcher","0.0000","0.0000","0.0000","0.0000","0.0000","0.0000","0.0000","0.0000","0.0000","0.0000","0.0000","42.0400","0.0000","0.0000","0.0000","0.0000","42.0400","5.50","Handicap","Gray, S A","Fahey, R A","8","7","5","1m ","4yo+","5653","4",,
"2026-02-14","6.25.","Newcastle","5th","Mystical Land (IRE)","0.0000","0.0000","0.0000","0.0000","0.0000","0.0000","0.0000","0.0000","0.0000","0.0000","0.0000","62.9600","0.0000","0.0000","0.0000","0.0000","62.9600","2.50","Handicap","Kirrane, Sean","Dods, M","6","5","3","5f ","3yo","3768","6",,
"2026-02-14","6.25.","Newcastle","2nd","Rogue Rebellion","0.0000","0.0000","0.0000","0.0000","0.0000","0.0000","0.0000","0.0000","0.0000","0.0000","0.0000","58.9600","0.0000","0.0000","0.0000","0.0000","58.9600","2.75","Handicap","Morris, Luke","Owen, J P","6","2","3","5f ","3yo","3768","6",,
"2026-02-14","6.25.","Newcastle","1st","Mademoiselle Belle (IRE)","0.0000","0.0000","0.0000","0.0000","0.0000","0.0000","0.0000","0.0000","0.0000","0.0000","0.0000","56.5200","0.0000","0.0000","0.0000","0.0000","56.5200","3.33","Handicap","Robinson, Ben","Ellison, B","6","1","3","5f ","3yo","3768","6",,
"2026-02-14","6.25.","Newcastle","3rd","Mythical Night (IRE)","0.0000","0.0000","0.0000","0.0000","0.0000","0.0000","0.0000","0.0000","0.0000","0.0000","0.0000","52.2400","0.0000","0.0000","0.0000","0.0000","52.2400","3.50","Handicap","Mason, Joanna","Cunha, Dylan","6","3","3","5f ","3yo","3768","6",,
"2026-02-14","6.25.","Newcastle","4th","Doilookokay","0.0000","0.0000","0.0000","0.0000","0.0000","0.0000","0.0000","0.0000","0.0000","0.0000","0.0000","45.2400","0.0000","0.0000","0.0000","0.0000","45.2400","12.00","Handicap","McManoman, Faye","Tinkler, N","6","4","3","5f ","3yo","3768","6",,
"2026-02-14","6.25.","Newcastle","6th","Calabrian Soldato (IRE)","0.0000","0.0000","0.0000","0.0000","0.0000","0.0000","0.0000","0.0000","0.0000","0.0000","0.0000","39.8400","0.0000","0.0000","0.0000","0.0000","39.8400","25.00","Handicap","Coughlan, Laura","Souza, Lemos","6","6","3","5f ","3yo","3768","6",,
"2026-02-14","6.55.","Newcastle","3rd","Brazilian Rose (IRE)","0.0000","0.0000","0.0000","0.0000","0.0000","0.0000","0.0000","0.0000","0.0000","0.0000","0.0000","75.5200","0.0000","0.0000","0.0000","0.0000","75.5200","1.38","Handicap","Fraser, Kaiya","Menzies, Rebecca","4","3","5","7f ","4yo+","4397","5",,
"2026-02-14","6.55.","Newcastle","1st","Mereside Diva (IRE)","0.0000","0.0000","0.0000","0.0000","0.0000","0.0000","0.0000","0.0000","0.0000","0.0000","0.0000","73.1900","0.0000","0.0000","0.0000","0.0000","73.1900","2.00","Handicap","Pyle, William","Barron, T D","4","1","6","7f ","4yo+","4397","5",,
"2026-02-14","6.55.","Newcastle","4th","Party Bear (IRE)","0.0000","0.0000","0.0000","0.0000","0.0000","0.0000","0.0000","0.0000","0.0000","0.0000","0.0000","70.4400","0.0000","0.0000","0.0000","0.0000","70.4400","3.00","Handicap","Nicholls, Jack","Burke, K R","4","4","4","7f ","4yo+","4397","5",,
"2026-02-14","6.55.","Newcastle","2nd","Penny Mountain (IRE)","0.0000","0.0000","0.0000","0.0000","0.0000","0.0000","0.0000","0.0000","0.0000","0.0000","0.0000","54.3900","0.0000","0.0000","0.0000","0.0000","54.3900","7.50","Handicap","Waugh, Amie","Rutherford, Gary","4","2","5","7f ","4yo+","4397","5",,
"2026-02-14","7.25.","Newcastle","1st","Silver State (IRE)","0.0000","0.0000","0.0000","0.0000","0.0000","0.0000","0.0000","0.0000","0.0000","0.0000","0.0000","63.2800","0.0000","0.0000","0.0000","0.0000","63.2800","1.38","Handicap","Dawes, Rose","Channon, Jack","8","1","3","1m ","3yo","3768","6",,
"2026-02-14","7.25.","Newcastle","5th","Fickle Mcselfish","0.0000","0.0000","0.0000","0.0000","0.0000","0.0000","0.0000","0.0000","0.0000","0.0000","0.0000","57.8900","0.0000","0.0000","0.0000","0.0000","57.8900","28.00","Handicap","Hardie, Cameron","Coyle, Tony","8","5","3","1m ","3yo","3768","6",,
"2026-02-14","7.25.","Newcastle","2nd","Popty Ping","0.0000","0.0000","0.0000","0.0000","0.0000","0.0000","0.0000","0.0000","0.0000","0.0000","0.0000","56.9300","0.0000","0.0000","0.0000","0.0000","56.9300","4.00","Handicap","Winn, Mark","OMeara, D","8","2","3","1m ","3yo","3768","6",,
"2026-02-14","7.25.","Newcastle","3rd","Archangel Josepi (IRE)","0.0000","0.0000","0.0000","0.0000","0.0000","0.0000","0.0000","0.0000","0.0000","0.0000","0.0000","51.9600","0.0000","0.0000","0.0000","0.0000","51.9600","2.25","Handicap","Robinson, Ben","Ellison, B","8","3","3","1m ","3yo","3768","6",,
"2026-02-14","7.25.","Newcastle","6th","The Caddy Master (IRE)","0.0000","0.0000","0.0000","0.0000","0.0000","0.0000","0.0000","0.0000","0.0000","0.0000","0.0000","48.4600","0.0000","0.0000","0.0000","0.0000","48.4600","11.00","Handicap","Gray, S A","Ryan, K A","8","6","3","1m ","3yo","3768","6",,
"2026-02-14","7.25.","Newcastle","8th","Crown Inn To Win (IRE)","0.0000","0.0000","0.0000","0.0000","0.0000","0.0000","0.0000","0.0000","0.0000","0.0000","0.0000","48.1400","0.0000","0.0000","0.0000","0.0000","48.1400","14.00","Handicap","McHugh, B","Furtado, Ivan","8","8","3","1m ","3yo","3768","6",,
"2026-02-14","7.25.","Newcastle","7th","Charcon","0.0000","0.0000","0.0000","0.0000","0.0000","0.0000","0.0000","0.0000","0.0000","0.0000","0.0000","45.2200","0.0000","0.0000","0.0000","0.0000","45.2200","40.00","Handicap","Morris, Luke","Haslam, B M R","8","7","3","1m ","3yo","3768","6",,
"2026-02-14","7.25.","Newcastle","4th","Riddikulus","0.0000","0.0000","0.0000","0.0000","0.0000","0.0000","0.0000","0.0000","0.0000","0.0000","0.0000","41.1200","0.0000","0.0000","0.0000","0.0000","41.1200","33.00","Handicap","Pyle, William","Tuer, Grant","8","4","3","1m ","3yo","3768","6",,

