race_date,time,track,placing,horse_name,last,last2,last3,last4,last5,last6,last7,last8,last9,last10,leveller,speed,jockey,trainer,stallion,today,total,odds_numerical,racetype,jockey_name,trainer_name,runners,placing_num,HorseAge,Distance,AgeRestrictions,WinPrizeMoney,UKClass,MajorType,
"2026-02-14","12.35.","Wincanton","1st","Eton Mes (IRE)","76.8000","27.2453","12.1236","7.4837","2.9863","3.4576","1.9510","0.0000","0.0000","0.0000","4.8762","48.6000","2.3668","1.3331","0.0000","1.2859","190.5095","2.50","Handicap Hurdle","Corcoran, Rian","Pipe, D E","7","1","5","2m6f ","4yo+","3697","5",,
"2026-02-14","12.35.","Wincanton","4th","Thankyouandplease (FR)","38.5080","16.4534","14.8622","11.2530","5.3908","4.0116","2.3386","2.3068","1.1361","1.1142","0.0000","60.4908","0.3978","0.7510","0.0000","1.7999","160.8143","18.00","Handicap Hurdle","Hanlon, Paddy","Hosie, Syd","7","4","6","2m6f ","4yo+","3697","5",,
"2026-02-14","12.35.","Wincanton","6th","Looking For Larry (IRE)","46.0225","14.4144","7.3156","8.3475","3.6260","2.3539","3.5880","1.8111","1.1308","0.8989","0.0000","62.8644","0.3903","0.3250","0.0000","3.4222","156.5107","10.00","Handicap Hurdle","Dodd, Murray","Dennis, T W","7","6","8","2m6f ","4yo+","3697","5",,
"2026-02-14","12.35.","Wincanton","2nd","At The Oche (IRE)","74.9350","24.4235","16.7796","12.4718","7.1557","3.8685","3.6643","0.0000","0.0000","0.0000","6.5780","0.0000","0.3117","1.5548","0.0000","2.8571","154.6000","1.38","Handicap Hurdle","Broughton, Tom","Twiston-Davies, N A","7","2","5","2m6f ","4yo+","3697","5",,
"2026-02-14","12.35.","Wincanton","3rd","Charlies Jetaway (IRE)","40.5779","23.1567","8.9153","0.0000","0.0000","0.0000","0.0000","0.0000","0.0000","0.0000","20.8574","50.7300","1.1280","0.5843","0.0000","2.6000","148.5497","10.00","Handicap Hurdle","Palmer, Oscar","Hosie, Syd","7","3","5","2m6f ","4yo+","3697","5",,
"2026-02-14","12.35.","Wincanton","7th","Star Of Diamonds (IRE)","42.2000","25.4605","8.6990","8.8913","3.7173","3.8715","0.0000","0.0000","0.0000","0.0000","7.4244","36.1850","0.2400","1.0535","0.0000","0.3334","138.0760","5.00","Handicap Hurdle","Johnstone-baker, Cameron","Lavelle, Miss E C","7","7","7","2m6f ","4yo+","3697","5",,
"2026-02-14","12.35.","Wincanton","5th","Moonlight Artist","28.6179","18.2124","9.6150","4.1901","3.0282","5.3843","3.1049","1.0034","0.7039","0.8528","0.0000","56.7661","0.4287","1.4599","0.0000","3.8805","137.2481","14.00","Handicap Hurdle","OShea, Ciaran","Tizzard, Joe","7","5","8","2m6f ","4yo+","3697","5",,
"2026-02-14","12.45.","Gowran Park","1st","Madness Delle (FR)","60.1758","0.0000","0.0000","0.0000","0.0000","0.0000","0.0000","0.0000","0.0000","0.0000","71.6092","62.8000","3.1018","1.8414","0.0000","3.0000","202.5282","0.40","Maiden Hurdle","Townend, P","Mullins, W P","10","1","4","2m ","4yo","6372","0",,
"2026-02-14","12.45.","Gowran Park","3rd","Arouet (FR)","89.7763","42.1554","14.6243","0.0000","0.0000","0.0000","0.0000","0.0000","0.0000","0.0000","39.5188","0.0000","0.7108","1.3285","0.0000","4.1665","192.2806","3.50","Maiden Hurdle","King, D","Twomey, P","10","3","4","2m ","4yo","6372","0",,
"2026-02-14","12.45.","Gowran Park","5th","Whats New (IRE)","47.9341","24.0574","16.4526","4.8228","5.8951","5.7528","2.2186","1.9183","1.7999","1.7073","0.0000","65.0572","0.4785","0.6877","0.0000","1.4336","180.2160","18.00","Maiden Hurdle","Quirke, Cian","Slattery, Andrew","10","5","4","2m ","4yo","6372","0",,
"2026-02-14","12.45.","Gowran Park","2nd","Manoir De Mirande (FR)","39.2531","16.6646","0.0000","0.0000","0.0000","0.0000","0.0000","0.0000","0.0000","0.0000","28.2257","61.9900","2.5728","1.5004","0.0000","0.0000","150.2066","4.00","Maiden Hurdle","Kennedy, J W","Elliott, Gordon","10","2","4","2m ","4yo","6372","0",,
"2026-02-14","12.45.","Gowran Park","9th","Wolfpack","35.4182","17.7908","9.3122","6.2565","6.1325","4.1182","2.6037","0.0000","0.0000","0.0000","4.4301","32.1700","0.3535","1.5004","0.0000","1.2859","121.3720","100.00","Maiden Hurdle","Sexton, K C","Elliott, Gordon","10","9","4","2m ","4yo","6372","0",,
"2026-02-14","12.45.","Gowran Park","7th","Ocean Murphy","38.3176","16.4186","7.2947","0.0000","0.0000","0.0000","0.0000","0.0000","0.0000","0.0000","16.9838","31.4318","0.5919","0.4757","0.0000","0.0000","111.5142","125.00","Maiden Hurdle","Roche, T P","Rothwell, P J","10","7","4","2m ","4yo","6372","0",,
"2026-02-14","12.45.","Gowran Park","10th","Nile Star (FR)","28.1000","13.4862","0.0000","0.0000","0.0000","0.0000","0.0000","0.0000","0.0000","0.0000","21.4856","25.8527","0.2936","0.5398","0.0000","0.0000","89.7579","300.00","Maiden Hurdle","McKenna, Liam","OSullivan, Ross","10","10","4","2m ","4yo","6372","0",,
"2026-02-14","12.45.","Gowran Park","6th","Rebel Queen (IRE)","0.0000","0.0000","0.0000","0.0000","0.0000","0.0000","0.0000","0.0000","0.0000","0.0000","0.0000","0.0000","1.5647","1.6862","0.0000","0.7000","3.9509","150.00","Maiden Hurdle","Kenneally, Michael","Motherway, C","10","6","4","2m ","4yo","6372","0",,
"2026-02-14","12.45.","Gowran Park","8th","Youknowthecode (IRE)","0.0000","0.0000","0.0000","0.0000","0.0000","0.0000","0.0000","0.0000","0.0000","0.0000","0.0000","0.0000","0.3315","1.5004","0.0000","0.0000","1.8319","33.00","Maiden Hurdle","Gainford, Jordan","Elliott, Gordon","10","8","4","2m ","4yo","6372","0",,
"2026-02-14","12.45.","Gowran Park","4th","Tea Biscuit (IRE)","0.0000","0.0000","0.0000","0.0000","0.0000","0.0000","0.0000","0.0000","0.0000","0.0000","0.0000","0.0000","0.1680","0.0000","0.0000","0.0000","0.1680","40.00","Maiden Hurdle","OConnor, M P","Houlihan, Conor","10","4","4","2m ","4yo","6372","0",,
"2026-02-14","12.50.","Lingfield","8th","Bownder (IRE)","56.4700","24.2772","15.1559","9.4320","4.2266","3.7865","3.2763","1.9053","1.6198","1.5418","0.0000","61.4401","0.0000","0.6357","0.0000","5.2959","189.0631","4.00","Handicap","Graham, Mr McKenzie","Portman, J G","9","8","4","1m4f ","4yo+","4172","5",,
"2026-02-14","12.50.","Lingfield","9th","Man Is King (IRE)","63.0630","20.9700","7.6632","8.7825","4.0872","2.3103","1.9955","1.7998","1.3652","1.7322","0.0000","56.4593","0.0000","1.4952","0.0000","2.4894","174.2128","12.00","Handicap","Chance, Miss Louise","Flood, D","9","9","7","1m4f ","4yo+","4172","5",,
"2026-02-14","12.50.","Lingfield","4th","Shahbaz (IRE)","59.7900","16.5532","8.8588","5.2933","3.6075","3.6228","3.6788","2.0746","2.1641","1.2447","0.0000","61.3536","0.5429","1.0041","0.0000","1.8634","171.6520","5.00","Handicap","Hampson, Brodie","Watson, Archie","9","4","6","1m4f ","4yo+","4172","5",,
"2026-02-14","12.50.","Lingfield","6th","Johnny Boom (IRE)","49.2700","18.1379","15.5250","4.0972","3.8468","2.4664","1.6242","1.4031","1.4380","1.0405","0.0000","65.4343","1.1250","0.4396","0.0000","2.8777","168.7257","25.00","Handicap","Milburn, Miss Amy","Lycett, Shaun","9","6","8","1m4f ","4yo+","4172","5",,
"2026-02-14","12.50.","Lingfield","7th","Kathleen Mary","46.7262","21.0350","8.0389","7.6828","5.3164","3.7180","2.0205","0.0000","0.0000","0.0000","4.4308","64.2213","0.6751","0.2514","0.0000","1.9714","166.0877","2.00","Handicap","Walker, Mr S","Chapple-Hyam, P W","9","7","4","1m4f ","4yo+","4172","5",,
"2026-02-14","12.50.","Lingfield","3rd","Voix De Bocelli","50.4300","22.5931","12.0100","6.4069","5.1208","3.8346","1.5890","1.3732","1.0555","1.3659","0.0000","54.6252","0.6153","0.3890","0.0000","3.8389","165.2474","4.00","Handicap","Cagney, Eireann","Knight, Miss H C","9","3","6","1m4f ","4yo+","4172","5",,
"2026-02-14","12.50.","Lingfield","1st","Sea Of Charm (FR)","32.1894","27.4950","15.3880","5.8333","4.7037","3.3629","2.2352","1.9292","1.7650","1.5802","0.0000","58.4640","1.2000","0.6841","0.0000","3.7743","160.6043","25.00","Handicap","Brown, Harry","Nicholls, Georgina","9","1","8","1m4f ","4yo+","4172","5",,
"2026-02-14","12.50.","Lingfield","2nd","Imperial Decision","48.5146","21.3584","7.3495","0.0000","0.0000","0.0000","0.0000","0.0000","0.0000","0.0000","20.4780","57.6300","0.0000","0.5526","0.0000","0.7000","156.5831","25.00","Handicap","Burke, Louis","Burke, Kieran","9","2","4","1m4f ","4yo+","4172","5",,
"2026-02-14","12.50.","Lingfield","5th","Roland Garros","42.3783","16.0329","8.9204","6.7448","5.3695","5.1620","2.5813","1.5852","1.3290","1.1509","0.0000","50.9988","0.3591","0.8530","0.0000","0.5151","143.9804","11.00","Handicap","Yarham, Fletcher","Burton, Hayley","9","5","5","1m4f ","4yo+","4172","5",,
"2026-02-14","12.55.","Haydock","1st","Manlaga (IRE)","88.0370","0.0000","0.0000","0.0000","0.0000","0.0000","0.0000","0.0000","0.0000","0.0000","104.7640","86.0000","1.4815","1.7380","0.0000","2.7000","284.7205","1.75","Hurdle","Hughes, Brian","Henderson, N J","7","1","4","2m ","4yo","10892","2",,
"2026-02-14","12.55.","Haydock","2nd","Pourquoi Pas Papa (FR)","85.1010","31.1255","19.1053","0.0000","0.0000","0.0000","0.0000","0.0000","0.0000","0.0000","37.6794","67.5181","1.3142","2.5240","0.0000","4.9665","249.3340","1.63","Hurdle","Gingell, Frederick","Nicholls, P F","7","2","4","2m ","4yo","10892","2",,
"2026-02-14","12.55.","Haydock","4th","Love Sonnet (IRE)","94.5856","32.7134","14.1404","10.2156","6.8024","2.3525","2.1139","1.2976","0.0000","0.0000","3.4279","71.8200","1.3151","1.0845","0.0000","6.0500","247.9189","18.00","Hurdle","Davies, James","Vaughan, Tim","7","4","4","2m ","4yo","10892","2",,
"2026-02-14","12.55.","Haydock","5th","Macktoad (FR)","50.7325","41.3014","0.0000","0.0000","0.0000","0.0000","0.0000","0.0000","0.0000","0.0000","52.7299","67.9273","1.9644","1.4043","0.0000","5.0000","221.0598","5.00","Hurdle","Bowen, Sean P","Moore, Gary and Josh","7","5","4","2m ","4yo","10892","2",,
"2026-02-14","12.55.","Haydock","6th","Whatsgoingonmarvin (IRE)","64.6346","17.4263","9.4083","11.9688","6.6036","4.4680","3.7114","2.9990","2.0685","0.7860","0.0000","62.6251","1.2249","0.5112","0.0000","3.7103","192.1460","20.00","Hurdle","Bowen, James C","Bowen, Mickey","7","6","4","2m ","4yo","10892","2",,
"2026-02-14","12.55.","Haydock","F","Try Them (IRE)","44.3271","0.0000","0.0000","0.0000","0.0000","0.0000","0.0000","0.0000","0.0000","0.0000","52.7493","57.9600","0.6454","0.8357","0.0000","0.8000","157.3175","50.00","Hurdle","Meyler, D","Mullins, Emmet","7","0","4","2m ","4yo","10892","2",,
"2026-02-14","12.55.","Haydock","3rd","The Mighty Celt (IRE)","0.0000","0.0000","0.0000","0.0000","0.0000","0.0000","0.0000","0.0000","0.0000","0.0000","0.0000","0.0000","2.0575","1.5600","0.0000","0.0000","3.6175","7.50","Hurdle","Skelton, Harry","Skelton, Daniel","7","3","4","2m ","4yo","10892","2",,
"2026-02-14","1.05.","Wincanton","2nd","Bluey (IRE)","108.8000","27.7996","16.8604","14.3424","5.1162","4.9001","5.4265","2.6800","1.9303","1.3682","0.0000","73.5038","1.1675","1.5080","0.0000","9.1135","274.5166","0.33","Novices Chase","Powell, Brendan","Lavelle, Miss E C","5","2","7","2m ","5yo+","20206","1","Lst",
"2026-02-14","1.05.","Wincanton","1st","Queens Gamble (IRE)","67.3300","25.9762","15.0331","11.0722","8.0102","7.1339","3.4335","2.5453","1.9544","2.0475","0.0000","80.2684","1.3901","2.1245","0.0000","6.7501","235.0696","3.33","Novices Chase","OBrien, P V","Derham, Harry","5","1","8","2m ","5yo+","20206","1","Lst",
"2026-02-14","1.05.","Wincanton","4th","Followango (IRE)","87.2000","24.1110","10.0232","8.6838","6.0604","5.5018","2.4808","2.4581","1.2214","1.0276","0.0000","62.2643","0.8032","0.7704","0.0000","2.7897","215.3958","25.00","Novices Chase","Williams, Isabel","Williams, Evan","5","4","8","2m ","5yo+","20206","1","Lst",
"2026-02-14","1.05.","Wincanton","3rd","Sunday Soldier (IRE)","66.2250","22.3653","12.6598","9.2568","6.3614","4.8646","2.8768","2.7527","1.0559","1.5402","0.0000","65.0094","0.9119","0.7145","0.0000","3.1333","199.7276","22.00","Novices Chase","Slatter, Nick","Killahena, David / Mcpherson, Graeme","5","3","8","2m ","5yo+","20206","1","Lst",
"2026-02-14","1.05.","Wincanton","5th","Presenting A Queen","53.6595","22.9262","11.8994","6.0139","5.5195","5.7604","3.2332","1.4583","0.9871","1.5241","0.0000","67.0000","1.5173","1.2200","0.0000","2.0666","184.7855","28.00","Novices Chase","Twiston-Davies, Sam","Honeyball, A J","5","5","9","2m ","5yo+","20206","1","Lst",
"2026-02-14","1.15.","Ascot","4th","Etna Bianco (IRE)","62.6458","45.0868","18.0713","6.7679","0.0000","0.0000","0.0000","0.0000","0.0000","0.0000","23.8207","78.8018","2.6765","1.7003","0.0000","6.7500","246.3211","5.00","Novices Hurdle","Cobden, Harry","Tizzard, Joe","6","4","6","2m3.5f ","5yo+","13008","2",,
"2026-02-14","1.15.","Ascot","1st","Mondouiboy (FR)","88.7040","25.9262","14.2980","0.0000","0.0000","0.0000","0.0000","0.0000","0.0000","0.0000","33.2399","73.4355","3.0632","2.1501","0.0000","3.6332","244.4501","0.73","Novices Hurdle","Jones, Ben R","Pauling, Ben","6","1","6","2m3.5f ","5yo+","13008","2",,
"2026-02-14","1.15.","Ascot","3rd","Catchintsavo (IRE)","78.0120","30.7659","11.6720","9.3618","4.6124","4.5714","0.0000","0.0000","0.0000","0.0000","9.5666","74.2056","0.6581","1.4196","0.0000","3.0501","227.8955","5.50","Novices Hurdle","Dingle, Rex","Honeyball, A J","6","3","6","2m3.5f ","5yo+","13008","2",,
"2026-02-14","1.15.","Ascot","UR","Starzand (IRE)","65.9594","30.9707","18.7704","9.4951","0.0000","0.0000","0.0000","0.0000","0.0000","0.0000","23.2191","72.1927","0.9482","1.5074","0.0000","4.8000","227.8629","4.50","Novices Hurdle","Houlihan, Sean M","Hobbs, P J / White, J","6","0","6","2m3.5f ","5yo+","13008","2",,
"2026-02-14","1.15.","Ascot","5th","Coumeenoole (IRE)","44.4894","18.1440","10.3556","9.0058","4.8038","5.2938","1.8966","1.7391","1.1428","1.1246","0.0000","48.0826","1.6868","1.4484","0.0000","1.4000","150.6132","100.00","Novices Hurdle","Durrell, Tristan","Skelton, Daniel","6","5","7","2m3.5f ","5yo+","13008","2",,
"2026-02-14","1.15.","Ascot","2nd","Kildinan Prince (IRE)","62.1891","0.0000","0.0000","0.0000","0.0000","0.0000","0.0000","0.0000","0.0000","0.0000","74.0050","0.0000","1.0854","1.0373","0.0000","2.8000","141.1168","28.00","Novices Hurdle","Burke, Jonathan","Lavelle, Miss E C","6","2","7","2m3.5f ","5yo+","13008","2",,
"2026-02-14","1.20.","Gowran Park","1st","Storm Heart (FR)","90.3256","37.3702","19.1160","10.7895","9.2316","4.1461","0.0000","0.0000","0.0000","0.0000","12.4242","82.0696","3.3518","2.1747","0.0000","4.3333","275.3327","1.10","Hurdle","Townend, P","Mullins, W P","7","1","6","2m ","5yo+","19912","0","G3",
"2026-02-14","1.20.","Gowran Park","3rd","Farren Glory (IRE)","89.5822","31.2236","12.9317","11.8250","5.1233","3.3082","2.7325","2.2689","3.0851","1.8065","0.0000","68.8260","3.0728","1.8337","0.0000","4.6380","242.2576","8.00","Hurdle","Kennedy, J W","Elliott, Gordon","7","3","9","2m ","5yo+","19912","0","G3",
"2026-02-14","1.20.","Gowran Park","2nd","Workahead (IRE)","80.1101","25.6261","14.9428","7.7693","0.0000","0.0000","0.0000","0.0000","0.0000","0.0000","21.1330","72.8026","0.8896","0.9335","0.0000","3.5833","227.7903","8.00","Hurdle","OKeeffe, Darragh","Bromhead, Henry De","7","2","8","2m ","5yo+","19912","0","G3",
"2026-02-14","1.20.","Gowran Park","5th","Kel Histoire (FR)","63.9158","27.7787","18.6376","7.8185","0.0000","0.0000","0.0000","0.0000","0.0000","0.0000","21.4472","74.2481","0.2228","2.0914","0.0000","4.2500","220.4102","20.00","Hurdle","Torrens, Simon","Mullins, W P","7","5","6","2m ","5yo+","19912","0","G3",
"2026-02-14","1.20.","Gowran Park","4th","Kawaboomga (FR)","53.4600","25.3103","0.0000","0.0000","0.0000","0.0000","0.0000","0.0000","0.0000","0.0000","40.5909","82.3591","3.7838","2.3414","0.0000","7.5000","215.3456","1.50","Hurdle","Walsh, M P","Mullins, W P","7","4","6","2m ","5yo+","19912","0","G3",
"2026-02-14","1.20.","Gowran Park","6th","Yeah Man (IRE)","61.5500","39.3804","26.0190","11.0224","6.6627","5.1507","4.4128","2.2735","2.0647","2.5297","0.0000","49.5775","0.5851","1.1647","0.0000","1.8815","214.2748","40.00","Hurdle","Buckley, Kieran","Cromwell, Gavin Patrick","7","6","9","2m ","5yo+","19912","0","G3",
"2026-02-14","1.20.","Gowran Park","7th","Lisnagar Fortune (IRE)","38.3062","41.8826","9.2464","10.1532","3.7029","2.0726","3.1007","2.1376","1.5013","1.3221","0.0000","55.5234","0.3829","0.1818","0.0000","2.9040","172.4178","150.00","Hurdle","Harvey, A","McConnell, John C","7","7","8","2m ","5yo+","19912","0","G3",
"2026-02-14","1.25.","Lingfield","3rd","Kindly Queen (IRE)","56.9214","15.4515","0.0000","0.0000","0.0000","0.0000","0.0000","0.0000","0.0000","0.0000","33.7655","67.8845","1.7641","0.8466","0.0000","0.5000","177.1336","18.00","Maiden","Crouch, Hector","Beckett, R M","5","3","3","1m2f ","3yo","6480","3",,
"2026-02-14","1.25.","Lingfield","2nd","Al Azd (IRE)","63.3499","23.1632","8.7815","0.0000","0.0000","0.0000","0.0000","0.0000","0.0000","0.0000","24.4918","53.9000","1.0190","1.1155","0.0000","0.6666","176.4876","0.30","Maiden","Mitchell, Jack","Varian, Roger","5","2","3","1m2f ","3yo","6480","3",,
"2026-02-14","1.25.","Lingfield","5th","Virtue Chastity","44.0832","21.2571","0.0000","0.0000","0.0000","0.0000","0.0000","0.0000","0.0000","0.0000","33.7888","58.6864","0.9141","0.6658","0.0000","0.4000","159.7953","66.00","Maiden","Hornby, Rob","Perrett, Mrs A J","5","5","3","1m2f ","3yo","6480","3",,
"2026-02-14","1.25.","Lingfield","4th","Dors Dazzler","49.8491","20.3669","0.0000","0.0000","0.0000","0.0000","0.0000","0.0000","0.0000","0.0000","35.1903","49.5955","0.3020","0.5070","0.0000","1.5000","157.3108","150.00","Maiden","Egan, John","Ivory, D K","5","4","3","1m2f ","3yo","6480","3",,
"2026-02-14","1.25.","Lingfield","1st","Into The Light","0.0000","0.0000","0.0000","0.0000","0.0000","0.0000","0.0000","0.0000","0.0000","0.0000","0.0000","0.0000","0.6695","3.1518","0.0000","0.2000","4.0213","2.75","Maiden","Planas, Connor","Appleby, Charlie","5","1","3","1m2f ","3yo","6480","3",,
"2026-02-14","1.28.","Haydock","F","Throatlash (IRE)","91.5000","42.7419","21.2190","6.7235","4.1954","3.9749","0.0000","0.0000","0.0000","0.0000","10.8752","75.6800","1.7870","1.0754","0.0000","15.2166","274.9889","1.50","Handicap Chase","Hughes, Brian","McCain Jnr, D","11","0","7","2m4f ","5yo+","9770","3",,
"2026-02-14","1.28.","Haydock","1st","The Bluesman (FR)","79.1002","39.0618","10.7748","10.0237","4.9881","3.7546","0.0000","0.0000","0.0000","0.0000","9.9371","74.7390","2.7298","2.1101","0.0000","7.0166","244.2358","1.75","Handicap Chase","Bowen, Sean P","Murphy, Olly","11","1","7","2m4f ","5yo+","9770","3",,
"2026-02-14","1.28.","Haydock","PU","Nells Son","55.5950","31.7601","19.2940","8.3220","6.1088","6.3840","4.9094","1.5701","2.2590","1.6573","0.0000","82.4193","1.6969","1.2916","0.0000","2.5690","225.8365","18.00","Handicap Chase","McMenamin, Daniel","Richards, N G","11","0","11","2m4f ","5yo+","9770","3",,
"2026-02-14","1.28.","Haydock","3rd","Bythesametoken (IRE)","97.6420","24.0480","13.8262","7.2112","5.0780","3.2479","2.6389","1.9901","1.7732","1.8180","0.0000","54.2090","0.5500","0.6240","0.0000","3.2620","217.9187","40.00","Handicap Chase","Meyler, D","OSullivan, Ross","11","3","12","2m4f ","5yo+","9770","3",,
"2026-02-14","1.28.","Haydock","PU","Twoshotsoftequila (IRE)","73.8750","30.5100","10.2800","9.1892","6.4251","5.0411","2.0775","1.5318","1.9913","1.6881","0.0000","66.0336","0.7442","0.9291","0.0000","3.4328","213.7488","25.00","Handicap Chase","Moscrop, Nathan","Menzies, Rebecca","11","0","9","2m4f ","5yo+","9770","3",,
"2026-02-14","1.28.","Haydock","8th","Gentleman Bill (IRE)","51.0100","34.5773","11.4580","9.6260","4.0085","4.2911","3.3972","2.7030","2.0315","1.4545","0.0000","74.5059","0.7304","0.9869","0.0000","5.2545","206.0347","18.00","Handicap Chase","Nichol, Craig","Greenall, O / Guerriero, J","11","8","8","2m4f ","5yo+","9770","3",,
"2026-02-14","1.28.","Haydock","6th","Anyharminasking (IRE)","51.1806","21.0892","15.3131","7.9370","9.1356","4.1866","2.3887","1.3609","1.5909","1.9566","0.0000","76.9002","1.9982","1.6167","0.0000","3.3775","200.0319","14.00","Handicap Chase","ONeill, Jonjo (Jr)","ONeill, Jonjo and AJ","11","6","9","2m4f ","5yo+","9770","3",,
"2026-02-14","1.28.","Haydock","5th","Cerendipity (IRE)","45.4750","24.6843","13.3784","11.1322","5.7050","4.8896","5.3026","1.8610","1.8134","1.8201","0.0000","73.5809","2.0328","0.8196","0.0000","4.0096","196.5044","7.50","Handicap Chase","Sheehan, Gavin","Smith, Mrs S J / Parkinson, J","11","5","9","2m4f ","5yo+","9770","3",,
"2026-02-14","1.28.","Haydock","7th","Harsh","50.3500","25.7629","12.7216","8.4778","5.6093","2.5298","4.4618","1.7895","1.3010","1.0858","0.0000","76.2315","1.2249","0.5112","0.0000","2.6631","194.7205","40.00","Handicap Chase","Bowen, James C","Bowen, Mickey","11","7","6","2m4f ","5yo+","9770","3",,
"2026-02-14","1.28.","Haydock","4th","Taras Halls (IRE)","48.4000","33.6151","11.2430","12.7026","4.4120","2.6940","1.7038","2.5500","1.4741","1.4791","0.0000","66.3993","1.1761","0.7707","0.0000","6.0755","194.6954","18.00","Handicap Chase","Bewley, Callum","Smith, Mrs S J / Parkinson, J","11","4","8","2m4f ","5yo+","9770","3",,
"2026-02-14","1.28.","Haydock","2nd","Western Zephyr (IRE)","47.4780","19.5707","8.8730","11.6241","7.4850","2.7590","2.2086","1.2960","1.0509","1.6818","0.0000","62.1553","0.2644","0.5112","0.0000","2.8582","169.8162","33.00","Handicap Chase","Fenelon, S","Bowen, Mickey","11","2","9","2m4f ","5yo+","9770","3",,
"2026-02-14","1.35.","Wincanton","2nd","Rubaud (FR)","89.8813","55.7267","28.8922","9.2605","8.2424","9.4689","3.9427","2.1982","2.9024","2.7153","0.0000","94.0655","1.3161","2.9111","0.0000","10.4436","321.9669","3.00","Hurdle","Twiston-Davies, Sam","Nicholls, P F","4","2","8","1m7.5f ","4yo+","41608","1","G2",
"2026-02-14","1.35.","Wincanton","1st","Alexei (GER)","100.9493","51.9372","26.1450","12.6528","4.2492","4.1511","3.9917","2.6313","0.0000","0.0000","4.7399","84.2709","1.7621","1.8690","0.0000","4.8000","304.1496","0.50","Hurdle","Powell, Brendan","Tizzard, Joe","4","1","6","1m7.5f ","4yo+","41608","1","G2",
"2026-02-14","1.35.","Wincanton","3rd","Secret Squirrel","48.2488","34.8975","11.5506","9.4854","6.7299","5.4529","2.9340","2.2849","1.4521","1.7419","0.0000","78.6336","1.1565","1.5854","0.0000","4.4455","210.5990","6.00","Hurdle","OBrien, P V","Morrison, H","4","3","7","1m7.5f ","4yo+","41608","1","G2",
"2026-02-14","1.35.","Wincanton","4th","Intellotto (IRE)","36.3478","20.5624","23.5751","9.4814","6.2136","3.6244","2.1853","2.1802","1.7241","1.5102","0.0000","58.9288","0.9248","0.7348","0.0000","3.0250","171.0180","50.00","Hurdle","David, Robbie","Hitchins, Daisy","4","4","6","1m7.5f ","4yo+","41608","1","G2",
"2026-02-14","1.50.","Ascot","1st","The Jukebox Kid (IRE)","99.9000","30.4337","23.8830","7.1851","9.1011","0.0000","0.0000","0.0000","0.0000","0.0000","19.2947","77.0545","3.0632","1.7501","0.0000","14.2000","285.8654","0.44","Novices Chase","Jones, Ben R","Pauling, Ben","3","1","7","3m ","5yo+","42712","1","G2",
"2026-02-14","1.50.","Ascot","2nd","Western Knight (IRE)","100.3860","44.4012","10.8744","10.5894","5.3062","5.9281","4.7531","2.6009","0.7240","1.3897","0.0000","80.1385","2.6765","1.8503","0.0000","8.5333","280.1516","4.50","Novices Chase","Cobden, Harry","Tizzard, Joe","3","2","7","3m ","5yo+","42712","1","G2",
"2026-02-14","1.50.","Ascot","3rd","Crest Of Fortune","59.3374","33.5788","22.5520","15.9111","8.2336","5.3327","3.4720","2.1249","1.7819","1.6696","0.0000","89.6473","1.1581","1.5256","0.0000","2.8863","249.2113","4.50","Novices Chase","Dingle, Rex","Honeyball, A J","3","3","6","3m ","5yo+","42712","1","G2",
"2026-02-14","1.55.","Gowran Park","5th","Walks The Talk (IRE)","74.7725","35.4831","20.9303","10.9468","3.9023","3.9429","2.6077","0.0000","0.0000","0.0000","6.3156","82.5727","0.7162","0.4675","0.0000","3.4571","246.1147","5.50","Novices Hurdle","Harvey, A","McConnell, John C","5","5","7","2m7f ","5yo+","18584","0","G3",
"2026-02-14","1.55.","Gowran Park","4th","Bally Free (IRE)","80.1385","31.2039","0.0000","0.0000","0.0000","0.0000","0.0000","0.0000","0.0000","0.0000","55.3078","67.8364","3.5728","2.0004","0.0000","4.0000","244.0598","0.83","Novices Hurdle","Kennedy, J W","Elliott, Gordon","5","4","6","2m7f ","5yo+","18584","0","G3",
"2026-02-14","1.55.","Gowran Park","3rd","Timesareachanging (IRE)","79.9830","19.4831","0.0000","0.0000","0.0000","0.0000","0.0000","0.0000","0.0000","0.0000","45.6132","57.7600","1.4394","1.1321","0.0000","3.5000","208.9108","5.00","Novices Hurdle","Donovan, Philip","Slattery, Andrew","5","3","7","2m7f ","5yo+","18584","0","G3",
"2026-02-14","1.55.","Gowran Park","1st","Lord Rouge (FR)","58.5690","30.1247","0.0000","0.0000","0.0000","0.0000","0.0000","0.0000","0.0000","0.0000","46.4397","0.0000","0.8377","2.0004","0.0000","4.5000","142.4716","4.50","Novices Hurdle","Gilligan, D J","Elliott, Gordon","5","1","5","2m7f ","5yo+","18584","0","G3",
"2026-02-14","1.55.","Gowran Park","2nd","Changeyourstars (IRE)","78.4177","25.7628","9.7643","3.8988","0.0000","0.0000","0.0000","0.0000","0.0000","0.0000","17.0610","0.0000","0.8339","0.4500","0.0000","3.2000","139.3884","10.00","Novices Hurdle","Enright, P T","King, James Kieran","5","2","6","2m7f ","5yo+","18584","0","G3",
"2026-02-14","2.00.","Lingfield","1st","Thecoffeepoddotco","60.7250","29.2950","12.7075","10.7161","6.0677","4.7546","3.1059","1.7229","0.9251","1.1946","0.0000","64.8573","1.5394","1.0268","0.0000","7.0447","205.6827","2.50","Handicap","Leavy, Joe","Hannon (Jnr), Richard","9","1","4","5f ","4yo+","4329","5",,
"2026-02-14","2.00.","Lingfield","5th","Beaumadier (IRE)","56.1250","27.1710","8.8600","8.8657","4.6211","4.4717","3.6510","2.4398","1.4830","1.4368","0.0000","68.7709","0.6111","0.6208","0.0000","3.4707","192.5987","6.50","Handicap","Whiteley, C J","Loughnane, Daniel Mark","9","5","6","5f ","4yo+","4329","5",,
"2026-02-14","2.00.","Lingfield","6th","Micks Spirit","51.3550","33.4800","12.6299","4.8899","3.6471","4.5564","3.6808","1.2161","0.8912","1.0953","0.0000","64.0006","0.9024","0.5950","0.0000","4.6630","187.6027","12.00","Handicap","Keenan, Darragh","Allen, C N","9","6","8","5f ","4yo+","4329","5",,
"2026-02-14","2.00.","Lingfield","2nd","Cayman Tai (IRE)","46.8050","20.7233","14.6292","8.5417","4.3262","3.9310","2.3292","2.7157","1.7238","1.4867","0.0000","68.6357","1.0331","1.0189","0.0000","2.1352","180.0346","4.00","Handicap","Levey, S M","Hannon (Jnr), Richard","9","2","4","5f ","4yo+","4329","5",,
"2026-02-14","2.00.","Lingfield","3rd","Mc Loven","39.1163","26.6095","9.4312","8.6484","6.4902","3.3334","3.4325","2.1550","1.1495","1.3165","0.0000","70.6058","1.6046","0.6771","0.0000","3.7657","178.3357","3.00","Handicap","Bradley, Paddy","Dow, S","9","3","5","5f ","4yo+","4329","5",,
"2026-02-14","2.00.","Lingfield","6th","Distant Rumble","44.3597","20.4451","12.9780","5.8809","5.0937","3.8217","3.9107","2.7930","1.0333","1.1187","0.0000","65.6893","1.3514","0.5191","0.0000","1.4500","170.4445","8.00","Handicap","Fallon, Cieren","Teal, R A","9","6","4","5f ","4yo+","4329","5",,
"2026-02-14","2.00.","Lingfield","4th","Sandscreendeliverd","33.2293","32.0976","14.4125","5.4778","3.4032","4.7445","2.5370","1.0725","1.2902","1.3751","0.0000","57.9764","0.8179","0.5487","0.0000","2.0500","161.0328","25.00","Handicap","Queally, T P","Crate, Peter","9","4","4","5f ","4yo+","4329","5",,
"2026-02-14","2.00.","Lingfield","8th","Honour Your Dreams (FR)","50.7050","14.8432","9.0495","4.7964","3.4679","2.9761","2.6266","1.4614","2.3043","1.1301","0.0000","57.2961","0.7500","0.6317","0.0000","4.9303","156.9688","16.00","Handicap","Fox, Kieren","Attwater, M J","9","8","6","5f ","4yo+","4329","5",,
"2026-02-14","2.00.","Lingfield","9th","Manhattan Chute (IRE)","33.6900","29.0250","8.7292","5.6439","3.4319","3.2089","2.2241","1.8917","1.5287","1.2621","0.0000","57.4093","0.4667","0.8327","0.0000","5.0793","154.4234","66.00","Handicap","Mangan, Gina","Best, Jim/Suzi","9","9","4","5f ","4yo+","4329","5",,
"2026-02-14","2.05.","Haydock","2nd","Henri The Second (FR)","118.3000","38.0813","11.2987","7.9614","7.6785","6.3180","3.1388","1.3304","1.4546","1.8346","0.0000","77.4674","2.3142","2.5032","0.0000","2.8304","282.5114","5.00","Hurdle","Gingell, Frederick","Nicholls, P F","5","2","9","3m.5f ","5yo+","34170","1","G2",
"2026-02-14","2.05.","Haydock","1st","Ludor (FR)","93.4250","39.3282","25.2570","9.8772","6.7196","4.8144","3.0083","2.3792","0.0000","0.0000","4.3852","83.9900","2.0553","1.0770","0.0000","4.6857","281.0021","1.38","Hurdle","Sheehan, Gavin","Symonds, Tom","5","1","6","3m.5f ","5yo+","34170","1","G2",
"2026-02-14","2.05.","Haydock","3rd","Lavida Adiva (IRE)","83.6014","52.8710","17.7924","10.6188","8.3927","8.6914","3.6111","2.6914","1.9822","1.2716","0.0000","81.3165","1.8435","0.9936","0.0000","4.6430","280.3207","14.00","Hurdle","Hughes, Brian","Jefferson, Ruth","5","3","7","3m.5f ","5yo+","34170","1","G2",
"2026-02-14","2.05.","Haydock","4th","Beauport (IRE)","67.5744","38.0970","17.6797","13.4375","8.2476","6.4740","2.6648","3.5340","1.4340","2.0869","0.0000","84.8285","2.3699","1.3863","0.0000","3.9742","253.7888","6.00","Hurdle","McCain-Mitchell, Toby","Twiston-Davies, N A","5","4","10","3m.5f ","5yo+","34170","1","G2",
"2026-02-14","2.05.","Haydock","UR","French Ship","76.0130","47.2770","24.1950","8.0013","6.7790","3.7837","3.4836","2.3872","1.9647","1.2635","0.0000","0.0000","0.8357","1.6744","0.0000","8.5167","186.1748","2.50","Hurdle","Williams, Lorcan","Hobbs, P J / White, J","5","0","6","3m.5f ","5yo+","34170","1","G2",
"2026-02-14","2.11.","Wincanton","2nd","Marhaba Prince","59.2477","21.6865","14.0659","7.8854","0.0000","0.0000","0.0000","0.0000","0.0000","0.0000","18.3831","65.1394","1.5173","1.2200","0.0000","11.7500","200.8952","0.91","Maiden Hurdle","Twiston-Davies, Sam","Honeyball, A J","10","2","5","1m7.5f ","4yo+","5281","4",,
"2026-02-14","2.11.","Wincanton","1st","Caballero Cliff","40.6087","21.3156","26.0890","9.9473","4.5043","0.0000","0.0000","0.0000","0.0000","0.0000","14.5772","69.9798","0.4940","1.0287","0.0000","0.4000","188.9446","3.00","Maiden Hurdle","Dunne, R T","Stephens, Robert","10","1","5","1m7.5f ","4yo+","5281","4",,
"2026-02-14","2.11.","Wincanton","3rd","The Egyptian Ginge (IRE)","40.1696","24.7254","13.3092","7.6460","5.4536","1.7405","0.0000","0.0000","0.0000","0.0000","7.3498","69.8960","0.3179","1.2691","0.0000","0.3334","172.2106","3.33","Maiden Hurdle","Neild, Jamie","Twiston-Davies, N A","10","3","5","1m7.5f ","4yo+","5281","4",,
"2026-02-14","2.11.","Wincanton","6th","Full Force Gale (IRE)","33.7911","25.8599","0.0000","0.0000","0.0000","0.0000","0.0000","0.0000","0.0000","0.0000","33.7653","65.3200","0.6737","1.2788","0.0000","3.5000","164.1888","6.00","Maiden Hurdle","Deutsch, Charlie","George, T R","10","6","6","1m7.5f ","4yo+","5281","4",,
"2026-02-14","2.11.","Wincanton","5th","King Sacre (FR)","39.0298","20.6944","8.6628","4.9343","0.0000","0.0000","0.0000","0.0000","0.0000","0.0000","12.9679","62.5064","0.3513","0.5137","0.0000","0.0000","149.6605","50.00","Maiden Hurdle","Best, J A","Hawke, N J","10","5","6","1m7.5f ","4yo+","5281","4",,
"2026-02-14","2.11.","Wincanton","7th","Gilded Glance","38.8991","0.0000","0.0000","0.0000","0.0000","0.0000","0.0000","0.0000","0.0000","0.0000","46.2899","56.4200","1.0762","0.6936","0.0000","0.7000","144.0788","80.00","Maiden Hurdle","Gethings, Ciaran","Williams, Mrs Jane","10","7","6","1m7.5f ","4yo+","5281","4",,
"2026-02-14","2.11.","Wincanton","10th","Richforadaay","44.0205","17.6222","0.0000","0.0000","0.0000","0.0000","0.0000","0.0000","0.0000","0.0000","30.7769","50.9555","0.6907","0.0000","0.0000","0.0000","144.0658","125.00","Maiden Hurdle","Carver, Bryan","Chanin, I","10","10","6","1m7.5f ","4yo+","5281","4",,
"2026-02-14","2.11.","Wincanton","9th","Cue Jump","39.1169","17.0229","0.0000","0.0000","0.0000","0.0000","0.0000","0.0000","0.0000","0.0000","28.4699","51.7100","1.0693","1.4287","0.0000","0.7000","139.5177","80.00","Maiden Hurdle","Kimber, Harry","Woollacott, Mrs Kayley","10","9","6","1m7.5f ","4yo+","5281","4",,
"2026-02-14","2.11.","Wincanton","8th","Mistress Fox","41.8005","14.6712","10.2026","3.6977","1.8679","0.0000","0.0000","0.0000","0.0000","0.0000","7.6101","40.9600","0.8155","1.3834","0.0000","0.7000","123.7089","125.00","Maiden Hurdle","Harris, Bradley","Mulholland, N P","10","8","6","1m7.5f ","4yo+","5281","4",,
"2026-02-14","2.11.","Wincanton","4th","Dunaden Island","0.0000","0.0000","0.0000","0.0000","0.0000","0.0000","0.0000","0.0000","0.0000","0.0000","0.0000","0.0000","1.1021","0.0000","0.0000","0.7000","1.8021","125.00","Maiden Hurdle","Corcoran, Rian","Chanin, I","10","4","8","1m7.5f ","4yo+","5281","4",,
"2026-02-14","2.25.","Ascot","7th","Listentoyourheart (IRE)","103.0980","35.1385","16.8074","7.0769","8.2734","4.9711","5.3456","3.1274","1.9424","2.0934","0.0000","90.8078","2.1868","1.8330","0.0000","4.9871","287.6888","6.50","Handicap Hurdle","Durrell, Tristan","Skelton, Daniel","15","7","7","2m3.5f ","4yo+","26015","2",,
"2026-02-14","2.25.","Ascot","8th","Act Of Authority (FR)","82.4724","35.3396","18.7948","11.8911","9.2545","4.3772","3.5768","2.9760","2.1982","1.4112","0.0000","83.5730","1.5889","1.7300","0.0000","3.3502","262.5340","9.00","Handicap Hurdle","Saunders, Lewis","Murphy, Olly","15","8","8","2m3.5f ","4yo+","26015","2",,
"2026-02-14","2.25.","Ascot","2nd","John Barbour","96.5120","33.3475","21.8100","8.2599","4.1090","4.6451","4.8090","2.6233","1.2021","1.5122","0.0000","68.4144","1.4440","1.5487","0.0000","5.0726","255.3098","7.50","Handicap Hurdle","Burke, Jonathan","OBrien, Fergal","15","2","7","2m3.5f ","4yo+","26015","2",,
"2026-02-14","2.25.","Ascot","9th","Kateira","56.9700","32.8227","20.1893","17.2596","7.7658","5.4812","5.3995","2.2027","2.7473","1.9236","0.0000","86.9064","1.4303","1.8373","0.0000","3.5001","246.4357","16.00","Handicap Hurdle","Boinville, Nico","Skelton, Daniel","15","9","9","2m3.5f ","4yo+","26015","2",,
"2026-02-14","2.25.","Ascot","PU","Range (IRE)","96.7700","24.5761","12.1688","9.1452","4.3323","4.5161","3.0874","1.4600","2.2455","1.1938","0.0000","72.4120","1.8666","1.8240","0.0000","5.0312","240.6290","7.00","Handicap Hurdle","Jones, Ben R","Thomas, Sam","15","0","9","2m3.5f ","4yo+","26015","2",,
"2026-02-14","2.25.","Ascot","6th","Captain Teague (IRE)","56.4000","24.6781","20.0846","7.5592","10.2762","6.5688","5.7826","3.8089","1.5592","0.0000","2.2347","83.4436","3.3007","2.8018","0.0000","5.0554","233.5540","8.50","Handicap Hurdle","Cobden, Harry","Nicholls, P F","15","6","8","2m3.5f ","4yo+","26015","2",,
"2026-02-14","2.25.","Ascot","10th","Rambo T (IRE)","63.7877","22.7079","26.0055","10.0380","9.2800","2.5430","4.4817","1.9452","2.2680","1.8730","0.0000","78.8645","1.5640","1.7855","0.0000","3.8331","230.9772","80.00","Handicap Hurdle","Brogan, Kevin","Murphy, Olly","15","10","9","2m3.5f ","4yo+","26015","2",,
"2026-02-14","2.25.","Ascot","12th","Kamaxos (FR)","76.0700","28.1570","21.1350","6.6132","4.4052","4.8888","2.3564","1.5075","1.1254","1.9937","0.0000","70.4402","0.9224","0.7080","0.0000","4.6227","224.9455","22.00","Handicap Hurdle","Pinchin, Lilly","Longsdon, C E","15","12","9","2m3.5f ","4yo+","26015","2",,
"2026-02-14","2.25.","Ascot","4th","Moveit Like Minnie (IRE)","75.4150","21.3206","13.1354","12.2334","7.0434","5.2340","2.9978","2.3469","1.8171","1.7098","0.0000","72.0758","0.9854","1.2856","0.0000","7.0088","224.6091","12.00","Handicap Hurdle","Bellamy, Tom","Twiston-Davies, N A","15","4","9","2m3.5f ","4yo+","26015","2",,
"2026-02-14","2.25.","Ascot","13th","Lightningupourdays","75.4980","24.7376","16.6687","7.1486","3.7622","2.7582","2.7345","1.3202","0.0000","0.0000","2.9661","73.7055","0.5403","1.0120","0.0000","4.2750","217.1269","4.00","Handicap Hurdle","Hogan, Jack","Ralph, Alastair","15","13","7","2m3.5f ","4yo+","26015","2",,
"2026-02-14","2.25.","Ascot","3rd","De Temps En Temps (IRE)","52.9085","21.2206","25.3408","12.5692","6.2793","4.5657","4.2512","2.4928","1.5548","1.7380","0.0000","76.0145","1.4030","0.9183","0.0000","4.8500","216.1067","25.00","Handicap Hurdle","Keighley, Freddie","Keighley, M","15","3","7","2m3.5f ","4yo+","26015","2",,
"2026-02-14","2.25.","Ascot","11th","Jurancon (FR)","52.3263","21.1159","23.1380","11.0132","5.2948","4.6748","3.4877","2.0523","1.5076","1.4784","0.0000","68.2755","1.5465","1.6702","0.0000","5.8000","203.3811","10.00","Handicap Hurdle","Tudor, Jack","Pipe, D E","15","11","7","2m3.5f ","4yo+","26015","2",,
"2026-02-14","2.25.","Ascot","PU","Hurricane Bay","53.8500","22.8403","14.7662","13.8552","4.4714","7.1754","2.4447","1.5230","1.1991","1.9566","0.0000","69.2693","2.1605","1.2934","0.0000","5.2667","202.0718","80.00","Handicap Hurdle","Cannon, Tom J","Wadham, Mrs L","15","0","10","2m3.5f ","4yo+","26015","2",,
"2026-02-14","2.25.","Ascot","5th","No Ordinary Joe (IRE)","41.4800","18.9354","11.0160","7.7070","5.0975","3.9914","3.5028","2.1142","1.1832","1.3943","0.0000","80.2062","0.5232","0.8014","0.0000","3.5668","181.5194","18.00","Handicap Hurdle","Macey, Benjamin","Bramley, Faye","15","5","10","2m3.5f ","4yo+","26015","2",,
"2026-02-14","2.25.","Ascot","1st","Fiercely Proud (IRE)","49.2024","41.5123","13.3160","6.9094","8.8650","4.8925","2.7182","2.5679","2.2301","1.8655","0.0000","0.0000","1.7944","1.4168","0.0000","5.1457","142.4362","8.00","Handicap Hurdle","Woods, K K","Pauling, Ben","15","1","7","2m3.5f ","4yo+","26015","2",,
"2026-02-14","2.30.","Gowran Park","7th","The King Of Prs (IRE)","82.9050","29.9567","17.8060","8.0317","7.7411","6.3816","2.8810","3.4890","2.0862","2.0638","0.0000","71.0015","0.9034","1.2629","0.0000","2.5951","239.1051","8.50","Handicap Hurdle","Donoghue, K M","Cromwell, Gavin Patrick","14","7","8","2m4f ","4yo+","7965","0",,
"2026-02-14","2.30.","Gowran Park","1st","Grimaud (FR)","58.1700","34.2877","22.0684","14.1059","5.9465","5.4295","2.7040","2.2881","2.0514","2.2542","0.0000","73.8785","0.5266","1.5773","0.0000","5.9537","231.2418","4.00","Handicap Hurdle","Williamson, Josh","Elliott, Gordon","14","1","6","2m4f ","4yo+","7965","0",,
"2026-02-14","2.30.","Gowran Park","11th","Themanintheanorak (IRE)","77.4000","29.7079","18.8229","6.7314","4.7339","2.1028","3.6611","0.0000","0.0000","0.0000","5.6890","64.7518","2.3542","0.8210","0.0000","6.5213","223.2972","3.00","Handicap Hurdle","Kenneally, Michael","OSullivan, Eugene M","14","11","6","2m4f ","4yo+","7965","0",,
"2026-02-14","2.30.","Gowran Park","3rd","Grandero Bello (FR)","70.9390","23.8415","14.5010","7.6155","5.2693","6.1260","2.7320","3.0542","2.1398","1.5570","0.0000","66.4302","0.6183","0.4731","0.0000","7.9353","213.2321","9.00","Handicap Hurdle","Buckley, Kieran","Harty, Edward and Patrick","14","3","10","2m4f ","4yo+","7965","0",,
"2026-02-14","2.30.","Gowran Park","13th","Quest With Speed (IRE)","65.0060","42.3423","13.5450","9.2120","4.1716","6.3968","2.4610","1.8254","0.8492","1.3900","0.0000","45.7827","0.2508","0.3499","0.0000","2.6607","196.2434","11.00","Handicap Hurdle","Gainford, Jordan","Hanlon, John Joseph","14","13","9","2m4f ","4yo+","7965","0",,
"2026-02-14","2.30.","Gowran Park","2nd","Krabat (IRE)","52.8700","43.6068","14.0868","5.7818","4.7579","5.1759","2.1590","2.6444","1.9237","1.5184","0.0000","55.9819","0.4344","0.1713","0.0000","4.2993","195.4116","5.50","Handicap Hurdle","Quirke, Cian","McDonagh, Michael J","14","2","11","2m4f ","4yo+","7965","0",,
"2026-02-14","2.30.","Gowran Park","4th","Brideswell Lad (IRE)","37.1000","36.9900","17.5344","13.2412","4.0748","2.1732","2.5827","2.3820","1.7899","1.0511","0.0000","59.5368","1.2052","0.4774","0.0000","4.3639","184.5027","50.00","Handicap Hurdle","Slevin, J J","Neville, Seamus","14","4","10","2m4f ","4yo+","7965","0",,
"2026-02-14","2.30.","Gowran Park","10th","Jacovec Cavern","35.9720","28.1179","18.7756","6.9068","4.0679","4.9656","4.4322","1.7444","1.3885","1.9492","0.0000","63.7933","0.4555","1.1984","0.0000","7.2425","181.0098","6.50","Handicap Hurdle","Condon, R J","Hennessy, Paul","14","10","7","2m4f ","4yo+","7965","0",,
"2026-02-14","2.30.","Gowran Park","12th","Teed Up (IRE)","60.9051","24.1322","21.8466","5.5528","8.9430","6.5517","2.3402","1.1592","1.0881","1.0499","0.0000","41.3938","0.2181","0.9690","0.0000","2.0432","178.1929","28.00","Handicap Hurdle","Doyle, R A","Mullins, Emmet","14","12","9","2m4f ","4yo+","7965","0",,
"2026-02-14","2.30.","Gowran Park","9th","Must Go Now (IRE)","40.0834","18.5741","20.0096","6.9569","5.4975","4.7700","1.7965","1.7134","0.8974","1.5255","0.0000","54.0030","0.1380","0.1825","0.0000","3.1369","159.2846","20.00","Handicap Hurdle","Walsh, E","Cawley, Edward","14","9","9","2m4f ","4yo+","7965","0",,
"2026-02-14","2.30.","Gowran Park","5th","Whatsavailable (IRE)","40.1705","17.0269","10.4731","8.7162","4.5905","5.1763","2.3865","2.4210","1.1867","0.9097","0.0000","61.5919","0.2439","0.2732","0.0000","3.2253","158.3917","33.00","Handicap Hurdle","Brouder, Gavin","Morris, M F","14","5","9","2m4f ","4yo+","7965","0",,
"2026-02-14","2.30.","Gowran Park","8th","Miss Corby (IRE)","61.5776","27.0774","12.8835","3.8643","2.6806","2.8501","0.0000","0.0000","0.0000","0.0000","6.9727","30.0000","1.0563","0.3542","0.0000","3.3669","152.6837","20.00","Handicap Hurdle","Swan, H C","Morris, M F","14","8","6","2m4f ","4yo+","7965","0",,
"2026-02-14","2.30.","Gowran Park","6th","Ossifer Hops (IRE)","34.0720","17.2634","10.8446","4.9784","5.5042","3.1441","2.6275","1.2370","1.0796","1.4699","0.0000","44.3626","0.1667","0.1131","0.0000","3.6449","130.5081","125.00","Handicap Hurdle","OSullivan, Ethan","Crowley, Bernard Martin","14","6","8","2m4f ","4yo+","7965","0",,
"2026-02-14","2.30.","Gowran Park","PU","Laxxio","47.3110","25.3311","10.7122","0.0000","0.0000","0.0000","0.0000","0.0000","0.0000","0.0000","23.9204","0.0000","0.7667","0.3040","0.0000","2.1666","110.5121","8.50","Handicap Hurdle","Mullins, D E","Mullins, Anthony","14","0","5","2m4f ","4yo+","7965","0",,
"2026-02-14","2.35.","Lingfield","4th","Elouises Prince (IRE)","72.6000","16.2585","9.3788","5.9084","4.2446","3.7258","3.0219","1.6902","1.7083","1.7039","0.0000","65.1270","0.7080","0.8231","0.0000","8.5375","195.4360","3.00","Handicap","Fernandes, Jude","Dace, L A","8","4","4","1m ","4yo+","4397","5",,
"2026-02-14","2.35.","Lingfield","3rd","Way To Dubai (IRE)","52.5650","29.4750","12.1325","9.4514","5.1889","4.7103","3.1811","2.1529","1.6996","1.5200","0.0000","64.2387","1.0282","1.0626","0.0000","3.0478","191.4538","2.00","Handicap","Davies, Harry","Appleby, M","8","3","7","1m ","4yo+","4397","5",,
"2026-02-14","2.35.","Lingfield","5th","Pitney (IRE)","50.3000","19.7190","12.7253","8.7579","5.5721","3.5386","2.8812","1.4854","1.2630","1.1782","0.0000","61.7427","1.0928","0.6317","0.0000","2.5188","173.4066","5.00","Handicap","Carson, William","Attwater, M J","8","5","5","1m ","4yo+","4397","5",,
"2026-02-14","2.35.","Lingfield","2nd","Gennadius","40.0250","22.9230","18.6615","7.2823","4.8381","3.5519","3.0728","2.2383","1.6005","1.8717","0.0000","59.6413","1.1760","1.0268","0.0000","2.9669","170.8763","3.50","Handicap","Levey, S M","Hannon (Jnr), Richard","8","2","4","1m ","4yo+","4397","5",,
"2026-02-14","2.35.","Lingfield","1st","Union Island (IRE)","50.6550","19.0710","9.5406","7.4490","3.7487","4.8355","3.5532","2.4362","1.3504","1.0567","0.0000","59.1584","1.1372","1.0864","0.0000","4.2240","169.3024","7.50","Handicap","Bowen, S D","Johnston, Charlie","8","1","5","1m ","4yo+","4397","5",,
"2026-02-14","2.35.","Lingfield","8th","Dalmally","36.6592","14.5811","15.7658","7.0715","5.4081","3.2665","3.1444","2.2542","1.5292","1.3941","0.0000","63.7046","0.6287","0.1759","0.0000","3.0064","158.5897","50.00","Handicap","Greatrex, Thomas","Pattinson, Mark","8","8","4","1m ","4yo+","4397","5",,
"2026-02-14","2.35.","Lingfield","7th","Dakota Power","41.5282","19.6862","12.8746","8.1882","3.0687","3.0631","1.6933","1.9624","1.3108","1.4863","0.0000","57.8307","0.1155","0.4975","0.0000","2.5400","155.8456","25.00","Handicap","Lewis, Owen","Teal, R A","8","7","7","1m ","4yo+","4397","5",,
"2026-02-14","2.35.","Lingfield","6th","Comedian Leader","31.0400","14.6948","8.9575","4.7505","3.5284","2.9482","1.8191","2.6776","1.7920","1.0515","0.0000","55.2043","0.4517","0.7694","0.0000","3.8076","133.4926","125.00","Handicap","Cox, William","Best, Jim/Suzi","8","6","6","1m ","4yo+","4397","5",,
"2026-02-14","2.40.","Haydock","1st","Dalston Lad (IRE)","99.3000","37.4031","14.1193","6.3144","6.2782","5.5955","3.1094","0.0000","0.0000","0.0000","6.6506","76.0400","2.5575","2.1314","0.0000","8.8570","268.3563","2.50","Novices Hurdle","Skelton, Harry","Skelton, Daniel","9","1","6","3m.5f ","5yo+","45560","1","G2",
"2026-02-14","2.40.","Haydock","8th","Kasino Des Mottes (FR)","77.9918","32.6651","20.8627","10.5580","0.0000","0.0000","0.0000","0.0000","0.0000","0.0000","25.8756","78.2982","1.3219","1.6099","0.0000","2.2500","251.4332","11.00","Novices Hurdle","Gingell, Frederick","Tizzard, Joe","9","8","6","3m.5f ","5yo+","45560","1","G2",
"2026-02-14","2.40.","Haydock","7th","Reckless Spending (IRE)","87.4950","26.4051","13.8909","6.9293","0.0000","0.0000","0.0000","0.0000","0.0000","0.0000","21.0742","77.8700","1.7279","1.9880","0.0000","2.2500","239.6304","3.00","Novices Hurdle","Bowen, James C","Henderson, N J","9","7","6","3m.5f ","5yo+","45560","1","G2",
"2026-02-14","2.40.","Haydock","9th","Lon Chaney (IRE)","87.5120","23.0146","14.9609","0.0000","0.0000","0.0000","0.0000","0.0000","0.0000","0.0000","32.4216","62.5200","2.5631","1.9434","0.0000","3.4999","228.4355","11.00","Novices Hurdle","Bowen, Sean P","Murphy, Olly","9","9","6","3m.5f ","5yo+","45560","1","G2",
"2026-02-14","2.40.","Haydock","6th","Caughtinyourtrance (IRE)","62.8995","36.1392","10.6635","9.2984","8.3289","6.7375","3.6586","1.5927","0.9569","1.4519","0.0000","70.6667","0.5780","0.3852","0.0000","4.7222","218.0793","50.00","Novices Hurdle","Moscrop, Nathan","Moffatt, James","9","6","7","3m.5f ","5yo+","45560","1","G2",
"2026-02-14","2.40.","Haydock","3rd","Tashkhan (IRE)","54.8280","24.3539","21.5627","10.3014","4.7548","5.0704","3.5187","2.0579","2.0079","1.2663","0.0000","68.7100","2.1482","0.6781","0.0000","1.5112","202.7695","20.00","Novices Hurdle","Hughes, Brian","Ellison, B","9","3","8","3m.5f ","5yo+","45560","1","G2",
"2026-02-14","2.40.","Haydock","2nd","Ubatuba (IRE)","88.2930","33.5100","0.0000","0.0000","0.0000","0.0000","0.0000","0.0000","0.0000","0.0000","60.2211","0.0000","2.3541","2.6101","0.0000","7.0000","193.9883","5.00","Novices Hurdle","Sutton, Ben","Murphy, Olly","9","2","6","3m.5f ","5yo+","45560","1","G2",
"2026-02-14","2.40.","Haydock","4th","Legendary Luke (IRE)","89.4960","38.4484","13.2691","0.0000","0.0000","0.0000","0.0000","0.0000","0.0000","0.0000","37.2422","0.0000","3.0346","2.3378","0.0000","6.0002","189.8283","9.00","Novices Hurdle","Sheehan, Gavin","Snowden, Jamie","9","4","6","3m.5f ","5yo+","45560","1","G2",
"2026-02-14","2.40.","Haydock","5th","Whiskey Yankee","97.5960","17.4715","0.0000","0.0000","0.0000","0.0000","0.0000","0.0000","0.0000","0.0000","50.4759","0.0000","2.1206","2.0962","0.0000","4.5000","174.2602","7.00","Novices Hurdle","Johnston, Dylan","Thomas, Sam","9","5","5","3m.5f ","5yo+","45560","1","G2",
"2026-02-14","2.50.","Wincanton","F","Mutley Crew (FR)","83.1000","29.3251","18.2330","4.3160","4.0789","2.7106","2.8317","2.1300","0.8050","1.2946","0.0000","62.6497","1.5096","1.1279","0.0000","11.7045","225.8166","1.88","Handicap Chase","Kimber, Harry","Walford, Robert","7","0","10","2m4.5f ","5yo+","5413","4",,
"2026-02-14","2.50.","Wincanton","2nd","Bonza Boy","85.3960","18.9894","13.5900","5.1806","3.2108","4.5279","3.9510","2.4930","1.5738","0.7434","0.0000","59.5312","1.1565","1.4494","0.0000","2.1318","203.9248","6.50","Handicap Chase","OBrien, P V","Scott, J","7","2","9","2m4.5f ","5yo+","5413","4",,
"2026-02-14","2.50.","Wincanton","4th","Saint Cyr De Pail (FR)","77.9100","28.4515","10.3808","4.9280","4.6404","3.5362","2.8880","1.4155","1.7285","0.9612","0.0000","56.1492","1.3262","0.8936","0.0000","3.1000","198.3091","3.00","Handicap Chase","Gethings, Ciaran","Williams, Mrs Jane","7","4","7","2m4.5f ","5yo+","5413","4",,
"2026-02-14","2.50.","Wincanton","3rd","Pedley Wood (IRE)","44.8880","26.6490","10.1836","5.8476","6.9300","5.2860","2.8255","1.5910","1.3503","1.4382","0.0000","65.6070","1.6002","1.5912","0.0000","8.9964","184.7840","7.00","Handicap Chase","Powell, Brendan","Tizzard, Joe","7","3","9","2m4.5f ","5yo+","5413","4",,
"2026-02-14","2.50.","Wincanton","5th","Pilsdon Pen","46.0370","19.8470","21.8435","5.9647","3.2456","5.5680","2.8931","2.6820","1.3116","1.5145","0.0000","62.1285","0.9180","1.5851","0.0000","8.6540","184.1928","7.00","Handicap Chase","Carver, Bryan","Scott, J","7","5","9","2m4.5f ","5yo+","5413","4",,
"2026-02-14","2.50.","Wincanton","1st","Jeu Dopale (FR)","44.5600","29.7231","9.4096","5.8041","2.9268","0.0000","0.0000","0.0000","0.0000","0.0000","10.3782","54.2600","0.8074","0.4078","0.0000","1.4000","159.6770","10.00","Handicap Chase","Deutsch, Charlie","Williams, Miss Venetia","7","1","8","2m4.5f ","5yo+","5413","4",,
"2026-02-14","2.50.","Wincanton","PU","Valirann Gold (IRE)","32.2200","25.3771","10.5130","7.5481","3.9278","3.4554","3.4416","1.8702","1.0498","1.3857","0.0000","58.7745","0.5542","0.1173","0.0000","3.5894","153.8241","11.00","Handicap Chase","Godfrey, Ben","Brown, Miss Harriet","7","0","9","2m4.5f ","5yo+","5413","4",,
"2026-02-14","3.00.","Ascot","7th","Nocte Volatus","104.9280","46.2024","13.0096","8.3146","6.3879","4.8243","4.4595","2.6850","1.0705","1.3239","0.0000","80.6231","0.8309","0.9613","0.0000","4.2369","279.8579","11.00","Handicap Chase","Sheppard, Stan","Lacey, T","11","7","11","3m ","5yo+","56950","1",,
"2026-02-14","3.00.","Ascot","4th","Jipcot (FR)","99.8000","34.6115","13.5660","7.2364","7.4668","5.3829","4.4640","1.5178","1.1769","2.0460","0.0000","77.5234","1.2929","1.6111","0.0000","5.1875","262.8832","2.75","Handicap Chase","Woods, K K","ONeill, Jonjo and AJ","11","4","7","3m ","5yo+","56950","1",,
"2026-02-14","3.00.","Ascot","10th","Sam Brown","65.6856","31.7732","25.4320","9.0592","6.8838","3.6077","3.9344","2.7417","2.4694","2.4300","0.0000","81.3691","1.6742","1.5176","0.0000","6.2700","244.8479","28.00","Handicap Chase","Bament, Chad","Honeyball, A J","11","10","14","3m ","5yo+","56950","1",,
"2026-02-14","3.00.","Ascot","PU","Threeunderthrufive (IRE)","61.3210","32.1664","13.7285","7.9761","10.2447","5.7294","3.2088","3.6660","2.2344","2.4192","0.0000","82.8789","2.9007","2.7145","0.0000","8.2450","239.4336","12.00","Handicap Chase","Cobden, Harry","Nicholls, P F","11","0","11","3m ","5yo+","56950","1",,
"2026-02-14","3.00.","Ascot","1st","Montregard (FR)","85.3750","20.5542","21.5640","12.4716","3.9260","2.4440","2.4530","2.5650","1.1525","2.0334","0.0000","71.2647","0.7997","1.1125","0.0000","9.6116","237.3271","3.33","Handicap Chase","Burke, Jonathan","Lacey, T","11","1","7","3m ","5yo+","56950","1",,
"2026-02-14","3.00.","Ascot","3rd","Your Darling (IRE)","78.0270","21.8999","20.5312","6.3169","7.8375","3.7404","2.3445","2.3315","2.2522","1.7206","0.0000","77.6787","2.3965","1.4659","0.0000","7.5568","236.0996","7.50","Handicap Chase","Jones, Ben R","Pauling, Ben","11","3","11","3m ","5yo+","56950","1",,
"2026-02-14","3.00.","Ascot","9th","Joyeux Machin (FR)","65.0050","31.9014","19.4884","10.1516","8.8825","7.0469","4.0094","1.9341","1.0602","0.7852","0.0000","77.1605","1.6868","1.4484","0.0000","5.2851","235.8454","5.00","Handicap Chase","Durrell, Tristan","Skelton, Daniel","11","9","9","3m ","5yo+","56950","1",,
"2026-02-14","3.00.","Ascot","5th","Hunter Legend (FR)","71.1200","33.1805","16.5329","7.8093","7.2941","6.6976","2.3376","2.8530","2.1397","1.5907","0.0000","73.0365","0.3814","0.9696","0.0000","5.2637","231.2066","12.00","Handicap Chase","Turner, Miss L M","Williams, Miss Venetia","11","5","9","3m ","5yo+","56950","1",,
"2026-02-14","3.00.","Ascot","6th","Invincible Nao (FR)","77.3550","26.3016","23.7060","7.3008","7.3425","5.4300","3.6443","1.4300","1.1360","2.1242","0.0000","61.5127","1.6151","0.9658","0.0000","4.5833","224.4474","14.00","Handicap Chase","Quinn, Caoilin","Moore, Gary and Josh","11","6","8","3m ","5yo+","56950","1",,
"2026-02-14","3.00.","Ascot","8th","Credo (IRE)","54.7298","33.2086","19.1070","6.0874","9.4512","5.0756","4.4415","2.0168","1.4397","1.2942","0.0000","75.5807","0.9438","1.5029","0.0000","6.8377","221.7168","40.00","Handicap Chase","Dingle, Rex","Honeyball, A J","11","8","11","3m ","5yo+","56950","1",,
"2026-02-14","3.00.","Ascot","2nd","Gericault Roque (FR)","46.5400","23.8265","12.6966","10.7338","4.1226","6.7730","4.7295","2.7143","1.9171","1.8153","0.0000","66.6276","1.1021","1.3131","0.0000","6.6003","191.5119","18.00","Handicap Chase","Tudor, Jack","Pipe, D E","11","2","10","3m ","5yo+","56950","1",,
"2026-02-14","3.05.","Gowran Park","2nd","Luciole Des Bordes (FR)","59.8300","30.3048","0.0000","0.0000","0.0000","0.0000","0.0000","0.0000","0.0000","0.0000","47.0544","72.0227","2.8797","1.8414","0.0000","1.0000","214.9330","0.62","NH Flat","Mullins, Mr P W","Mullins, W P","7","2","5","2m1f ","4yo+","5842","0",,
"2026-02-14","3.05.","Gowran Park","1st","Nans Choice (IRE)","56.3175","0.0000","0.0000","0.0000","0.0000","0.0000","0.0000","0.0000","0.0000","0.0000","67.0178","65.9000","0.2223","0.0000","0.0000","0.0000","189.4576","5.00","NH Flat","Stone, B T","Houlihan, Conor","7","1","5","2m1f ","4yo+","5842","0",,
"2026-02-14","3.05.","Gowran Park","3rd","Wicked Pleasure (IRE)","58.4823","0.0000","0.0000","0.0000","0.0000","0.0000","0.0000","0.0000","0.0000","0.0000","69.5939","52.7000","1.1914","0.6835","0.0000","2.0000","184.6511","6.00","NH Flat","Gleeson, Mr J L","Bromhead, Henry De","7","3","5","2m1f ","4yo+","5842","0",,
"2026-02-14","3.05.","Gowran Park","4th","Courtmac Gesture (IRE)","46.6842","19.7302","13.3086","7.3470","3.7887","2.9214","0.0000","0.0000","0.0000","0.0000","7.1240","43.8024","0.2799","1.6862","0.0000","0.6666","147.3391","12.00","NH Flat","Hogan, C M","Motherway, C","7","4","5","2m1f ","4yo+","5842","0",,
"2026-02-14","3.05.","Gowran Park","7th","Red Acres Georgie (IRE)","37.4029","0.0000","0.0000","0.0000","0.0000","0.0000","0.0000","0.0000","0.0000","0.0000","44.5095","58.0500","0.5563","0.3040","0.0000","0.0000","140.8227","10.00","NH Flat","Swan, H C","Mullins, Anthony","7","7","6","2m1f ","4yo+","5842","0",,
"2026-02-14","3.05.","Gowran Park","6th","Claudel (FR)","37.9885","0.0000","0.0000","0.0000","0.0000","0.0000","0.0000","0.0000","0.0000","0.0000","45.2063","39.0300","0.1964","0.8990","0.0000","0.0000","123.3203","25.00","NH Flat","Hendrick, Mr J W","Nolan, Paul","7","6","5","2m1f ","4yo+","5842","0",,
"2026-02-14","3.05.","Gowran Park","5th","Natures Odyssey (IRE)","0.0000","0.0000","0.0000","0.0000","0.0000","0.0000","0.0000","0.0000","0.0000","0.0000","0.0000","0.0000","0.4350","0.0537","0.0000","0.0000","0.4887","33.00","NH Flat","Ryan, Mr A P","McEnery, P F","7","5","5","2m1f ","4yo+","5842","0",,
"2026-02-14","3.10.","Lingfield","4th","Legal Reform (IRE)","80.6850","42.3252","18.7615","10.1460","5.8970","7.1472","3.1794","1.9198","1.5428","2.2961","0.0000","82.6881","1.9681","1.0450","0.0000","8.6638","268.2650","6.00","Handicap","Greatrex, Edward","Herrington,M ","7","4","9","7f ","4yo+","15702","2",,
"2026-02-14","3.10.","Lingfield","1st","Heathcliff","73.5345","35.2570","19.5420","7.3587","6.1018","4.4729","3.7384","2.4736","2.1892","1.9966","0.0000","83.9266","1.4751","1.1541","0.0000","4.9529","248.1735","5.00","Handicap","Muscutt, D","Fanshawe, J R","7","1","5","7f ","4yo+","15702","2",,
"2026-02-14","3.10.","Lingfield","5th","Wiltshire","78.2000","24.8054","15.0726","10.9544","4.7959","5.3964","4.6170","1.5333","2.2162","2.1307","0.0000","85.4969","1.8124","1.2139","0.0000","3.7334","241.9784","6.50","Handicap","Fallon, Cieren","Haggas, W J","7","5","6","7f ","4yo+","15702","2",,
"2026-02-14","3.10.","Lingfield","7th","Benevento (IRE)","72.8748","23.6627","16.0904","12.4637","6.3095","7.0033","4.4574","2.0612","0.0000","0.0000","4.1203","80.9790","0.8376","0.6943","0.0000","2.9500","234.5041","1.88","Handicap","Egan, David","Foy, Kevin","7","7","4","7f ","4yo+","15702","2",,
"2026-02-14","3.10.","Lingfield","6th","Best Rate","64.2250","31.3639","17.0669","7.1259","6.5748","5.8825","3.6769","2.1093","1.4915","2.4100","0.0000","74.5310","1.2061","1.0268","0.0000","4.0780","222.7689","4.00","Handicap","Leavy, Joe","Hannon (Jnr), Richard","7","6","4","7f ","4yo+","15702","2",,
"2026-02-14","3.10.","Lingfield","3rd","Willem Twee","47.1050","26.6094","12.8293","12.1739","7.1145","5.3529","3.3677","1.9678","1.1969","2.3828","0.0000","86.2790","1.7303","1.1797","0.0000","5.7598","215.0487","16.00","Handicap","Crouch, Hector","Fanshawe, J R","7","3","7","7f ","4yo+","15702","2",,
"2026-02-14","3.10.","Lingfield","2nd","Tiger Crusade (FR)","49.4900","38.6550","13.8335","8.7246","7.0104","3.9456","2.9252","1.8079","1.3484","2.0550","0.0000","75.4169","0.9439","1.2302","0.0000","7.5820","214.9685","8.00","Handicap","Dace, Jack","Simcock, D M","7","2","9","7f ","4yo+","15702","2",,
"2026-02-14","3.15.","Haydock","7th","Monbeg Genius (IRE)","93.3129","26.1351","20.1758","7.6161","8.2275","5.9979","3.9309","1.8460","1.2607","2.2311","0.0000","83.8991","2.1410","1.7863","0.0000","4.0750","262.6355","8.00","Handicap Chase","ONeill, Jonjo (Jr)","ONeill, Jonjo and AJ","11","7","10","3m4.5f ","5yo+","56950","1",,
"2026-02-14","3.15.","Haydock","PU","Rivers Corner","96.7000","29.2819","15.5334","10.8764","6.6446","7.0957","3.0262","1.6430","1.0293","1.0069","0.0000","73.1700","1.3219","1.5417","0.0000","3.6272","252.4982","9.00","Handicap Chase","Gingell, Frederick","Tizzard, Joe","11","0","8","3m4.5f ","5yo+","56950","1",,
"2026-02-14","3.15.","Haydock","3rd","Neo King (FR)","97.9000","25.3955","19.7810","7.5534","7.0337","4.0567","1.6958","1.5639","1.1836","1.1944","0.0000","52.9900","0.3841","0.8762","0.0000","4.3000","225.9083","16.00","Handicap Chase","Turner, James","Williams, Evan","11","3","8","3m4.5f ","5yo+","56950","1",,
"2026-02-14","3.15.","Haydock","PU","Holokea (IRE)","91.4300","36.6866","18.2308","12.5694","6.9247","5.8796","3.7552","1.8885","0.9712","1.2482","0.0000","30.0000","1.5249","0.7112","0.0000","4.9386","216.7590","6.00","Handicap Chase","Bowen, James C","Bowen, Mickey","11","0","7","3m4.5f ","5yo+","56950","1",,
"2026-02-14","3.15.","Haydock","5th","Git Maker (FR)","51.9620","27.5533","15.9562","11.0982","3.4109","6.0739","4.2789","1.9998","2.2342","2.2545","0.0000","75.4044","2.3679","2.0240","0.0000","7.9576","214.5759","12.00","Handicap Chase","Sheehan, Gavin","Snowden, Jamie","11","5","10","3m4.5f ","5yo+","56950","1",,
"2026-02-14","3.15.","Haydock","4th","Deafening Silence (IRE)","98.0091","40.2073","13.5342","13.4016","6.0701","2.6882","2.8969","3.8551","1.9691","1.4875","0.0000","0.0000","2.3908","1.8600","0.0000","4.2429","192.6129","7.00","Handicap Chase","Skelton, Harry","Skelton, Daniel","11","4","9","3m4.5f ","5yo+","56950","1",,
"2026-02-14","3.15.","Haydock","8th","Richmond Lake (IRE)","89.9450","36.0015","17.3150","8.4221","5.5356","5.4447","3.9731","2.3638","1.9335","1.7235","0.0000","0.0000","1.5870","0.8446","0.0000","5.2635","180.3530","12.00","Handicap Chase","Hughes, Brian","McCain Jnr, D","11","8","10","3m4.5f ","5yo+","56950","1",,
"2026-02-14","3.15.","Haydock","PU","Myretown (IRE)","73.1600","27.7225","26.5530","10.9237","3.8758","5.9160","2.7098","2.6225","1.1136","1.6739","0.0000","0.0000","1.4116","1.2230","0.0000","3.4270","162.3325","3.00","Handicap Chase","Fox, Derek R","Russell, Lucinda / Scudamore, M","11","0","9","3m4.5f ","5yo+","56950","1",,
"2026-02-14","3.15.","Haydock","2nd","Top Of The Bill (IRE)","53.1618","47.3634","23.3450","5.8556","3.7763","6.0900","2.2910","2.9640","2.1960","1.6509","0.0000","0.0000","1.8699","1.4472","0.0000","4.8752","156.8864","22.00","Handicap Chase","McCain-Mitchell, Toby","Twiston-Davies, N A","11","2","10","3m4.5f ","5yo+","56950","1",,
"2026-02-14","3.15.","Haydock","1st","Grand Geste (IRE)","57.3500","44.8704","18.0144","11.8573","4.1000","3.1920","3.0636","2.0229","1.7137","0.7889","0.0000","0.0000","1.8352","0.7365","0.0000","5.5075","155.0523","6.50","Handicap Chase","McMenamin, Daniel","Smith, Mrs S J / Parkinson, J","11","1","7","3m4.5f ","5yo+","56950","1",,
"2026-02-14","3.15.","Haydock","6th","Grand Albert (IRE)","68.8165","26.0280","9.0490","10.6650","5.4560","5.0190","4.4060","2.0351","1.1681","1.1454","0.0000","0.0000","1.9644","0.7754","0.0000","4.5500","141.0779","8.50","Handicap Chase","Bowen, Sean P","McCain Jnr, D","11","6","8","3m4.5f ","5yo+","56950","1",,
"2026-02-14","3.23.","Wincanton","PU","Jack Black (FR)","70.8200","20.6096","12.8515","4.9131","5.8707","4.2656","2.4796","0.0000","0.0000","0.0000","5.0590","68.1409","0.5108","1.5818","0.0000","2.6428","199.7454","3.33","Handicap Chase","Todd, C J","Skelton, Daniel","7","0","7","2m ","5yo+","5413","4",,
"2026-02-14","3.23.","Wincanton","1st","Royal Mer (FR)","47.4350","35.7250","17.6284","9.2718","6.5920","3.8152","2.9879","1.5657","1.0778","1.0721","0.0000","59.9863","1.3668","1.3747","0.0000","5.8747","195.7733","3.00","Handicap Chase","Corcoran, Rian","Pipe, D E","7","1","8","2m ","5yo+","5413","4",,
"2026-02-14","3.23.","Wincanton","5th","Begin The Luck (IRE)","52.8950","24.9368","20.6005","8.2304","6.1547","4.5965","2.1071","1.3126","1.7842","1.0148","0.0000","55.9082","1.0498","0.8148","0.0000","4.9862","186.3916","6.50","Handicap Chase","David, Robbie","Hitchins, Daisy","7","5","10","2m ","5yo+","5413","4",,
"2026-02-14","3.23.","Wincanton","2nd","Raffles Hermes (FR)","50.7900","16.8966","0.0000","0.0000","0.0000","0.0000","0.0000","0.0000","0.0000","0.0000","32.6851","65.5100","1.2369","0.8552","0.0000","0.8000","168.7738","6.50","Handicap Chase","Kimber, Harry","Walford, Robert","7","2","6","2m ","5yo+","5413","4",,
"2026-02-14","3.23.","Wincanton","3rd","Wewillgowithplanb (IRE)","37.5600","19.5435","9.6456","8.6624","3.8314","2.8140","3.0401","1.1814","1.9822","1.5280","0.0000","61.3542","0.2497","0.6651","0.0000","3.4695","155.5272","22.00","Handicap Chase","Ring, C V","Williams, Evan","7","3","9","2m ","5yo+","5413","4",,
"2026-02-14","3.23.","Wincanton","PU","Joe Cotton (IRE)","44.1800","35.4161","15.3492","7.5341","7.2882","5.0660","5.6376","2.1436","1.6438","1.0646","0.0000","0.0000","0.9180","1.3994","0.0000","1.7429","129.3836","3.00","Handicap Chase","Carver, Bryan","Scott, J","7","0","8","2m ","5yo+","5413","4",,
"2026-02-14","3.23.","Wincanton","4th","Better Off Alone (IRE)","46.2062","17.5266","9.9690","7.1784","2.9429","3.2147","0.0000","0.0000","0.0000","0.0000","6.4666","0.0000","0.4370","0.5683","0.0000","1.0334","95.5431","8.00","Handicap Chase","Best, J A","Keighley, M","7","4","7","2m ","5yo+","5413","4",,
"2026-02-14","3.35.","Ascot","1st","Jonbon (FR)","138.4020","43.8574","23.4606","15.9247","12.7148","8.1137","6.2236","4.1907","2.9626","3.1252","0.0000","89.6073","2.4019","2.3498","0.0000","10.4540","363.7883","0.44","Chase","Boinville, Nico","Henderson, N J","6","1","10","2m5f ","5yo+","99662","1","G1",
"2026-02-14","3.35.","Ascot","4th","Edwardstone","125.0051","41.2260","16.1883","12.2713","4.9114","4.6639","5.0826","2.3049","1.7522","2.2983","0.0000","90.7146","1.9279","1.0101","0.0000","2.8361","312.1928","11.00","Chase","Cannon, Tom J","King, A","6","4","12","2m5f ","5yo+","99662","1","G1",
"2026-02-14","3.35.","Ascot","2nd","Pic DOrhy (FR)","65.4860","42.1564","15.2787","19.0585","9.7787","4.2293","6.2103","2.9506","2.9626","3.1096","0.0000","84.5176","3.2622","2.7860","0.0000","10.8069","272.5933","2.50","Chase","Cobden, Harry","Nicholls, P F","6","2","11","2m5f ","5yo+","99662","1","G1",
"2026-02-14","3.35.","Ascot","3rd","Blow Your Wad (IRE)","78.1669","43.5406","19.6551","9.6260","4.8933","7.6322","2.8861","3.0690","1.5300","2.1928","0.0000","77.8230","0.4305","0.7658","0.0000","3.0777","255.2890","33.00","Chase","Mitchell, Freddie","Moore, Gary and Josh","6","3","8","2m5f ","5yo+","99662","1","G1",
"2026-02-14","3.35.","Ascot","PU","Classic Maestro (IRE)","89.1950","25.2045","14.6106","6.3484","7.5150","3.4343","3.4478","2.9611","2.0588","2.0295","0.0000","58.1668","1.6012","1.3592","0.0000","3.5052","221.4374","125.00","Chase","Scott, Luke","Candlish, Jennie","6","0","8","2m5f ","5yo+","99662","1","G1",
"2026-02-14","3.35.","Ascot","5th","Heltenham (FR)","50.8550","25.1572","18.9142","9.8791","7.1880","3.6968","2.9982","3.8091","2.5092","1.6114","0.0000","73.2229","1.9368","1.6898","0.0000","3.1914","206.6591","50.00","Chase","Durrell, Tristan","Skelton, Daniel","6","5","9","2m5f ","5yo+","99662","1","G1",
"2026-02-14","3.40.","Gowran Park","1st","Impaire Et Passe (FR)","69.6808","57.5853","17.1029","15.2584","5.1678","7.9180","6.2370","2.3462","2.1386","2.3293","0.0000","85.3864","3.9907","2.4843","0.0000","8.3574","285.9831","0.44","Chase","Townend, P","Mullins, W P","4","1","8","2m3.5f ","5yo+","23894","0","G2",
"2026-02-14","3.40.","Gowran Park","2nd","Sa Fureur (IRE)","85.7950","36.6878","21.9562","7.1093","6.0715","3.0602","5.4855","3.2190","2.1727","1.6704","0.0000","70.1636","2.7395","1.7636","0.0000","3.8738","251.7680","4.00","Chase","Kennedy, J W","Elliott, Gordon","4","2","9","2m3.5f ","5yo+","23894","0","G2",
"2026-02-14","3.40.","Gowran Park","3rd","Classic Getaway (IRE)","53.2148","28.4020","18.2063","11.6905","11.8179","6.3192","3.7493","1.9725","1.0947","1.4753","0.0000","82.1330","1.1112","2.1046","0.0000","6.8439","230.1352","5.00","Chase","Mullins, D E","Mullins, W P","4","3","10","2m3.5f ","5yo+","23894","0","G2",
"2026-02-14","3.40.","Gowran Park","4th","Buddy One (IRE)","62.9330","25.1125","9.4724","13.6943","7.1377","5.7396","5.8138","1.9076","1.4370","1.2739","0.0000","79.7128","0.5434","0.4562","0.0000","2.7664","218.0006","20.00","Chase","Gilligan, Jack G","Gilligan, Paul John","4","4","9","2m3.5f ","5yo+","23894","0","G2",
"2026-02-14","3.45.","Lingfield","6th","Uncle Nader","63.0000","23.9962","8.6056","5.4960","4.1665","0.0000","0.0000","0.0000","0.0000","0.0000","10.9945","50.8717","1.7334","1.1677","0.0000","10.1500","180.1816","3.00","Handicap","Crouch, Hector","Jones, Jack","7","6","3","1m ","3yo","3768","6",,
"2026-02-14","3.45.","Lingfield","3rd","Corniche Girl (IRE)","60.9850","18.0559","12.2702","7.8336","4.4253","3.5605","3.6504","1.1921","1.3453","1.2357","0.0000","55.2824","1.2831","1.0434","0.0000","1.1831","173.3460","20.00","Handicap","Levey, S M","Hannon (Jnr), Richard","7","3","3","1m ","3yo","3768","6",,
"2026-02-14","3.45.","Lingfield","2nd","Aneirins Sword (IRE)","53.5950","24.2550","15.9505","5.7163","3.8358","2.6094","0.0000","0.0000","0.0000","0.0000","7.4768","49.2149","1.8712","1.0084","0.0000","4.0501","169.5835","3.50","Handicap","Hornby, Rob","Osborne, J A","7","2","3","1m ","3yo","3768","6",,
"2026-02-14","3.45.","Lingfield","1st","Ebn Sabt","47.7000","23.8241","11.4355","7.0624","4.0051","2.7311","0.0000","0.0000","0.0000","0.0000","7.1375","55.2202","1.4795","0.7453","0.0000","0.5334","161.8741","5.00","Handicap","Edmunds, Lewis","Muir, W R & Grassick, C","7","1","3","1m ","3yo","3768","6",,
"2026-02-14","3.45.","Lingfield","4th","Whos On First","63.4000","16.7342","8.3016","5.8017","4.1327","3.4223","0.0000","0.0000","0.0000","0.0000","6.8421","44.5925","0.8505","1.1161","0.0000","3.1669","158.3607","1.50","Handicap","Dace, Jack","Williams, S C","7","4","3","1m ","3yo","3768","6",,
"2026-02-14","3.45.","Lingfield","5th","Prancy Peer","40.4900","18.5827","11.7601","4.4314","3.6759","0.0000","0.0000","0.0000","0.0000","0.0000","9.3661","58.2533","0.5478","1.1323","0.0000","0.1000","148.3395","22.00","Handicap","Egan, David","Sangster, Ollie","7","5","3","1m ","3yo","3768","6",,
"2026-02-14","3.45.","Lingfield","7th","Angry Ant (USA)","30.2720","24.0810","12.2625","4.7846","0.0000","0.0000","0.0000","0.0000","0.0000","0.0000","14.0023","53.2190","0.9681","0.8417","0.0000","0.3000","140.7311","28.00","Handicap","Greatrex, Edward","Osborne, J A","7","7","3","1m ","3yo","3768","6",,
"2026-02-14","3.50.","Haydock","1st","Champagne Chic (IRE)","98.1000","38.0263","13.9680","5.6584","3.4828","5.7841","2.6823","0.0000","0.0000","0.0000","6.1148","70.1119","1.8353","1.3907","0.0000","3.8857","251.0403","4.50","Handicap Hurdle","Skelton, Harry","Scott, J","13","1","6","3m.5f ","5yo+","13615","2",,
"2026-02-14","3.50.","Haydock","7th","Go To War (IRE)","103.3000","21.4596","11.3504","6.3171","7.8117","2.8282","3.5008","2.6819","2.0203","1.5948","0.0000","77.2700","1.4815","1.8809","0.0000","5.7155","249.2127","9.00","Handicap Hurdle","Hughes, Brian","Henderson, N J","13","7","8","3m.5f ","5yo+","13615","2",,
"2026-02-14","3.50.","Haydock","F","Chart Topper (FR)","52.5080","45.9918","21.9907","9.4266","9.8690","5.3995","3.5818","1.5793","1.3756","1.3442","0.0000","90.7100","0.8337","1.7266","0.0000","2.5500","248.8868","20.00","Handicap Hurdle","Hayes, Brian","Mullins, W P","13","0","7","3m.5f ","5yo+","13615","2",,
"2026-02-14","3.50.","Haydock","6th","Doughmore Bay (IRE)","95.3500","22.7142","14.4072","5.7906","7.1801","4.8842","3.4248","2.5474","2.0359","0.0000","1.8785","78.3112","1.8850","1.2242","0.0000","5.2763","246.9096","8.50","Handicap Hurdle","Sheehan, Gavin","Lavelle, Miss E C","13","6","8","3m.5f ","5yo+","13615","2",,
"2026-02-14","3.50.","Haydock","PU","Off The Jury (IRE)","78.2683","39.1970","15.6101","15.1266","4.7000","4.8798","3.0960","1.8006","1.1674","1.0605","0.0000","77.4600","1.2249","0.5112","0.0000","2.6546","246.7569","8.00","Handicap Hurdle","Bowen, James C","Bowen, Mickey","13","0","7","3m.5f ","5yo+","13615","2",,
"2026-02-14","3.50.","Haydock","PU","Gwennie May Star (FR)","86.8000","26.7376","20.5470","5.2091","4.2678","3.3205","4.7342","1.7449","1.7100","0.8422","0.0000","74.2713","3.2298","2.2768","0.0000","6.3078","241.9990","5.50","Handicap Hurdle","Bowen, Sean P","Murphy, Olly","13","0","6","3m.5f ","5yo+","13615","2",,
"2026-02-14","3.50.","Haydock","PU","Stay Away Fay (IRE)","87.3300","20.3024","13.8030","7.7961","6.9927","3.3240","2.9768","2.0716","2.0149","2.9002","0.0000","74.9995","1.2953","2.4574","0.0000","4.6486","232.9124","9.00","Handicap Hurdle","Nicholls, Miss Olive","Nicholls, P F","13","0","9","3m.5f ","5yo+","13615","2",,
"2026-02-14","3.50.","Haydock","4th","Red Dirt Road (IRE)","61.1500","22.9635","22.2375","11.9812","4.1121","5.1931","3.4359","2.6820","1.8206","1.9914","0.0000","82.5600","2.2553","1.8863","0.0000","4.0000","228.2689","18.00","Handicap Hurdle","ONeill, Jonjo (Jr)","ONeill, Jonjo and AJ","13","4","9","3m.5f ","5yo+","13615","2",,
"2026-02-14","3.50.","Haydock","3rd","Found A Diamond (IRE)","62.9950","42.0201","11.6449","12.5154","7.4990","4.2717","2.5997","1.2976","0.8502","0.0000","1.7296","68.7793","0.5547","0.7185","0.0000","4.7555","222.2313","11.00","Handicap Hurdle","Markey, S R","OSullivan, Ross","13","3","6","3m.5f ","5yo+","13615","2",,
"2026-02-14","3.50.","Haydock","PU","Jupiter Des Mottes (FR)","45.1634","34.4113","14.8631","9.7533","5.1307","0.0000","0.0000","0.0000","0.0000","0.0000","14.2759","86.3400","2.4052","1.9953","0.0000","5.6667","220.0048","6.50","Handicap Hurdle","McMenamin, Daniel","Richards, N G","13","0","7","3m.5f ","5yo+","13615","2",,
"2026-02-14","3.50.","Haydock","5th","Thanksforthehelp (FR)","62.8100","29.0824","11.8644","14.9034","5.6505","4.3130","3.2797","1.3435","0.9912","1.1325","0.0000","74.1958","0.6074","1.2743","0.0000","7.0855","218.5336","25.00","Handicap Hurdle","McLernon, R P","Pipe, D E","13","5","9","3m.5f ","5yo+","13615","2",,
"2026-02-14","3.50.","Haydock","8th","Cave Court (IRE)","56.9872","36.1084","20.8770","6.6487","6.7350","5.1202","1.8576","1.8517","1.8270","0.8262","0.0000","52.1598","2.1411","0.7617","0.0000","3.0732","196.9748","50.00","Handicap Hurdle","McGill, Mr O","Kelly, Noel C","13","8","9","3m.5f ","5yo+","13615","2",,
"2026-02-14","3.50.","Haydock","2nd","Minella Emperor (IRE)","65.3512","27.1873","15.7440","5.4786","6.4211","2.3122","2.9720","2.5127","1.4519","0.0000","1.5971","0.0000","0.6454","1.0579","0.0000","3.0998","135.8312","6.00","Handicap Hurdle","Meyler, D","Mullins, Emmet","13","2","7","3m.5f ","5yo+","13615","2",,
"2026-02-14","4.00.","Wincanton","3rd","Saladins Son (IRE)","73.7121","36.6656","22.8040","12.3852","3.1613","5.3222","3.3198","2.4563","1.5374","0.9956","0.0000","73.5109","1.4611","1.7200","0.0000","11.9166","250.9680","1.50","Handicap Chase","Godfrey, Ben","Honeyball, A J","6","3","8","3m1.5f ","5yo+","5413","4",,
"2026-02-14","4.00.","Wincanton","2nd","Cooleenymore (IRE)","77.3000","26.2339","12.0150","4.9897","5.9366","2.5260","2.6918","2.2710","1.4924","1.6380","0.0000","65.0785","1.4869","1.0131","0.0000","7.8239","212.4968","3.50","Handicap Chase","Kimber, Harry","Walford, Robert","6","2","10","3m1.5f ","5yo+","5413","4",,
"2026-02-14","4.00.","Wincanton","1st","Camulus (IRE)","80.3760","26.3587","10.3484","4.9833","4.4494","2.4063","2.7064","1.1859","1.1139","1.5751","0.0000","58.7539","1.2074","0.8078","0.0000","3.4002","199.6728","2.50","Handicap Chase","Deutsch, Charlie","Williams, Miss Venetia","6","1","9","3m1.5f ","5yo+","5413","4",,
"2026-02-14","4.00.","Wincanton","PU","Concetto (FR)","72.0100","18.8694","14.0560","6.1719","4.5709","5.3136","1.8127","2.3566","0.9039","1.0773","0.0000","63.6152","0.4940","0.4232","0.0000","2.6139","194.2886","8.00","Handicap Chase","Dunne, R T","Allwood, S","6","0","9","3m1.5f ","5yo+","5413","4",,
"2026-02-14","4.00.","Wincanton","5th","Take Your Time (IRE)","45.9500","18.4905","8.5062","7.4749","7.3950","3.0620","2.1292","2.7030","1.9732","0.9665","0.0000","71.2325","1.3161","2.7055","0.0000","5.8885","179.7932","14.00","Handicap Chase","Twiston-Davies, Sam","Nicholls, P F","6","5","11","3m1.5f ","5yo+","5413","4",,
"2026-02-14","4.00.","Wincanton","4th","Supervisor (IRE)","46.2000","16.3866","14.0408","6.1731","4.8747","2.9411","2.7133","1.4774","1.9102","1.1063","0.0000","68.5688","0.3903","0.4987","0.0000","6.7131","173.9943","25.00","Handicap Chase","Dodd, Murray","Williams, Miss Venetia","6","4","12","3m1.5f ","5yo+","5413","4",,
"2026-02-14","4.10.","Ascot","18th","Heart Over Head (IRE)","90.4000","34.9659","13.9040","7.7005","4.1567","2.9411","1.7352","1.5055","0.0000","0.0000","3.1496","66.5675","1.2297","1.3987","0.0000","2.8500","232.5043","6.00","Handicap Hurdle","Burke, Jonathan","OBrien, Fergal","18","18","7","2m7.5f ","4yo+","10157","3",,
"2026-02-14","4.10.","Ascot","7th","Loup De Maulde (FR)","68.1000","30.3750","14.9556","9.9167","5.2475","3.3535","4.2165","2.3595","1.9035","1.9642","0.0000","75.2458","0.8689","0.9171","0.0000","6.4499","225.8738","33.00","Handicap Hurdle","Price, Charlie","Llewellyn, Robert","18","7","9","2m7.5f ","4yo+","10157","3",,
"2026-02-14","4.10.","Ascot","10th","Top Guy (IRE)","71.7700","37.4913","16.4020","5.1582","3.2923","2.5207","1.8976","1.6719","0.0000","0.0000","2.9470","72.8473","2.6868","1.5734","0.0000","3.2750","223.5333","6.00","Handicap Hurdle","Durrell, Tristan","Skelton, Daniel","18","10","6","2m7.5f ","4yo+","10157","3",,
"2026-02-14","4.10.","Ascot","14th","Crazierthandaisy","71.0300","20.6550","23.0880","9.7162","6.4715","5.1305","3.1691","1.8393","1.5325","1.3010","0.0000","69.2887","1.9852","1.9190","0.0000","4.1000","221.2261","6.00","Handicap Hurdle","Boinville, Nico","Henderson, N J","18","14","7","2m7.5f ","4yo+","10157","3",,
"2026-02-14","4.10.","Ascot","16th","Hung Jury (IRE)","50.3620","35.8989","24.0180","9.9518","3.8575","6.3615","2.4303","2.0702","0.0000","0.0000","3.7718","73.5618","0.9030","0.7683","0.0000","2.1000","216.0551","25.00","Handicap Hurdle","Keighley, Freddie","Keighley, M","18","16","11","2m7.5f ","4yo+","10157","3",,
"2026-02-14","4.10.","Ascot","2nd","Diamatiste (IRE)","73.7470","31.0709","16.8268","10.8426","3.4660","4.4200","2.6321","1.1415","1.6787","1.1050","0.0000","63.8009","0.6804","1.3196","0.0000","2.4746","215.2062","11.00","Handicap Hurdle","Newman, Mr Joshua","Woollacott, Mrs Kayley","18","2","7","2m7.5f ","4yo+","10157","3",,
"2026-02-14","4.10.","Ascot","1st","Walden (FR)","56.1630","39.5136","20.3108","5.2430","4.9282","3.5369","1.8488","1.3399","1.1150","0.9107","0.0000","66.6636","0.9309","1.0411","0.0000","3.0857","206.6314","14.00","Handicap Hurdle","Sheppard, Stan","Lacey, T","18","1","6","2m7.5f ","4yo+","10157","3",,
"2026-02-14","4.10.","Ascot","15th","Solar System (FR)","56.8100","18.6686","16.2648","10.1363","6.5850","4.0956","3.7440","1.9988","1.3851","1.7145","0.0000","70.9985","2.9098","1.2931","0.0000","3.6618","200.2658","5.50","Handicap Hurdle","Cobden, Harry","Hobbs, P J / White, J","18","15","7","2m7.5f ","4yo+","10157","3",,
"2026-02-14","4.10.","Ascot","17th","Operation Manna","48.4500","33.8881","10.2219","7.5853","3.7848","5.8320","4.2210","2.8530","1.3199","1.0478","0.0000","73.1389","1.0884","1.1554","0.0000","4.5999","199.1863","33.00","Handicap Hurdle","Iles, Cameron","Lacey, T","18","17","10","2m7.5f ","4yo+","10157","3",,
"2026-02-14","4.10.","Ascot","8th","Sea Invasion (IRE)","58.4011","17.4909","20.6540","12.5232","6.2860","3.1920","1.8005","2.1187","1.2697","1.8627","0.0000","68.3644","0.8248","1.4751","0.0000","2.7334","198.9964","33.00","Handicap Hurdle","Dingle, Rex","Honeyball, A J","18","8","8","2m7.5f ","4yo+","10157","3",,
"2026-02-14","4.10.","Ascot","13th","Yellow Star (FR)","43.9262","39.4254","11.2548","7.5540","5.8256","3.2671","3.2955","1.7540","1.7295","1.8388","0.0000","73.6418","1.5798","0.9087","0.0000","1.3889","197.3902","12.00","Handicap Hurdle","Quinn, Caoilin","Moore, Gary and Josh","18","13","6","2m7.5f ","4yo+","10157","3",,
"2026-02-14","4.10.","Ascot","11th","Stratton Oakmont (IRE)","44.3438","37.7784","12.6438","8.9667","3.4038","2.5640","2.8850","2.6280","1.5332","1.8027","0.0000","67.2357","1.8666","1.3487","0.0000","6.2000","195.2001","14.00","Handicap Hurdle","Jones, Ben R","Woollacott, Mrs Kayley","18","11","10","2m7.5f ","4yo+","10157","3",,
"2026-02-14","4.10.","Ascot","9th","High Treason","71.8050","20.0598","12.1476","6.2836","4.2628","2.4454","2.4790","2.6580","1.5693","2.0047","0.0000","51.8331","0.9854","1.2226","0.0000","2.0859","181.8422","18.00","Handicap Hurdle","Bellamy, Tom","Twiston-Davies, N A","18","9","7","2m7.5f ","4yo+","10157","3",,
"2026-02-14","4.10.","Ascot","6th","Striking A Pose (IRE)","41.6020","19.4409","17.3468","5.5968","6.2980","2.9466","4.9404","2.1463","1.6481","1.9134","0.0000","67.1380","1.1644","1.5574","0.0000","4.4609","178.1999","50.00","Handicap Hurdle","Tudor, Jack","Tizzard, Joe","18","6","10","2m7.5f ","4yo+","10157","3",,
"2026-02-14","4.10.","Ascot","3rd","Oh My Johnny (IRE)","48.0000","28.2154","10.3056","6.9481","6.6900","2.3382","3.4749","1.4898","1.3569","0.0000","1.4492","59.4500","0.4482","1.2296","0.0000","4.0109","175.4069","22.00","Handicap Hurdle","Houlihan, Sean M","Hobbs, P J / White, J","18","3","6","2m7.5f ","4yo+","10157","3",,
"2026-02-14","4.10.","Ascot","4th","Kalium (FR)","69.1920","41.0850","10.1506","10.1351","7.1057","4.2382","3.0740","0.0000","0.0000","0.0000","6.3418","0.0000","1.1050","0.9178","0.0000","4.2856","157.6309","5.00","Handicap Hurdle","Vaughan, Mr Edward","Vaughan, Tim","18","4","6","2m7.5f ","4yo+","10157","3",,
"2026-02-14","4.10.","Ascot","5th","Confinentic (FR)","62.5500","18.7442","16.7250","9.6183","4.0238","2.3157","0.0000","0.0000","0.0000","0.0000","8.1176","0.0000","1.8678","1.1476","0.0000","3.6331","128.7431","16.00","Handicap Hurdle","Gordon, Fred","Gordon, C","18","5","6","2m7.5f ","4yo+","10157","3",,
"2026-02-14","4.10.","Ascot","12th","Il Va De Soi (FR)","44.1500","22.3006","16.5946","9.7989","3.2608","4.9077","3.6399","2.5890","1.9238","1.6381","0.0000","0.0000","1.1005","2.0445","0.0000","2.0665","116.0148","50.00","Handicap Hurdle","Fox, Megan","Derham, Harry","18","12","8","2m7.5f ","4yo+","10157","3",,
"2026-02-14","4.15.","Gowran Park","5th","Champagne Jury (IRE)","98.8020","32.6298","11.5633","10.0747","5.1678","0.0000","0.0000","0.0000","0.0000","0.0000","16.1476","69.5300","1.4034","1.4777","0.0000","7.9333","254.7295","4.00","Beginners Chase","Donoghue, K M","Cromwell, Gavin Patrick","8","5","7","2m3.5f ","5yo+","6637","0",,
"2026-02-14","4.15.","Gowran Park","1st","King Alexander (IRE)","66.2504","29.1355","19.9186","9.8651","6.7891","5.4300","2.4496","2.3764","2.2455","1.2148","0.0000","68.8205","4.1018","2.0081","0.0000","3.9375","224.5429","0.44","Beginners Chase","Townend, P","Mullins, W P","8","1","8","2m3.5f ","5yo+","6637","0",,
"2026-02-14","4.15.","Gowran Park","3rd","Da Capo Glory (IRE)","57.7334","17.7363","12.9376","10.4438","5.2649","5.2863","4.4309","3.0390","1.3616","2.2141","0.0000","74.7573","2.3672","1.2476","0.0000","4.1667","202.9867","6.50","Beginners Chase","Allen, Mr D","Butler, Padraig","8","3","9","2m3.5f ","5yo+","6637","0",,
"2026-02-14","4.15.","Gowran Park","PU","Mr Escobar (IRE)","36.8668","34.7376","18.1994","5.9206","6.6528","4.7657","3.5828","2.4933","0.9200","1.3988","0.0000","58.6691","0.8612","1.9081","0.0000","1.3333","178.3095","14.00","Beginners Chase","Mullins, D E","Mullins, W P","8","0","8","2m3.5f ","5yo+","6637","0",,
"2026-02-14","4.15.","Gowran Park","4th","Ballybow (IRE)","39.5366","23.4990","8.9870","10.0170","9.2367","4.7282","3.5779","1.2911","1.5055","0.0000","1.6268","42.0000","0.8377","1.8337","0.0000","3.0553","151.7326","8.50","Beginners Chase","Gilligan, D J","Elliott, Gordon","8","4","7","2m3.5f ","5yo+","6637","0",,
"2026-02-14","4.15.","Gowran Park","2nd","Yoradreamer","36.2419","20.4527","10.1071","11.0755","4.7711","5.0344","3.4487","2.0745","0.7163","0.0000","1.4661","40.0182","0.5157","1.9525","0.0000","1.3650","139.2399","40.00","Beginners Chase","OKeeffe, Sean F","Mullins, W P","8","2","7","2m3.5f ","5yo+","6637","0",,
"2026-02-14","4.15.","Gowran Park","7th","Mistyburn (IRE)","38.7465","16.6398","9.1975","6.4536","3.5462","2.8034","1.9160","1.4759","1.2357","0.0000","1.1202","29.5548","0.5919","0.4757","0.0000","0.0000","113.7573","250.00","Beginners Chase","Roche, T P","Rothwell, P J","8","7","6","2m3.5f ","5yo+","6637","0",,
"2026-02-14","4.15.","Gowran Park","6th","Lamiral Fromentin (FR)","34.7014","0.0000","0.0000","0.0000","0.0000","0.0000","0.0000","0.0000","0.0000","0.0000","41.2947","22.2600","0.0799","0.4757","0.0000","0.4000","99.2117","250.00","Beginners Chase","Robinson, D","Rothwell, P J","8","6","5","2m3.5f ","5yo+","6637","0",,
"2026-02-14","4.20.","Lingfield","1st","Combustion","63.4920","23.2231","12.8920","8.9976","5.9304","3.7945","2.8457","0.9072","0.5562","0.8170","0.0000","61.7776","1.2696","1.6000","0.0000","13.2429","201.3457","0.73","Handicap","Haynes, Joey","Banham, Chelsea","7","1","5","6f ","4yo+","4397","5",,
"2026-02-14","4.20.","Lingfield","4th","Mart","58.8850","19.5052","12.9810","5.6576","5.5480","2.7951","3.4765","1.7102","1.1104","1.0235","0.0000","66.6940","1.0814","0.8364","0.0000","4.5830","185.8875","3.00","Handicap","Levey, S M","Cunha, Dylan","7","4","5","6f ","4yo+","4397","5",,
"2026-02-14","4.20.","Lingfield","2nd","All Too Beautiful","35.8600","32.7006","15.9940","9.3348","4.8283","2.0610","2.7641","2.4066","1.4991","1.2951","0.0000","56.3478","1.6099","0.6608","0.0000","7.8148","175.1767","7.00","Handicap","Mitchell, Jack","Teal, R A","7","2","4","6f ","4yo+","4397","5",,
"2026-02-14","4.20.","Lingfield","7th","Due Date","35.9420","28.1988","15.5570","9.3624","3.5576","3.5852","3.6405","1.8409","0.9368","1.0262","0.0000","59.1581","1.0808","0.7547","0.0000","3.7618","168.4028","40.00","Handicap","Hornby, Rob","Wallis, Charlie","7","7","6","6f ","4yo+","4397","5",,
"2026-02-14","4.20.","Lingfield","3rd","Diamond Dreamer","50.5667","18.0462","11.8112","4.8415","4.4077","2.8906","3.1381","2.8334","1.0824","1.2451","0.0000","61.4378","0.8798","0.5179","0.0000","4.6942","168.3926","11.00","Handicap","Muscutt, D","Chamings, P R","7","3","6","6f ","4yo+","4397","5",,
"2026-02-14","4.20.","Lingfield","5th","Ottawa","43.4500","15.1650","15.8960","4.1454","3.8182","4.1657","3.2020","1.3054","1.1048","1.6132","0.0000","56.5797","1.6222","0.5156","0.0000","2.6706","155.2539","12.00","Handicap","Fallon, Cieren","Parr, Joseph","7","5","4","6f ","4yo+","4397","5",,
"2026-02-14","4.20.","Lingfield","6th","Stapleford Park","44.2300","15.9638","7.7437","5.0016","4.6763","2.9747","3.4740","1.6952","1.5396","1.2719","0.0000","57.6163","1.0910","0.6317","0.0000","1.7277","149.6375","50.00","Handicap","Leavy, Joe","Attwater, M J","7","6","4","6f ","4yo+","4397","5",,
"2026-02-14","4.25.","Newcastle","2nd","Forest Caper","59.3200","22.8420","16.1850","7.6428","3.9170","4.4767","3.7262","2.1399","1.7423","1.5513","0.0000","69.2909","1.1240","0.9949","0.0000","1.5569","196.5098","3.00","Handicap","Hart, Jason","OMeara, D","9","2","5","1m2f ","4yo+","4397","5",,
"2026-02-14","4.25.","Newcastle","4th","Mao Shang Wong (IRE)","59.7750","18.6862","16.4303","7.1370","2.9285","0.0000","0.0000","0.0000","0.0000","0.0000","11.7065","64.7587","0.4594","0.9949","0.0000","1.1333","184.0098","5.00","Handicap","Winn, Mark","OMeara, D","9","4","4","1m2f ","4yo+","4397","5",,
"2026-02-14","4.25.","Newcastle","5th","Prince Achille","56.9650","25.1299","13.4926","9.3366","3.3447","2.1640","2.1018","1.3484","1.0704","1.0439","0.0000","57.1243","0.8721","0.9169","0.0000","4.9526","179.8633","5.50","Handicap","Garritty, Jack","OKeeffe, Jedd","9","5","7","1m2f ","4yo+","4397","5",,
"2026-02-14","4.25.","Newcastle","6th","Golspie (IRE)","47.5450","23.7038","15.4397","6.8910","7.2074","3.3485","2.5385","2.2296","1.3709","1.6069","0.0000","62.3349","1.0982","0.7459","0.0000","3.0641","179.1245","5.50","Handicap","Nolan, D","Morris, Patrick","9","6","6","1m2f ","4yo+","4397","5",,
"2026-02-14","4.25.","Newcastle","1st","Bearwith","54.4750","22.4368","9.9895","8.6684","4.2227","2.8578","1.8137","2.8494","1.3581","1.5143","0.0000","60.4013","1.0216","0.8584","0.0000","4.7106","177.1775","7.00","Handicap","Brookes, Aiden","Bethell, Harriet","9","1","8","1m2f ","4yo+","4397","5",,
"2026-02-14","4.25.","Newcastle","7th","Star Cast","53.5800","28.6128","6.4501","4.0445","5.0690","3.2099","2.1870","2.1240","1.1154","1.0048","0.0000","56.7387","1.3561","0.8476","0.0000","4.9034","171.2432","12.00","Handicap","Fraser, Kaiya","Tutty, Gemma","9","7","4","1m2f ","4yo+","4397","5",,
"2026-02-14","4.25.","Newcastle","8th","Up The Jazz (IRE)","35.7864","24.8897","11.4208","8.2046","4.1504","4.7054","2.7876","1.5454","0.9068","1.0039","0.0000","67.7164","0.9515","1.0980","0.0000","2.2507","167.4177","10.00","Handicap","Tindall, Ethan","Fahey, R A","9","8","5","1m2f ","4yo+","4397","5",,
"2026-02-14","4.25.","Newcastle","3rd","Jack Sparowe (IRE)","41.9550","13.9824","15.0222","8.5160","3.7280","3.2440","2.5236","1.2790","1.2246","1.3262","0.0000","57.5109","1.0070","0.6457","0.0000","2.5499","154.5144","9.00","Handicap","Morris, Luke","Butler, John","9","3","7","1m2f ","4yo+","4397","5",,
"2026-02-14","4.25.","Newcastle","9th","Lieutenant Lily","30.9869","18.1720","8.8174","7.4902","7.5266","3.3388","2.4692","0.0000","0.0000","0.0000","4.4961","56.0783","0.9519","1.4770","0.0000","2.5714","144.3757","28.00","Handicap","Mullen, Andrew","Haslam, B M R","9","9","4","1m2f ","4yo+","4397","5",,
"2026-02-14","4.30.","Haydock","3rd","Shearer (IRE)","81.6894","33.7315","17.1146","11.4300","7.5825","3.9385","2.8724","1.7644","2.3965","2.1980","0.0000","71.3878","1.2871","2.6351","0.0000","3.9057","243.9336","0.80","Hunters Chase","Andrews, Gina","Nicholls, P F","6","3","10","2m6.5f ","5yo+","7700","3",,
"2026-02-14","4.30.","Haydock","1st","Unexpected Party (FR)","79.7236","22.4919","19.2235","9.2952","6.6721","7.8763","3.7425","1.9418","1.7070","1.3407","0.0000","72.4543","1.6772","1.7267","0.0000","1.8580","231.7309","3.00","Hunters Chase","Palin, Miss H","Skelton, Daniel","6","1","11","2m6.5f ","5yo+","7700","3",,
"2026-02-14","4.30.","Haydock","4th","Good Boy Bobby (IRE)","71.8774","18.1800","15.1750","9.3397","3.6804","5.0747","2.8208","1.7123","1.8920","1.2436","0.0000","76.3579","0.2039","1.4346","0.0000","3.9688","212.9611","8.00","Hunters Chase","Jackson-Fennell, Miss A","Twiston-Davies, N A","6","4","13","2m6.5f ","5yo+","7700","3",,
"2026-02-14","4.30.","Haydock","2nd","Take All (IRE)","61.4316","34.9646","11.5496","11.8651","5.6706","3.6393","2.9979","1.3818","1.1852","1.1052","0.0000","55.1531","0.4667","0.2381","0.0000","2.4619","194.1108","5.50","Hunters Chase","Scott, Mr Samuel","Osborne, M","6","2","11","2m6.5f ","5yo+","7700","3",,
"2026-02-14","4.30.","Haydock","5th","Settle Down Jill (IRE)","41.4080","25.1913","15.9462","8.4466","5.2199","7.3257","3.5500","1.5479","1.6678","1.5552","0.0000","77.3600","0.3444","0.0000","0.0000","2.5081","192.0711","66.00","Hunters Chase","Barlow, Patrick","Sanderson, Norman","6","5","6","2m6.5f ","5yo+","7700","3",,
"2026-02-14","4.30.","Haydock","PU","Lift Me Up (IRE)","57.7374","24.4526","16.8150","6.6096","3.3912","4.7508","0.0000","0.0000","0.0000","0.0000","8.4453","60.6545","0.0714","0.5833","0.0000","3.6332","187.1444","20.00","Hunters Chase","McIntyre, Mr M J","Filby, Miss M","6","0","10","2m6.5f ","5yo+","7700","3",,
"2026-02-14","4.37.","Wincanton","3rd","Seatoit (IRE)","62.7850","18.5188","18.5110","4.8960","4.4816","4.0893","2.1829","1.8659","1.2743","0.0000","1.4402","71.4855","2.2500","0.9424","0.0000","0.5444","195.2673","2.25","Handicap Novices Hurdle","Aswat, Aamilah","Bailey, K C","6","3","7","3m1.5f ","4yo+","4489","4",,
"2026-02-14","4.37.","Wincanton","1st","Call Me Legend (IRE)","86.9200","32.4050","15.2344","8.3827","6.7751","5.6324","0.0000","0.0000","0.0000","0.0000","11.0376","0.0000","0.5546","1.4020","0.0000","3.1665","171.5103","1.50","Handicap Novices Hurdle","Stenhouse, Jack","Hobbs, P J / White, J","6","1","6","3m1.5f ","4yo+","4489","4",,
"2026-02-14","4.37.","Wincanton","4th","Bredon Hill Dart","43.8680","24.0912","8.6367","10.0434","3.0822","4.4061","1.7626","1.2606","0.8608","1.0346","0.0000","56.3600","0.2564","0.5144","0.0000","3.4001","159.5771","7.00","Handicap Novices Hurdle","Worsley, Tabitha","Gardner, Mrs S","6","4","7","3m1.5f ","4yo+","4489","4",,
"2026-02-14","4.37.","Wincanton","PU","Annie Express (IRE)","38.4400","35.0550","8.4091","7.4291","3.0075","2.9800","2.7690","1.1817","0.0000","0.0000","2.5689","52.6713","0.4325","1.1223","0.0000","2.2917","158.3582","16.00","Handicap Novices Hurdle","Harrison, Liam","Llewellyn, Robert","6","0","8","3m1.5f ","4yo+","4489","4",,
"2026-02-14","4.37.","Wincanton","2nd","Crossgales King (IRE)","58.1570","26.7185","10.9678","5.5382","6.4609","4.4848","2.5946","0.0000","0.0000","0.0000","5.1748","0.0000","0.3978","0.5843","0.0000","0.4000","121.4787","6.00","Handicap Novices Hurdle","Hanlon, Paddy","Hosie, Syd","6","2","6","3m1.5f ","4yo+","4489","4",,
"2026-02-14","4.37.","Wincanton","PU","Badentaggart (IRE)","54.1400","17.8947","10.1103","5.7260","2.0004","1.9901","1.5098","0.0000","0.0000","0.0000","3.4652","0.0000","1.1565","1.2994","0.0000","2.3000","101.5925","9.00","Handicap Novices Hurdle","OBrien, P V","Scott, J","6","0","7","3m1.5f ","4yo+","4489","4",,
"2026-02-14","4.45.","Ascot","2nd","One Dimensional","80.3827","0.0000","0.0000","0.0000","0.0000","0.0000","0.0000","0.0000","0.0000","0.0000","95.6555","86.5200","0.6792","0.4975","0.0000","0.0000","263.7349","5.00","NH Flat","Bass, David","Comley, Max","9","2","6","1m7.5f ","4-6yo","8986","2",,
"2026-02-14","4.45.","Ascot","9th","Grizzled Squirrel","60.0357","18.1485","0.0000","0.0000","0.0000","0.0000","0.0000","0.0000","0.0000","0.0000","37.1353","79.3100","1.3798","0.7658","0.0000","1.0000","197.7750","6.00","NH Flat","Quinn, Caoilin","Moore, Gary and Josh","9","9","5","1m7.5f ","4-6yo","8986","2",,
"2026-02-14","4.45.","Ascot","4th","Queen Marcia","32.2516","0.0000","0.0000","0.0000","0.0000","0.0000","0.0000","0.0000","0.0000","0.0000","38.3794","63.1400","0.9247","0.1506","0.0000","0.0000","134.8463","50.00","NH Flat","Burke, Jonathan","Jeffreys, D J","9","4","5","1m7.5f ","4-6yo","8986","2",,
"2026-02-14","4.45.","Ascot","6th","Burning Embers (IRE)","0.0000","0.0000","0.0000","0.0000","0.0000","0.0000","0.0000","0.0000","0.0000","0.0000","0.0000","0.0000","1.6868","1.4484","0.0000","0.0000","3.1352","4.50","NH Flat","Durrell, Tristan","Skelton, Daniel","9","6","5","1m7.5f ","4-6yo","8986","2",,
"2026-02-14","4.45.","Ascot","5th","Ms Des Fois (IRE)","0.0000","0.0000","0.0000","0.0000","0.0000","0.0000","0.0000","0.0000","0.0000","0.0000","0.0000","0.0000","0.6581","1.2529","0.0000","1.2000","3.1110","2.50","NH Flat","Dingle, Rex","Honeyball, A J","9","5","4","1m7.5f ","4-6yo","8986","2",,
"2026-02-14","4.45.","Ascot","1st","Martini Majesty","0.0000","0.0000","0.0000","0.0000","0.0000","0.0000","0.0000","0.0000","0.0000","0.0000","0.0000","0.0000","1.0604","0.7280","0.0000","1.2000","2.9884","8.50","NH Flat","Bellamy, Tom","King, A","9","1","4","1m7.5f ","4-6yo","8986","2",,
"2026-02-14","4.45.","Ascot","3rd","Galante De Vassy (FR)","0.0000","0.0000","0.0000","0.0000","0.0000","0.0000","0.0000","0.0000","0.0000","0.0000","0.0000","0.0000","0.4522","0.8270","0.0000","1.2000","2.4792","12.00","NH Flat","Fox, Ned","Symonds, Tom","9","3","4","1m7.5f ","4-6yo","8986","2",,
"2026-02-14","4.45.","Ascot","8th","Miss Roc On Sal (IRE)","0.0000","0.0000","0.0000","0.0000","0.0000","0.0000","0.0000","0.0000","0.0000","0.0000","0.0000","0.0000","0.3053","0.8270","0.0000","1.2000","2.3323","16.00","NH Flat","Poste, Ben J","Symonds, Tom","9","8","4","1m7.5f ","4-6yo","8986","2",,
"2026-02-14","4.45.","Ascot","7th","Harzandacassandra","0.0000","0.0000","0.0000","0.0000","0.0000","0.0000","0.0000","0.0000","0.0000","0.0000","0.0000","0.0000","1.2204","0.4764","0.0000","0.0000","1.6968","6.00","NH Flat","Woods, K K","Killahena, David / Mcpherson, Graeme","9","7","5","1m7.5f ","4-6yo","8986","2",,
"2026-02-14","4.50.","Gowran Park","3rd","Slanagaibhgoleir (IRE)","87.5120","25.0846","12.9490","7.3743","6.7336","3.1028","2.3272","2.4172","1.0399","1.3488","0.0000","59.8874","0.5107","1.6433","0.0000","2.6677","214.5986","5.50","Handicap Chase","Millar, Carl","Elliott, Gordon","9","3","8","2m3.5f ","5yo+","8496","0",,
"2026-02-14","4.50.","Gowran Park","6th","Happy Dreams (FR)","59.1100","35.6274","21.6032","11.4192","5.5227","2.3895","1.6498","1.5140","0.9603","0.8332","0.0000","61.1839","0.7261","0.3200","0.0000","4.7976","207.6569","7.50","Handicap Chase","OKeeffe, Sean F","McDonagh, Michael J","9","6","9","2m3.5f ","5yo+","8496","0",,
"2026-02-14","4.50.","Gowran Park","7th","Dont Go Yet (IRE)","51.4300","34.6455","20.7736","9.4558","9.8354","5.9198","3.8516","2.1903","1.6151","1.1835","0.0000","52.9770","0.1380","0.1644","0.0000","1.9631","196.1431","33.00","Handicap Chase","Walsh, E","Cawley, Edward","9","7","12","2m3.5f ","5yo+","8496","0",,
"2026-02-14","4.50.","Gowran Park","2nd","Beckett Rock (IRE)","46.2902","22.6910","7.4122","8.7748","9.0460","6.7671","2.3755","2.4443","1.1969","1.5100","0.0000","73.3562","0.8896","0.8835","0.0000","5.8857","189.5230","3.00","Handicap Chase","OKeeffe, Darragh","Bromhead, Henry De","9","2","7","2m3.5f ","5yo+","8496","0",,
"2026-02-14","4.50.","Gowran Park","1st","Mount Frisco (IRE)","61.4050","22.9163","10.7450","9.3253","6.3349","4.7282","2.6904","1.5327","0.9928","1.0201","0.0000","60.1647","0.7660","0.2605","0.0000","3.9831","186.8648","8.00","Handicap Chase","King, D","Ryan, John Patrick","9","1","7","2m3.5f ","5yo+","8496","0",,
"2026-02-14","4.50.","Gowran Park","4th","Klass Langy (FR)","57.8329","17.2173","0.0000","0.0000","0.0000","0.0000","0.0000","0.0000","0.0000","0.0000","35.5546","67.3500","1.0072","1.0822","0.0000","0.5000","180.5442","4.00","Handicap Chase","Slevin, J J","OBrien, Joseph Patrick","9","4","6","2m3.5f ","5yo+","8496","0",,
"2026-02-14","4.50.","Gowran Park","PU","Casey West (IRE)","52.1200","27.8959","18.1646","6.0786","3.9996","4.1387","2.2000","1.8379","1.4717","1.3327","0.0000","51.9180","0.7348","0.5666","0.0000","3.8475","176.3067","6.00","Handicap Chase","Roche, T P","Rothwell, P J","9","0","10","2m3.5f ","5yo+","8496","0",,
"2026-02-14","4.50.","Gowran Park","5th","Mighty Jeremy (IRE)","54.3272","20.8529","9.8512","5.4558","4.1788","2.5360","3.5640","1.7394","1.4874","1.0459","0.0000","55.7190","0.3355","0.2874","0.0000","5.8259","167.2065","8.50","Handicap Chase","Torrens, Simon","Foley, Patrick T","9","5","12","2m3.5f ","5yo+","8496","0",,
"2026-02-14","4.50.","Gowran Park","PU","Petit King (FR)","42.7736","31.5334","15.4138","5.8611","3.4612","2.6179","1.7594","1.2966","1.9367","1.3989","0.0000","44.4747","0.4248","0.1456","0.0000","6.0825","159.1803","12.00","Handicap Chase","Enright, P T","Cawley, Edward","9","0","10","2m3.5f ","5yo+","8496","0",,
"2026-02-14","4.55.","Newcastle","9th","Spartan Fighter","72.7000","25.1865","16.1000","9.4623","6.2084","4.3893","2.9345","1.8573","0.7210","1.0016","0.0000","62.7433","0.9547","1.0679","0.0000","4.0090","209.3358","6.00","Handicap","Hardie, Cameron","Brittain, Antony","10","9","9","6f ","4yo+","4711","6",,
"2026-02-14","4.55.","Newcastle","2nd","Pit Boss","63.9000","23.8072","11.9375","6.0497","4.2801","4.6270","2.3505","2.0736","1.5180","1.5447","0.0000","62.0967","0.8423","0.7269","0.0000","3.7016","189.4561","3.33","Handicap","Garritty, Billy","Bailey, Liam","10","2","4","6f ","4yo+","4711","6",,
"2026-02-14","4.55.","Newcastle","10th","Teardrops","51.9450","25.3103","15.9500","7.5895","6.2084","4.6637","2.6784","1.6778","0.8082","0.9095","0.0000","58.4633","1.1174","1.0315","0.0000","7.7818","186.1348","10.00","Handicap","Wood, George","Spencer, Richard","10","10","4","6f ","4yo+","4711","6",,
"2026-02-14","4.55.","Newcastle","1st","Yorkshire Glory (IRE)","49.7850","29.0700","10.8782","6.9489","6.1288","4.9118","2.8663","2.1841","1.4552","1.2023","0.0000","60.3973","1.2852","1.6199","0.0000","6.9045","185.6376","5.00","Handicap","Mullen, Andrew","Haslam, B M R","10","1","5","6f ","4yo+","4711","6",,
"2026-02-14","4.55.","Newcastle","3rd","Raft Up (IRE)","43.7893","23.5627","15.2518","9.3722","3.8342","4.3866","3.5436","2.0399","0.9887","1.6275","0.0000","66.0119","1.0959","0.8307","0.0000","6.3077","182.6429","6.50","Handicap","Scott, Rowan","Bethell, Harriet","10","3","5","6f ","4yo+","4711","6",,
"2026-02-14","4.55.","Newcastle","8th","Rajstar (IRE)","63.0000","15.8637","9.6727","7.0265","0.0000","0.0000","0.0000","0.0000","0.0000","0.0000","15.6219","57.7059","2.3144","1.8103","0.0000","9.0165","182.0318","7.00","Handicap","Hart, Jason","Haslam, B M R","10","8","4","6f ","4yo+","4711","6",,
"2026-02-14","4.55.","Newcastle","5th","Mayo County","50.8250","23.4970","7.4046","4.6898","5.7069","2.7097","3.5935","2.5934","1.5620","1.7303","0.0000","62.2578","0.4610","0.7394","0.0000","4.0702","171.8404","7.00","Handicap","Marshall, Tom Kiely","Camacho, Miss J A","10","5","5","6f ","4yo+","4711","6",,
"2026-02-14","4.55.","Newcastle","7th","Pickersgill (IRE)","51.8000","17.4989","9.3571","7.7605","3.0360","6.6465","3.6391","1.9819","0.9350","1.2209","0.0000","60.2572","0.8553","0.5248","0.0000","2.5000","168.0132","9.00","Handicap","Nolan, D","Jardine, I","10","7","4","6f ","4yo+","4711","6",,
"2026-02-14","4.55.","Newcastle","4th","Andalprofit (IRE)","36.7776","26.9946","7.4248","4.2924","2.8458","2.7574","2.2052","1.4578","1.4837","1.6381","0.0000","61.4716","0.8224","0.7599","0.0000","4.9750","155.9063","22.00","Handicap","Jary, Alex","Tinkler, N","10","4","4","6f ","4yo+","4711","6",,
"2026-02-14","4.55.","Newcastle","6th","Mersea (FR)","34.1200","15.9435","12.1061","6.5834","3.9316","3.2814","2.5717","1.2490","1.8302","1.5148","0.0000","59.1558","0.8973","0.5234","0.0000","4.0236","147.7318","40.00","Handicap","Stammers, Oliver","Tuer, Grant","10","6","6","6f ","4yo+","4711","6",,
"2026-02-14","5.25.","Newcastle","3rd","Peregrine Falcon (IRE)","62.0670","17.4963","14.1268","7.6254","4.2160","3.7377","2.3736","2.3653","0.8579","1.3402","0.0000","69.3778","1.0768","0.6718","0.0000","1.3714","188.7040","2.50","Maiden","Kavanagh, Ryan","Morris, Patrick","4","3","4","5f ","3-5yo","4320","5",,
"2026-02-14","5.25.","Newcastle","4th","Ruby Red Gove","67.7282","13.4581","0.0000","0.0000","0.0000","0.0000","0.0000","0.0000","0.0000","0.0000","36.1250","57.2036","0.9761","0.4753","0.0000","1.2000","177.1663","3.50","Maiden","Nolan, D","Furtado, Ivan","4","4","4","5f ","3-5yo","4320","5",,
"2026-02-14","5.25.","Newcastle","1st","Polka","38.0709","18.5672","0.0000","0.0000","0.0000","0.0000","0.0000","0.0000","0.0000","0.0000","29.3526","48.1518","0.8515","0.6341","0.0000","0.5000","136.1280","12.00","Maiden","Scott, Rowan","Camacho, Miss J A","4","1","4","5f ","3-5yo","4320","5",,
"2026-02-14","5.25.","Newcastle","2nd","Merlier (IRE)","0.0000","0.0000","0.0000","0.0000","0.0000","0.0000","0.0000","0.0000","0.0000","0.0000","0.0000","0.0000","1.0691","1.0099","0.0000","1.1000","3.1790","1.00","Maiden","Morris, Luke","Watson, Archie","4","2","3","5f ","3-5yo","4320","5",,
"2026-02-14","5.55.","Newcastle","2nd","Aisling Oscar (IRE)","75.8000","33.9750","16.5000","9.8700","6.3878","5.0054","3.6229","2.4034","1.4133","0.6605","0.0000","65.1469","2.1355","3.0428","0.0000","11.4947","237.4582","2.50","Handicap","McSweeney, O","Keatley, Adrian Paul","8","2","5","1m ","4yo+","5653","4",,
"2026-02-14","5.55.","Newcastle","7th","Flying Fletcher","84.9000","32.2258","16.9631","8.0386","5.3144","5.1754","3.2400","1.8367","1.8557","1.7690","0.0000","57.6564","1.4728","1.1020","0.0000","4.8252","226.3751","5.50","Handicap","Gray, S A","Fahey, R A","8","7","5","1m ","4yo+","5653","4",,
"2026-02-14","5.55.","Newcastle","3rd","Inspired (IRE)","63.0219","38.0706","9.5446","0.0000","0.0000","0.0000","0.0000","0.0000","0.0000","0.0000","30.3476","69.9856","0.7541","1.8046","0.0000","8.9996","222.5287","2.00","Handicap","Nicholls, Jack","Burke, K R","8","3","4","1m ","4yo+","5653","4",,
"2026-02-14","5.55.","Newcastle","1st","Francesi (IRE)","61.0850","27.7290","14.1512","9.3870","7.9744","4.6483","3.2704","2.9065","1.7088","1.4211","0.0000","61.6418","1.8730","1.4675","0.0000","6.2573","205.5214","3.50","Handicap","Coppins, Myla","Carroll, A W","8","1","7","1m ","4yo+","5653","4",,
"2026-02-14","5.55.","Newcastle","5th","Rajapour (IRE)","61.9000","18.1125","14.0522","11.1720","4.1093","3.2682","3.4546","1.5663","1.3499","2.2826","0.0000","72.3307","0.6299","1.0616","0.0000","1.1251","196.4150","11.00","Handicap","Garritty, Billy","OMeara, D","8","5","6","1m ","4yo+","5653","4",,
"2026-02-14","5.55.","Newcastle","8th","Qazaq (FR)","52.4550","19.4774","12.9983","5.8540","5.9290","4.3109","3.7739","2.5085","1.1730","2.1555","0.0000","67.2506","0.3511","0.5248","0.0000","3.1000","181.8622","28.00","Handicap","Winn, Mark","Jardine, I","8","8","5","1m ","4yo+","5653","4",,
"2026-02-14","5.55.","Newcastle","6th","Helmsley (IRE)","45.4700","18.5485","11.9317","10.5579","4.6815","5.6871","2.5025","1.2174","0.0000","0.0000","2.9614","69.3290","1.0662","0.4753","0.0000","1.4250","175.8533","50.00","Handicap","Hart, Jason","Furtado, Ivan","8","6","4","1m ","4yo+","5653","4",,
"2026-02-14","5.55.","Newcastle","4th","Bajan Bandit","35.7450","28.6987","15.6937","9.0361","6.3367","5.0770","4.4321","1.6468","0.9716","1.0144","0.0000","59.9209","0.9615","0.7306","0.0000","3.4614","173.7266","20.00","Handicap","Morris, Luke","Morris, Patrick","8","4","6","1m ","4yo+","5653","4",,
"2026-02-14","6.25.","Newcastle","5th","Mystical Land (IRE)","55.4700","15.3027","11.4140","6.4809","4.2136","3.9262","0.0000","0.0000","0.0000","0.0000","7.1880","57.1883","0.8255","0.5968","0.0000","1.7834","164.3894","2.50","Handicap","Kirrane, Sean","Dods, M","6","5","3","5f ","3yo","3768","6",,
"2026-02-14","6.25.","Newcastle","2nd","Rogue Rebellion","62.1000","14.0920","6.5792","7.3297","2.9522","0.0000","0.0000","0.0000","0.0000","0.0000","9.5097","50.6385","1.7115","1.7053","0.0000","3.1999","159.8180","2.75","Handicap","Morris, Luke","Owen, J P","6","2","3","5f ","3yo","3768","6",,
"2026-02-14","6.25.","Newcastle","1st","Mademoiselle Belle (IRE)","35.5350","23.0445","11.8188","8.1803","5.1585","3.1850","1.9774","1.6493","1.3790","1.2028","0.0000","58.0976","0.5447","0.6116","0.0000","1.8859","154.2704","3.33","Handicap","Robinson, Ben","Ellison, B","6","1","3","5f ","3yo","3768","6",,
"2026-02-14","6.25.","Newcastle","3rd","Mythical Night (IRE)","53.5750","13.6598","9.0485","8.4586","4.2566","3.1938","0.0000","0.0000","0.0000","0.0000","6.9068","51.7917","0.7441","0.6061","0.0000","1.9666","154.2075","3.50","Handicap","Mason, Joanna","Cunha, Dylan","6","3","3","5f ","3yo","3768","6",,
"2026-02-14","6.25.","Newcastle","4th","Doilookokay","32.1856","26.4393","12.0659","6.5653","3.1023","2.2504","0.0000","0.0000","0.0000","0.0000","6.4567","51.2664","0.6170","0.8016","0.0000","3.0001","144.7505","12.00","Handicap","McManoman, Faye","Tinkler, N","6","4","3","5f ","3yo","3768","6",,
"2026-02-14","6.25.","Newcastle","6th","Calabrian Soldato (IRE)","37.3000","11.7675","11.6235","6.0318","3.1707","2.0874","0.0000","0.0000","0.0000","0.0000","5.5455","42.6374","0.1395","0.5971","0.0000","2.5334","123.4337","25.00","Handicap","Coughlan, Laura","Souza, Lemos","6","6","3","5f ","3yo","3768","6",,
"2026-02-14","6.55.","Newcastle","3rd","Brazilian Rose (IRE)","76.2000","25.2900","18.9500","11.0334","4.5120","4.0017","2.1439","2.2057","1.7904","1.4404","0.0000","66.9836","1.7006","1.0420","0.0000","3.9246","221.2183","1.38","Handicap","Fraser, Kaiya","Menzies, Rebecca","4","3","5","7f ","4yo+","4397","5",,
"2026-02-14","6.55.","Newcastle","4th","Party Bear (IRE)","75.4000","31.1422","11.4770","5.1948","4.7338","3.0617","3.6687","2.6149","2.0809","1.3814","0.0000","70.2864","0.7541","1.7021","0.0000","3.7342","217.2322","3.00","Handicap","Nicholls, Jack","Burke, K R","4","4","4","7f ","4yo+","4397","5",,
"2026-02-14","6.55.","Newcastle","1st","Mereside Diva (IRE)","56.2750","30.7485","11.4212","5.7594","3.9159","4.4885","2.9266","2.8235","1.8864","1.9116","0.0000","70.9624","0.4532","0.8956","0.0000","2.7674","197.2353","2.00","Handicap","Pyle, William","Barron, T D","4","1","6","7f ","4yo+","4397","5",,
"2026-02-14","6.55.","Newcastle","2nd","Penny Mountain (IRE)","31.3700","14.6992","12.0773","9.3171","4.7540","2.1920","2.3679","1.3339","1.3230","0.8029","0.0000","53.0154","0.3302","0.4139","0.0000","3.8275","137.8244","7.50","Handicap","Waugh, Amie","Rutherford, Gary","4","2","5","7f ","4yo+","4397","5",,
"2026-02-14","7.25.","Newcastle","1st","Silver State (IRE)","63.7000","12.8356","10.7010","4.2090","0.0000","0.0000","0.0000","0.0000","0.0000","0.0000","13.8625","52.5697","1.9291","1.2627","0.0000","2.1500","163.2197","1.38","Handicap","Dawes, Rose","Channon, Jack","8","1","3","1m ","3yo","3768","6",,
"2026-02-14","7.25.","Newcastle","2nd","Popty Ping","36.9150","21.1275","12.6750","9.4788","4.9473","3.7952","2.6902","1.7291","1.1307","1.3457","0.0000","54.9975","0.9594","1.0718","0.0000","3.6409","156.5040","4.00","Handicap","Winn, Mark","OMeara, D","8","2","3","1m ","3yo","3768","6",,
"2026-02-14","7.25.","Newcastle","3rd","Archangel Josepi (IRE)","35.2600","18.3938","12.9612","8.2691","4.6412","2.8486","2.5796","2.4848","0.9882","0.0000","1.3439","58.7507","0.5447","0.6116","0.0000","2.6777","152.3554","2.25","Handicap","Robinson, Ben","Ellison, B","8","3","3","1m ","3yo","3768","6",,
"2026-02-14","7.25.","Newcastle","5th","Fickle Mcselfish","39.4300","15.0288","10.8064","4.7288","0.0000","0.0000","0.0000","0.0000","0.0000","0.0000","12.5441","52.4797","0.7342","0.3721","0.0000","1.7000","137.8241","28.00","Handicap","Hardie, Cameron","Coyle, Tony","8","5","3","1m ","3yo","3768","6",,
"2026-02-14","7.25.","Newcastle","6th","The Caddy Master (IRE)","28.8240","21.5010","9.4097","4.0662","5.0172","3.7497","2.2845","0.0000","0.0000","0.0000","3.9496","54.7985","0.9722","1.0833","0.0000","1.1858","136.8417","11.00","Handicap","Gray, S A","Ryan, K A","8","6","3","1m ","3yo","3768","6",,
"2026-02-14","7.25.","Newcastle","4th","Riddikulus","30.5758","22.6727","8.7357","4.3708","0.0000","0.0000","0.0000","0.0000","0.0000","0.0000","12.3285","45.6513","0.3782","0.3771","0.0000","1.3000","126.3901","33.00","Handicap","Pyle, William","Tuer, Grant","8","4","3","1m ","3yo","3768","6",,
"2026-02-14","7.25.","Newcastle","7th","Charcon","35.7854","19.2566","7.0018","4.8852","0.0000","0.0000","0.0000","0.0000","0.0000","0.0000","11.8280","42.0995","0.9615","1.4770","0.0000","1.5000","124.7951","40.00","Handicap","Morris, Luke","Haslam, B M R","8","7","3","1m ","3yo","3768","6",,
"2026-02-14","7.25.","Newcastle","8th","Crown Inn To Win (IRE)","29.1266","13.2470","10.6958","0.0000","0.0000","0.0000","0.0000","0.0000","0.0000","0.0000","16.5534","52.3650","0.4995","0.4753","0.0000","1.7000","124.6626","14.00","Handicap","McHugh, B","Furtado, Ivan","8","8","3","1m ","3yo","3768","6",,

