race_date,time,track,placing,horse_name,last,last2,last3,last4,last5,last6,last7,last8,last9,last10,leveller,speed,jockey,trainer,stallion,today,total,odds_numerical,racetype,jockey_name,trainer_name,runners,placing_num,HorseAge,Distance,AgeRestrictions,WinPrizeMoney,UKClass,MajorType,
"2026-02-14","12.35.","Wincanton","1st","Eton Mes (IRE)","0.0000","0.0000","0.0000","0.0000","0.0000","0.0000","0.0000","0.0000","0.0000","0.0000","0.0000","0.0000","45.5264","41.7362","7.7559","0.0000","95.0185","2.50","Handicap Hurdle","Corcoran, Rian","Pipe, D E","7","1","5","2m6f ","4yo+","3697","5",,
"2026-02-14","12.35.","Wincanton","5th","Moonlight Artist","0.0000","0.0000","0.0000","0.0000","0.0000","0.0000","0.0000","0.0000","0.0000","0.0000","0.0000","0.0000","11.4296","51.4966","8.6005","0.0000","71.5267","14.00","Handicap Hurdle","OShea, Ciaran","Tizzard, Joe","7","5","8","2m6f ","4yo+","3697","5",,
"2026-02-14","12.35.","Wincanton","2nd","At The Oche (IRE)","0.0000","0.0000","0.0000","0.0000","0.0000","0.0000","0.0000","0.0000","0.0000","0.0000","0.0000","0.0000","2.4936","49.2752","9.7684","0.0000","61.5372","1.38","Handicap Hurdle","Broughton, Tom","Twiston-Davies, N A","7","2","5","2m6f ","4yo+","3697","5",,
"2026-02-14","12.35.","Wincanton","7th","Star Of Diamonds (IRE)","0.0000","0.0000","0.0000","0.0000","0.0000","0.0000","0.0000","0.0000","0.0000","0.0000","0.0000","0.0000","5.2800","25.5570","10.2222","0.0000","41.0592","5.00","Handicap Hurdle","Johnstone-baker, Cameron","Lavelle, Miss E C","7","7","7","2m6f ","4yo+","3697","5",,
"2026-02-14","12.35.","Wincanton","4th","Thankyouandplease (FR)","0.0000","0.0000","0.0000","0.0000","0.0000","0.0000","0.0000","0.0000","0.0000","0.0000","0.0000","0.0000","11.4644","22.1360","7.2935","0.0000","40.8939","18.00","Handicap Hurdle","Hanlon, Paddy","Hosie, Syd","7","4","6","2m6f ","4yo+","3697","5",,
"2026-02-14","12.35.","Wincanton","3rd","Charlies Jetaway (IRE)","0.0000","0.0000","0.0000","0.0000","0.0000","0.0000","0.0000","0.0000","0.0000","0.0000","0.0000","0.0000","17.0232","17.1350","6.5895","0.0000","40.7477","10.00","Handicap Hurdle","Palmer, Oscar","Hosie, Syd","7","3","5","2m6f ","4yo+","3697","5",,
"2026-02-14","12.35.","Wincanton","6th","Looking For Larry (IRE)","0.0000","0.0000","0.0000","0.0000","0.0000","0.0000","0.0000","0.0000","0.0000","0.0000","0.0000","0.0000","3.1224","11.0000","6.6330","0.0000","20.7554","10.00","Handicap Hurdle","Dodd, Murray","Dennis, T W","7","6","8","2m6f ","4yo+","3697","5",,
"2026-02-14","12.45.","Gowran Park","1st","Madness Delle (FR)","0.0000","0.0000","0.0000","0.0000","0.0000","0.0000","0.0000","0.0000","0.0000","0.0000","0.0000","0.0000","82.9278","62.7756","0.0000","0.0000","145.7034","0.40","Maiden Hurdle","Townend, P","Mullins, W P","10","1","4","2m ","4yo","6372","0",,
"2026-02-14","12.45.","Gowran Park","2nd","Manoir De Mirande (FR)","0.0000","0.0000","0.0000","0.0000","0.0000","0.0000","0.0000","0.0000","0.0000","0.0000","0.0000","0.0000","64.3908","41.9312","3.1847","0.0000","109.5067","4.00","Maiden Hurdle","Kennedy, J W","Elliott, Gordon","10","2","4","2m ","4yo","6372","0",,
"2026-02-14","12.45.","Gowran Park","6th","Rebel Queen (IRE)","0.0000","0.0000","0.0000","0.0000","0.0000","0.0000","0.0000","0.0000","0.0000","0.0000","0.0000","0.0000","33.0752","50.7050","6.8108","0.0000","90.5910","150.00","Maiden Hurdle","Kenneally, Michael","Motherway, C","10","6","4","2m ","4yo","6372","0",,
"2026-02-14","12.45.","Gowran Park","3rd","Arouet (FR)","0.0000","0.0000","0.0000","0.0000","0.0000","0.0000","0.0000","0.0000","0.0000","0.0000","0.0000","0.0000","20.4094","41.0488","3.1533","0.0000","64.6115","3.50","Maiden Hurdle","King, D","Twomey, P","10","3","4","2m ","4yo","6372","0",,
"2026-02-14","12.45.","Gowran Park","8th","Youknowthecode (IRE)","0.0000","0.0000","0.0000","0.0000","0.0000","0.0000","0.0000","0.0000","0.0000","0.0000","0.0000","0.0000","10.9018","41.9312","7.5062","0.0000","60.3392","33.00","Maiden Hurdle","Gainford, Jordan","Elliott, Gordon","10","8","4","2m ","4yo","6372","0",,
"2026-02-14","12.45.","Gowran Park","9th","Wolfpack","0.0000","0.0000","0.0000","0.0000","0.0000","0.0000","0.0000","0.0000","0.0000","0.0000","0.0000","0.0000","11.0290","41.9312","4.3130","0.0000","57.2732","100.00","Maiden Hurdle","Sexton, K C","Elliott, Gordon","10","9","4","2m ","4yo","6372","0",,
"2026-02-14","12.45.","Gowran Park","5th","Whats New (IRE)","0.0000","0.0000","0.0000","0.0000","0.0000","0.0000","0.0000","0.0000","0.0000","0.0000","0.0000","0.0000","16.6574","24.9990","3.6230","0.0000","45.2794","18.00","Maiden Hurdle","Quirke, Cian","Slattery, Andrew","10","5","4","2m ","4yo","6372","0",,
"2026-02-14","12.45.","Gowran Park","7th","Ocean Murphy","0.0000","0.0000","0.0000","0.0000","0.0000","0.0000","0.0000","0.0000","0.0000","0.0000","0.0000","0.0000","16.8201","14.8042","3.0530","0.0000","34.6773","125.00","Maiden Hurdle","Roche, T P","Rothwell, P J","10","7","4","2m ","4yo","6372","0",,
"2026-02-14","12.45.","Gowran Park","10th","Nile Star (FR)","0.0000","0.0000","0.0000","0.0000","0.0000","0.0000","0.0000","0.0000","0.0000","0.0000","0.0000","0.0000","8.8332","16.5928","1.8605","0.0000","27.2865","300.00","Maiden Hurdle","McKenna, Liam","OSullivan, Ross","10","10","4","2m ","4yo","6372","0",,
"2026-02-14","12.45.","Gowran Park","4th","Tea Biscuit (IRE)","0.0000","0.0000","0.0000","0.0000","0.0000","0.0000","0.0000","0.0000","0.0000","0.0000","0.0000","0.0000","4.8160","0.0000","6.8108","0.0000","11.6268","40.00","Maiden Hurdle","OConnor, M P","Houlihan, Conor","10","4","4","2m ","4yo","6372","0",,
"2026-02-14","12.50.","Lingfield","6th","Johnny Boom (IRE)","0.0000","0.0000","0.0000","0.0000","0.0000","0.0000","0.0000","0.0000","0.0000","0.0000","0.0000","0.0000","43.0000","11.1902","9.7895","0.0000","63.9797","25.00","Handicap","Milburn, Miss Amy","Lycett, Shaun","9","6","8","1m4f ","4yo+","4172","5",,
"2026-02-14","12.50.","Lingfield","1st","Sea Of Charm (FR)","0.0000","0.0000","0.0000","0.0000","0.0000","0.0000","0.0000","0.0000","0.0000","0.0000","0.0000","0.0000","42.3000","15.5214","3.5807","0.0000","61.4021","25.00","Handicap","Brown, Harry","Nicholls, Georgina","9","1","8","1m4f ","4yo+","4172","5",,
"2026-02-14","12.50.","Lingfield","9th","Man Is King (IRE)","0.0000","0.0000","0.0000","0.0000","0.0000","0.0000","0.0000","0.0000","0.0000","0.0000","0.0000","0.0000","0.0000","48.4738","8.7320","0.0000","57.2058","12.00","Handicap","Chance, Miss Louise","Flood, D","9","9","7","1m4f ","4yo+","4172","5",,
"2026-02-14","12.50.","Lingfield","4th","Shahbaz (IRE)","0.0000","0.0000","0.0000","0.0000","0.0000","0.0000","0.0000","0.0000","0.0000","0.0000","0.0000","0.0000","10.8544","39.0750","6.7972","0.0000","56.7266","5.00","Handicap","Hampson, Brodie","Watson, Archie","9","4","6","1m4f ","4yo+","4172","5",,
"2026-02-14","12.50.","Lingfield","5th","Roland Garros","0.0000","0.0000","0.0000","0.0000","0.0000","0.0000","0.0000","0.0000","0.0000","0.0000","0.0000","0.0000","10.2184","19.4350","9.5575","0.0000","39.2109","11.00","Handicap","Yarham, Fletcher","Burton, Hayley","9","5","5","1m4f ","4yo+","4172","5",,
"2026-02-14","12.50.","Lingfield","8th","Bownder (IRE)","0.0000","0.0000","0.0000","0.0000","0.0000","0.0000","0.0000","0.0000","0.0000","0.0000","0.0000","0.0000","0.0000","24.0982","8.7460","0.0000","32.8442","4.00","Handicap","Graham, Mr McKenzie","Portman, J G","9","8","4","1m4f ","4yo+","4172","5",,
"2026-02-14","12.50.","Lingfield","2nd","Imperial Decision","0.0000","0.0000","0.0000","0.0000","0.0000","0.0000","0.0000","0.0000","0.0000","0.0000","0.0000","0.0000","0.0000","14.2342","8.2395","0.0000","22.4737","25.00","Handicap","Burke, Louis","Burke, Kieran","9","2","4","1m4f ","4yo+","4172","5",,
"2026-02-14","12.50.","Lingfield","3rd","Voix De Bocelli","0.0000","0.0000","0.0000","0.0000","0.0000","0.0000","0.0000","0.0000","0.0000","0.0000","0.0000","0.0000","4.9224","12.2802","3.1442","0.0000","20.3468","4.00","Handicap","Cagney, Eireann","Knight, Miss H C","9","3","6","1m4f ","4yo+","4172","5",,
"2026-02-14","12.50.","Lingfield","7th","Kathleen Mary","0.0000","0.0000","0.0000","0.0000","0.0000","0.0000","0.0000","0.0000","0.0000","0.0000","0.0000","0.0000","8.8304","3.3520","3.7494","0.0000","15.9318","2.00","Handicap","Walker, Mr S","Chapple-Hyam, P W","9","7","4","1m4f ","4yo+","4172","5",,
"2026-02-14","12.55.","Haydock","3rd","The Mighty Celt (IRE)","0.0000","0.0000","0.0000","0.0000","0.0000","0.0000","0.0000","0.0000","0.0000","0.0000","0.0000","0.0000","55.2234","48.2116","10.9185","0.0000","114.3535","7.50","Hurdle","Skelton, Harry","Skelton, Daniel","7","3","4","2m ","4yo","10892","2",,
"2026-02-14","12.55.","Haydock","1st","Manlaga (IRE)","0.0000","0.0000","0.0000","0.0000","0.0000","0.0000","0.0000","0.0000","0.0000","0.0000","0.0000","0.0000","35.7158","55.5960","7.4512","0.0000","98.7630","1.75","Hurdle","Hughes, Brian","Henderson, N J","7","1","4","2m ","4yo","10892","2",,
"2026-02-14","12.55.","Haydock","5th","Macktoad (FR)","0.0000","0.0000","0.0000","0.0000","0.0000","0.0000","0.0000","0.0000","0.0000","0.0000","0.0000","0.0000","47.3980","41.6974","3.9375","0.0000","93.0329","5.00","Hurdle","Bowen, Sean P","Moore, Gary and Josh","7","5","4","2m ","4yo","10892","2",,
"2026-02-14","12.55.","Haydock","2nd","Pourquoi Pas Papa (FR)","0.0000","0.0000","0.0000","0.0000","0.0000","0.0000","0.0000","0.0000","0.0000","0.0000","0.0000","0.0000","32.1851","53.7636","5.9463","0.0000","91.8950","1.63","Hurdle","Gingell, Frederick","Nicholls, P F","7","2","4","2m ","4yo","10892","2",,
"2026-02-14","12.55.","Haydock","6th","Whatsgoingonmarvin (IRE)","0.0000","0.0000","0.0000","0.0000","0.0000","0.0000","0.0000","0.0000","0.0000","0.0000","0.0000","0.0000","39.4096","14.9952","11.3280","0.0000","65.7328","20.00","Hurdle","Bowen, James C","Bowen, Mickey","7","6","4","2m ","4yo","10892","2",,
"2026-02-14","12.55.","Haydock","4th","Love Sonnet (IRE)","0.0000","0.0000","0.0000","0.0000","0.0000","0.0000","0.0000","0.0000","0.0000","0.0000","0.0000","0.0000","31.7356","30.4648","3.4461","0.0000","65.6465","18.00","Hurdle","Davies, James","Vaughan, Tim","7","4","4","2m ","4yo","10892","2",,
"2026-02-14","12.55.","Haydock","F","Try Them (IRE)","0.0000","0.0000","0.0000","0.0000","0.0000","0.0000","0.0000","0.0000","0.0000","0.0000","0.0000","0.0000","17.3127","20.2186","7.1130","0.0000","44.6443","50.00","Hurdle","Meyler, D","Mullins, Emmet","7","0","4","2m ","4yo","10892","2",,
"2026-02-14","1.05.","Wincanton","1st","Queens Gamble (IRE)","0.0000","0.0000","0.0000","0.0000","0.0000","0.0000","0.0000","0.0000","0.0000","0.0000","0.0000","0.0000","38.9262","54.4370","9.4097","0.0000","102.7729","3.33","Novices Chase","OBrien, P V","Derham, Harry","5","1","8","2m ","5yo+","20206","1","Lst",
"2026-02-14","1.05.","Wincanton","2nd","Bluey (IRE)","0.0000","0.0000","0.0000","0.0000","0.0000","0.0000","0.0000","0.0000","0.0000","0.0000","0.0000","0.0000","36.0980","39.1920","8.6269","0.0000","83.9169","0.33","Novices Chase","Powell, Brendan","Lavelle, Miss E C","5","2","7","2m ","5yo+","20206","1","Lst",
"2026-02-14","1.05.","Wincanton","5th","Presenting A Queen","0.0000","0.0000","0.0000","0.0000","0.0000","0.0000","0.0000","0.0000","0.0000","0.0000","0.0000","0.0000","40.2926","41.7264","1.8694","0.0000","83.8884","28.00","Novices Chase","Twiston-Davies, Sam","Honeyball, A J","5","5","9","2m ","5yo+","20206","1","Lst",
"2026-02-14","1.05.","Wincanton","3rd","Sunday Soldier (IRE)","0.0000","0.0000","0.0000","0.0000","0.0000","0.0000","0.0000","0.0000","0.0000","0.0000","0.0000","0.0000","16.6292","21.1174","6.7492","0.0000","44.4958","22.00","Novices Chase","Slatter, Nick","Killahena, David / Mcpherson, Graeme","5","3","8","2m ","5yo+","20206","1","Lst",
"2026-02-14","1.05.","Wincanton","4th","Followango (IRE)","0.0000","0.0000","0.0000","0.0000","0.0000","0.0000","0.0000","0.0000","0.0000","0.0000","0.0000","0.0000","14.7478","21.0900","7.3359","0.0000","43.1737","25.00","Novices Chase","Williams, Isabel","Williams, Evan","5","4","8","2m ","5yo+","20206","1","Lst",
"2026-02-14","1.15.","Ascot","1st","Mondouiboy (FR)","0.0000","0.0000","0.0000","0.0000","0.0000","0.0000","0.0000","0.0000","0.0000","0.0000","0.0000","0.0000","76.8468","67.1574","3.4076","0.0000","147.4118","0.73","Novices Hurdle","Jones, Ben R","Pauling, Ben","6","1","6","2m3.5f ","5yo+","13008","2",,
"2026-02-14","1.15.","Ascot","4th","Etna Bianco (IRE)","0.0000","0.0000","0.0000","0.0000","0.0000","0.0000","0.0000","0.0000","0.0000","0.0000","0.0000","0.0000","58.2738","53.7334","12.3876","0.0000","124.3948","5.00","Novices Hurdle","Cobden, Harry","Tizzard, Joe","6","4","6","2m3.5f ","5yo+","13008","2",,
"2026-02-14","1.15.","Ascot","5th","Coumeenoole (IRE)","0.0000","0.0000","0.0000","0.0000","0.0000","0.0000","0.0000","0.0000","0.0000","0.0000","0.0000","0.0000","39.8900","40.3996","6.3652","0.0000","86.6548","100.00","Novices Hurdle","Durrell, Tristan","Skelton, Daniel","6","5","7","2m3.5f ","5yo+","13008","2",,
"2026-02-14","1.15.","Ascot","UR","Starzand (IRE)","0.0000","0.0000","0.0000","0.0000","0.0000","0.0000","0.0000","0.0000","0.0000","0.0000","0.0000","0.0000","23.8199","45.9988","6.8882","0.0000","76.7069","4.50","Novices Hurdle","Houlihan, Sean M","Hobbs, P J / White, J","6","0","6","2m3.5f ","5yo+","13008","2",,
"2026-02-14","1.15.","Ascot","3rd","Catchintsavo (IRE)","0.0000","0.0000","0.0000","0.0000","0.0000","0.0000","0.0000","0.0000","0.0000","0.0000","0.0000","0.0000","19.6143","43.9776","11.1105","0.0000","74.7024","5.50","Novices Hurdle","Dingle, Rex","Honeyball, A J","6","3","6","2m3.5f ","5yo+","13008","2",,
"2026-02-14","1.15.","Ascot","2nd","Kildinan Prince (IRE)","0.0000","0.0000","0.0000","0.0000","0.0000","0.0000","0.0000","0.0000","0.0000","0.0000","0.0000","0.0000","28.3626","24.9414","5.0681","0.0000","58.3721","28.00","Novices Hurdle","Burke, Jonathan","Lavelle, Miss E C","6","2","7","2m3.5f ","5yo+","13008","2",,
"2026-02-14","1.20.","Gowran Park","4th","Kawaboomga (FR)","0.0000","0.0000","0.0000","0.0000","0.0000","0.0000","0.0000","0.0000","0.0000","0.0000","0.0000","0.0000","85.2600","77.7756","0.5336","0.0000","163.5692","1.50","Hurdle","Walsh, M P","Mullins, W P","7","4","6","2m ","5yo+","19912","0","G3",
"2026-02-14","1.20.","Gowran Park","1st","Storm Heart (FR)","0.0000","0.0000","0.0000","0.0000","0.0000","0.0000","0.0000","0.0000","0.0000","0.0000","0.0000","0.0000","87.9278","72.7746","1.7905","0.0000","162.4929","1.10","Hurdle","Townend, P","Mullins, W P","7","1","6","2m ","5yo+","19912","0","G3",
"2026-02-14","1.20.","Gowran Park","3rd","Farren Glory (IRE)","0.0000","0.0000","0.0000","0.0000","0.0000","0.0000","0.0000","0.0000","0.0000","0.0000","0.0000","0.0000","74.3908","51.9302","5.5976","0.0000","131.9186","8.00","Hurdle","Kennedy, J W","Elliott, Gordon","7","3","9","2m ","5yo+","19912","0","G3",
"2026-02-14","1.20.","Gowran Park","5th","Kel Histoire (FR)","0.0000","0.0000","0.0000","0.0000","0.0000","0.0000","0.0000","0.0000","0.0000","0.0000","0.0000","0.0000","6.5536","70.2756","7.4313","0.0000","84.2605","20.00","Hurdle","Torrens, Simon","Mullins, W P","7","5","6","2m ","5yo+","19912","0","G3",
"2026-02-14","1.20.","Gowran Park","2nd","Workahead (IRE)","0.0000","0.0000","0.0000","0.0000","0.0000","0.0000","0.0000","0.0000","0.0000","0.0000","0.0000","0.0000","26.5564","34.4314","2.9544","0.0000","63.9422","8.00","Hurdle","OKeeffe, Darragh","Bromhead, Henry De","7","2","8","2m ","5yo+","19912","0","G3",
"2026-02-14","1.20.","Gowran Park","6th","Yeah Man (IRE)","0.0000","0.0000","0.0000","0.0000","0.0000","0.0000","0.0000","0.0000","0.0000","0.0000","0.0000","0.0000","16.9776","35.2638","7.5430","0.0000","59.7844","40.00","Hurdle","Buckley, Kieran","Cromwell, Gavin Patrick","7","6","9","2m ","5yo+","19912","0","G3",
"2026-02-14","1.20.","Gowran Park","7th","Lisnagar Fortune (IRE)","0.0000","0.0000","0.0000","0.0000","0.0000","0.0000","0.0000","0.0000","0.0000","0.0000","0.0000","0.0000","12.7098","5.6964","9.3685","0.0000","27.7747","150.00","Hurdle","Harvey, A","McConnell, John C","7","7","8","2m ","5yo+","19912","0","G3",
"2026-02-14","1.25.","Lingfield","1st","Into The Light","0.0000","0.0000","0.0000","0.0000","0.0000","0.0000","0.0000","0.0000","0.0000","0.0000","0.0000","0.0000","35.0775","93.6284","18.3230","0.0000","147.0289","2.75","Maiden","Planas, Connor","Appleby, Charlie","5","1","3","1m2f ","3yo","6480","3",,
"2026-02-14","1.25.","Lingfield","3rd","Kindly Queen (IRE)","0.0000","0.0000","0.0000","0.0000","0.0000","0.0000","0.0000","0.0000","0.0000","0.0000","0.0000","0.0000","51.2784","37.1408","7.3825","0.0000","95.8017","18.00","Maiden","Crouch, Hector","Beckett, R M","5","3","3","1m2f ","3yo","6480","3",,
"2026-02-14","1.25.","Lingfield","2nd","Al Azd (IRE)","0.0000","0.0000","0.0000","0.0000","0.0000","0.0000","0.0000","0.0000","0.0000","0.0000","0.0000","0.0000","37.4644","36.2954","18.3230","0.0000","92.0828","0.30","Maiden","Mitchell, Jack","Varian, Roger","5","2","3","1m2f ","3yo","6480","3",,
"2026-02-14","1.25.","Lingfield","5th","Virtue Chastity","0.0000","0.0000","0.0000","0.0000","0.0000","0.0000","0.0000","0.0000","0.0000","0.0000","0.0000","0.0000","22.5502","12.2890","7.3320","0.0000","42.1712","66.00","Maiden","Hornby, Rob","Perrett, Mrs A J","5","5","3","1m2f ","3yo","6480","3",,
"2026-02-14","1.25.","Lingfield","4th","Dors Dazzler","0.0000","0.0000","0.0000","0.0000","0.0000","0.0000","0.0000","0.0000","0.0000","0.0000","0.0000","0.0000","9.1830","15.5776","3.2230","0.0000","27.9836","150.00","Maiden","Egan, John","Ivory, D K","5","4","3","1m2f ","3yo","6480","3",,
"2026-02-14","1.28.","Haydock","1st","The Bluesman (FR)","0.0000","0.0000","0.0000","0.0000","0.0000","0.0000","0.0000","0.0000","0.0000","0.0000","0.0000","0.0000","69.6064","58.2558","3.0473","0.0000","130.9095","1.75","Handicap Chase","Bowen, Sean P","Murphy, Olly","11","1","7","2m4f ","5yo+","9770","3",,
"2026-02-14","1.28.","Haydock","6th","Anyharminasking (IRE)","0.0000","0.0000","0.0000","0.0000","0.0000","0.0000","0.0000","0.0000","0.0000","0.0000","0.0000","0.0000","45.0022","36.7914","12.1650","0.0000","93.9586","14.00","Handicap Chase","ONeill, Jonjo (Jr)","ONeill, Jonjo and AJ","11","6","9","2m4f ","5yo+","9770","3",,
"2026-02-14","1.28.","Haydock","PU","Nells Son","0.0000","0.0000","0.0000","0.0000","0.0000","0.0000","0.0000","0.0000","0.0000","0.0000","0.0000","0.0000","42.6970","39.7452","3.2387","0.0000","85.6809","18.00","Handicap Chase","McMenamin, Daniel","Richards, N G","11","0","11","2m4f ","5yo+","9770","3",,
"2026-02-14","1.28.","Haydock","F","Throatlash (IRE)","0.0000","0.0000","0.0000","0.0000","0.0000","0.0000","0.0000","0.0000","0.0000","0.0000","0.0000","0.0000","45.4346","33.2136","6.0249","0.0000","84.6731","1.50","Handicap Chase","Hughes, Brian","McCain Jnr, D","11","0","7","2m4f ","5yo+","9770","3",,
"2026-02-14","1.28.","Haydock","5th","Cerendipity (IRE)","0.0000","0.0000","0.0000","0.0000","0.0000","0.0000","0.0000","0.0000","0.0000","0.0000","0.0000","0.0000","45.0322","25.0718","8.0059","0.0000","78.1099","7.50","Handicap Chase","Sheehan, Gavin","Smith, Mrs S J / Parkinson, J","11","5","9","2m4f ","5yo+","9770","3",,
"2026-02-14","1.28.","Haydock","4th","Taras Halls (IRE)","0.0000","0.0000","0.0000","0.0000","0.0000","0.0000","0.0000","0.0000","0.0000","0.0000","0.0000","0.0000","27.9331","23.6048","12.2470","0.0000","63.7849","18.00","Handicap Chase","Bewley, Callum","Smith, Mrs S J / Parkinson, J","11","4","8","2m4f ","5yo+","9770","3",,
"2026-02-14","1.28.","Haydock","7th","Harsh","0.0000","0.0000","0.0000","0.0000","0.0000","0.0000","0.0000","0.0000","0.0000","0.0000","0.0000","0.0000","39.4096","14.9952","8.7495","0.0000","63.1543","40.00","Handicap Chase","Bowen, James C","Bowen, Mickey","11","7","6","2m4f ","5yo+","9770","3",,
"2026-02-14","1.28.","Haydock","8th","Gentleman Bill (IRE)","0.0000","0.0000","0.0000","0.0000","0.0000","0.0000","0.0000","0.0000","0.0000","0.0000","0.0000","0.0000","22.6964","30.8478","0.0000","0.0000","53.5442","18.00","Handicap Chase","Nichol, Craig","Greenall, O / Guerriero, J","11","8","8","2m4f ","5yo+","9770","3",,
"2026-02-14","1.28.","Haydock","PU","Twoshotsoftequila (IRE)","0.0000","0.0000","0.0000","0.0000","0.0000","0.0000","0.0000","0.0000","0.0000","0.0000","0.0000","0.0000","20.0453","28.6822","2.9164","0.0000","51.6439","25.00","Handicap Chase","Moscrop, Nathan","Menzies, Rebecca","11","0","9","2m4f ","5yo+","9770","3",,
"2026-02-14","1.28.","Haydock","3rd","Bythesametoken (IRE)","0.0000","0.0000","0.0000","0.0000","0.0000","0.0000","0.0000","0.0000","0.0000","0.0000","0.0000","0.0000","12.7059","18.7708","6.4767","0.0000","37.9534","40.00","Handicap Chase","Meyler, D","OSullivan, Ross","11","3","12","2m4f ","5yo+","9770","3",,
"2026-02-14","1.28.","Haydock","2nd","Western Zephyr (IRE)","0.0000","0.0000","0.0000","0.0000","0.0000","0.0000","0.0000","0.0000","0.0000","0.0000","0.0000","0.0000","8.5836","14.9952","12.6530","0.0000","36.2318","33.00","Handicap Chase","Fenelon, S","Bowen, Mickey","11","2","9","2m4f ","5yo+","9770","3",,
"2026-02-14","1.35.","Wincanton","1st","Alexei (GER)","0.0000","0.0000","0.0000","0.0000","0.0000","0.0000","0.0000","0.0000","0.0000","0.0000","0.0000","0.0000","52.3060","63.7696","3.9544","0.0000","120.0300","0.50","Hurdle","Powell, Brendan","Tizzard, Joe","4","1","6","1m7.5f ","4yo+","41608","1","G2",
"2026-02-14","1.35.","Wincanton","2nd","Rubaud (FR)","0.0000","0.0000","0.0000","0.0000","0.0000","0.0000","0.0000","0.0000","0.0000","0.0000","0.0000","0.0000","31.0374","75.0606","7.0193","0.0000","113.1173","3.00","Hurdle","Twiston-Davies, Sam","Nicholls, P F","4","2","8","1m7.5f ","4yo+","41608","1","G2",
"2026-02-14","1.35.","Wincanton","3rd","Secret Squirrel","0.0000","0.0000","0.0000","0.0000","0.0000","0.0000","0.0000","0.0000","0.0000","0.0000","0.0000","0.0000","28.1806","39.3438","0.1776","0.0000","67.7020","6.00","Hurdle","OBrien, P V","Morrison, H","4","3","7","1m7.5f ","4yo+","41608","1","G2",
"2026-02-14","1.35.","Wincanton","4th","Intellotto (IRE)","0.0000","0.0000","0.0000","0.0000","0.0000","0.0000","0.0000","0.0000","0.0000","0.0000","0.0000","0.0000","16.1717","17.1676","8.3200","0.0000","41.6593","50.00","Hurdle","David, Robbie","Hitchins, Daisy","4","4","6","1m7.5f ","4yo+","41608","1","G2",
"2026-02-14","1.50.","Ascot","1st","The Jukebox Kid (IRE)","0.0000","0.0000","0.0000","0.0000","0.0000","0.0000","0.0000","0.0000","0.0000","0.0000","0.0000","0.0000","76.8468","55.1574","11.0856","0.0000","143.0898","0.44","Novices Chase","Jones, Ben R","Pauling, Ben","3","1","7","3m ","5yo+","42712","1","G2",
"2026-02-14","1.50.","Ascot","2nd","Western Knight (IRE)","0.0000","0.0000","0.0000","0.0000","0.0000","0.0000","0.0000","0.0000","0.0000","0.0000","0.0000","0.0000","58.2738","58.2334","8.4675","0.0000","124.9747","4.50","Novices Chase","Cobden, Harry","Tizzard, Joe","3","2","7","3m ","5yo+","42712","1","G2",
"2026-02-14","1.50.","Ascot","3rd","Crest Of Fortune","0.0000","0.0000","0.0000","0.0000","0.0000","0.0000","0.0000","0.0000","0.0000","0.0000","0.0000","0.0000","29.6143","47.1576","10.3730","0.0000","87.1449","4.50","Novices Chase","Dingle, Rex","Honeyball, A J","3","3","6","3m ","5yo+","42712","1","G2",
"2026-02-14","1.55.","Gowran Park","4th","Bally Free (IRE)","0.0000","0.0000","0.0000","0.0000","0.0000","0.0000","0.0000","0.0000","0.0000","0.0000","0.0000","0.0000","84.3908","56.9312","6.6548","0.0000","147.9768","0.83","Novices Hurdle","Kennedy, J W","Elliott, Gordon","5","4","6","2m7f ","5yo+","18584","0","G3",
"2026-02-14","1.55.","Gowran Park","1st","Lord Rouge (FR)","0.0000","0.0000","0.0000","0.0000","0.0000","0.0000","0.0000","0.0000","0.0000","0.0000","0.0000","0.0000","27.5596","56.9312","2.4557","0.0000","86.9465","4.50","Novices Hurdle","Gilligan, D J","Elliott, Gordon","5","1","5","2m7f ","5yo+","18584","0","G3",
"2026-02-14","1.55.","Gowran Park","3rd","Timesareachanging (IRE)","0.0000","0.0000","0.0000","0.0000","0.0000","0.0000","0.0000","0.0000","0.0000","0.0000","0.0000","0.0000","29.5648","38.3310","6.6736","0.0000","74.5694","5.00","Novices Hurdle","Donovan, Philip","Slattery, Andrew","5","3","7","2m7f ","5yo+","18584","0","G3",
"2026-02-14","1.55.","Gowran Park","2nd","Changeyourstars (IRE)","0.0000","0.0000","0.0000","0.0000","0.0000","0.0000","0.0000","0.0000","0.0000","0.0000","0.0000","0.0000","29.2254","15.5000","7.4100","0.0000","52.1354","10.00","Novices Hurdle","Enright, P T","King, James Kieran","5","2","6","2m7f ","5yo+","18584","0","G3",
"2026-02-14","1.55.","Gowran Park","5th","Walks The Talk (IRE)","0.0000","0.0000","0.0000","0.0000","0.0000","0.0000","0.0000","0.0000","0.0000","0.0000","0.0000","0.0000","19.3758","14.2674","7.4105","0.0000","41.0537","5.50","Novices Hurdle","Harvey, A","McConnell, John C","5","5","7","2m7f ","5yo+","18584","0","G3",
"2026-02-14","2.00.","Lingfield","1st","Thecoffeepoddotco","0.0000","0.0000","0.0000","0.0000","0.0000","0.0000","0.0000","0.0000","0.0000","0.0000","0.0000","0.0000","43.8858","38.4020","10.2710","0.0000","92.5588","2.50","Handicap","Leavy, Joe","Hannon (Jnr), Richard","9","1","4","5f ","4yo+","4329","5",,
"2026-02-14","2.00.","Lingfield","3rd","Mc Loven","0.0000","0.0000","0.0000","0.0000","0.0000","0.0000","0.0000","0.0000","0.0000","0.0000","0.0000","0.0000","40.4176","27.9606","12.2065","0.0000","80.5847","3.00","Handicap","Bradley, Paddy","Dow, S","9","3","5","5f ","4yo+","4329","5",,
"2026-02-14","2.00.","Lingfield","2nd","Cayman Tai (IRE)","0.0000","0.0000","0.0000","0.0000","0.0000","0.0000","0.0000","0.0000","0.0000","0.0000","0.0000","0.0000","32.6040","38.1650","8.9140","0.0000","79.6830","4.00","Handicap","Levey, S M","Hannon (Jnr), Richard","9","2","4","5f ","4yo+","4329","5",,
"2026-02-14","2.00.","Lingfield","6th","Distant Rumble","0.0000","0.0000","0.0000","0.0000","0.0000","0.0000","0.0000","0.0000","0.0000","0.0000","0.0000","0.0000","35.3066","20.4562","5.0026","0.0000","60.7654","8.00","Handicap","Fallon, Cieren","Teal, R A","9","6","4","5f ","4yo+","4329","5",,
"2026-02-14","2.00.","Lingfield","6th","Micks Spirit","0.0000","0.0000","0.0000","0.0000","0.0000","0.0000","0.0000","0.0000","0.0000","0.0000","0.0000","0.0000","27.3204","21.7658","3.5641","0.0000","52.6503","12.00","Handicap","Keenan, Darragh","Allen, C N","9","6","8","5f ","4yo+","4329","5",,
"2026-02-14","2.00.","Lingfield","8th","Honour Your Dreams (FR)","0.0000","0.0000","0.0000","0.0000","0.0000","0.0000","0.0000","0.0000","0.0000","0.0000","0.0000","0.0000","21.0000","21.5278","5.7145","0.0000","48.2423","16.00","Handicap","Fox, Kieren","Attwater, M J","9","8","6","5f ","4yo+","4329","5",,
"2026-02-14","2.00.","Lingfield","9th","Manhattan Chute (IRE)","0.0000","0.0000","0.0000","0.0000","0.0000","0.0000","0.0000","0.0000","0.0000","0.0000","0.0000","0.0000","12.5104","23.1896","10.0308","0.0000","45.7308","66.00","Handicap","Mangan, Gina","Best, Jim/Suzi","9","9","4","5f ","4yo+","4329","5",,
"2026-02-14","2.00.","Lingfield","4th","Sandscreendeliverd","0.0000","0.0000","0.0000","0.0000","0.0000","0.0000","0.0000","0.0000","0.0000","0.0000","0.0000","0.0000","22.8614","13.0992","9.3285","0.0000","45.2891","25.00","Handicap","Queally, T P","Crate, Peter","9","4","4","5f ","4yo+","4329","5",,
"2026-02-14","2.00.","Lingfield","5th","Beaumadier (IRE)","0.0000","0.0000","0.0000","0.0000","0.0000","0.0000","0.0000","0.0000","0.0000","0.0000","0.0000","0.0000","9.5558","24.9244","5.9165","0.0000","40.3967","6.50","Handicap","Whiteley, C J","Loughnane, Daniel Mark","9","5","6","5f ","4yo+","4329","5",,
"2026-02-14","2.05.","Haydock","UR","French Ship","0.0000","0.0000","0.0000","0.0000","0.0000","0.0000","0.0000","0.0000","0.0000","0.0000","0.0000","0.0000","49.2001","52.7088","12.4076","0.0000","114.3165","2.50","Hurdle","Williams, Lorcan","Hobbs, P J / White, J","5","0","6","3m.5f ","5yo+","34170","1","G2",
"2026-02-14","2.05.","Haydock","2nd","Henri The Second (FR)","0.0000","0.0000","0.0000","0.0000","0.0000","0.0000","0.0000","0.0000","0.0000","0.0000","0.0000","0.0000","52.1851","53.1396","3.2001","0.0000","108.5248","5.00","Hurdle","Gingell, Frederick","Nicholls, P F","5","2","9","3m.5f ","5yo+","34170","1","G2",
"2026-02-14","2.05.","Haydock","4th","Beauport (IRE)","0.0000","0.0000","0.0000","0.0000","0.0000","0.0000","0.0000","0.0000","0.0000","0.0000","0.0000","0.0000","54.7801","43.3114","5.5432","0.0000","103.6347","6.00","Hurdle","McCain-Mitchell, Toby","Twiston-Davies, N A","5","4","10","3m.5f ","5yo+","34170","1","G2",
"2026-02-14","2.05.","Haydock","1st","Ludor (FR)","0.0000","0.0000","0.0000","0.0000","0.0000","0.0000","0.0000","0.0000","0.0000","0.0000","0.0000","0.0000","45.4822","32.2960","2.6111","0.0000","80.3893","1.38","Hurdle","Sheehan, Gavin","Symonds, Tom","5","1","6","3m.5f ","5yo+","34170","1","G2",
"2026-02-14","2.05.","Haydock","3rd","Lavida Adiva (IRE)","0.0000","0.0000","0.0000","0.0000","0.0000","0.0000","0.0000","0.0000","0.0000","0.0000","0.0000","0.0000","42.9558","17.6460","7.9958","0.0000","68.5976","14.00","Hurdle","Hughes, Brian","Jefferson, Ruth","5","3","7","3m.5f ","5yo+","34170","1","G2",
"2026-02-14","2.11.","Wincanton","2nd","Marhaba Prince","0.0000","0.0000","0.0000","0.0000","0.0000","0.0000","0.0000","0.0000","0.0000","0.0000","0.0000","0.0000","40.2926","41.7264","12.0803","0.0000","94.0993","0.91","Maiden Hurdle","Twiston-Davies, Sam","Honeyball, A J","10","2","5","1m7.5f ","4yo+","5281","4",,
"2026-02-14","2.11.","Wincanton","9th","Cue Jump","0.0000","0.0000","0.0000","0.0000","0.0000","0.0000","0.0000","0.0000","0.0000","0.0000","0.0000","0.0000","21.9844","38.3160","11.7085","0.0000","72.0089","80.00","Maiden Hurdle","Kimber, Harry","Woollacott, Mrs Kayley","10","9","6","1m7.5f ","4yo+","5281","4",,
"2026-02-14","2.11.","Wincanton","7th","Gilded Glance","0.0000","0.0000","0.0000","0.0000","0.0000","0.0000","0.0000","0.0000","0.0000","0.0000","0.0000","0.0000","35.1576","23.3338","11.1696","0.0000","69.6610","80.00","Maiden Hurdle","Gethings, Ciaran","Williams, Mrs Jane","10","7","6","1m7.5f ","4yo+","5281","4",,
"2026-02-14","2.11.","Wincanton","6th","Full Force Gale (IRE)","0.0000","0.0000","0.0000","0.0000","0.0000","0.0000","0.0000","0.0000","0.0000","0.0000","0.0000","0.0000","17.5814","29.5944","9.7663","0.0000","56.9421","6.00","Maiden Hurdle","Deutsch, Charlie","George, T R","10","6","6","1m7.5f ","4yo+","5281","4",,
"2026-02-14","2.11.","Wincanton","8th","Mistress Fox","0.0000","0.0000","0.0000","0.0000","0.0000","0.0000","0.0000","0.0000","0.0000","0.0000","0.0000","0.0000","12.3425","36.5816","7.8688","0.0000","56.7929","125.00","Maiden Hurdle","Harris, Bradley","Mulholland, N P","10","8","6","1m7.5f ","4yo+","5281","4",,
"2026-02-14","2.11.","Wincanton","3rd","The Egyptian Ginge (IRE)","0.0000","0.0000","0.0000","0.0000","0.0000","0.0000","0.0000","0.0000","0.0000","0.0000","0.0000","0.0000","7.0580","40.7042","4.8555","0.0000","52.6177","3.33","Maiden Hurdle","Neild, Jamie","Twiston-Davies, N A","10","3","5","1m7.5f ","4yo+","5281","4",,
"2026-02-14","2.11.","Wincanton","1st","Caballero Cliff","0.0000","0.0000","0.0000","0.0000","0.0000","0.0000","0.0000","0.0000","0.0000","0.0000","0.0000","0.0000","14.3408","25.3660","9.1242","0.0000","48.8310","3.00","Maiden Hurdle","Dunne, R T","Stephens, Robert","10","1","5","1m7.5f ","4yo+","5281","4",,
"2026-02-14","2.11.","Wincanton","5th","King Sacre (FR)","0.0000","0.0000","0.0000","0.0000","0.0000","0.0000","0.0000","0.0000","0.0000","0.0000","0.0000","0.0000","20.2236","10.2898","5.9313","0.0000","36.4447","50.00","Maiden Hurdle","Best, J A","Hawke, N J","10","5","6","1m7.5f ","4yo+","5281","4",,
"2026-02-14","2.11.","Wincanton","10th","Richforadaay","0.0000","0.0000","0.0000","0.0000","0.0000","0.0000","0.0000","0.0000","0.0000","0.0000","0.0000","0.0000","18.7954","0.0000","5.3699","0.0000","24.1653","125.00","Maiden Hurdle","Carver, Bryan","Chanin, I","10","10","6","1m7.5f ","4yo+","5281","4",,
"2026-02-14","2.11.","Wincanton","4th","Dunaden Island","0.0000","0.0000","0.0000","0.0000","0.0000","0.0000","0.0000","0.0000","0.0000","0.0000","0.0000","0.0000","20.2324","0.0000","2.9724","0.0000","23.2048","125.00","Maiden Hurdle","Corcoran, Rian","Chanin, I","10","4","8","1m7.5f ","4yo+","5281","4",,
"2026-02-14","2.25.","Ascot","6th","Captain Teague (IRE)","0.0000","0.0000","0.0000","0.0000","0.0000","0.0000","0.0000","0.0000","0.0000","0.0000","0.0000","0.0000","76.5870","68.7656","9.7815","0.0000","155.1341","8.50","Handicap Hurdle","Cobden, Harry","Nicholls, P F","15","6","8","2m3.5f ","4yo+","26015","2",,
"2026-02-14","2.25.","Ascot","7th","Listentoyourheart (IRE)","0.0000","0.0000","0.0000","0.0000","0.0000","0.0000","0.0000","0.0000","0.0000","0.0000","0.0000","0.0000","49.8900","51.9376","11.7550","0.0000","113.5826","6.50","Handicap Hurdle","Durrell, Tristan","Skelton, Daniel","15","7","7","2m3.5f ","4yo+","26015","2",,
"2026-02-14","2.25.","Ascot","PU","Hurricane Bay","0.0000","0.0000","0.0000","0.0000","0.0000","0.0000","0.0000","0.0000","0.0000","0.0000","0.0000","0.0000","51.7783","45.8998","9.4890","0.0000","107.1671","80.00","Handicap Hurdle","Cannon, Tom J","Wadham, Mrs L","15","0","10","2m3.5f ","4yo+","26015","2",,
"2026-02-14","2.25.","Ascot","PU","Range (IRE)","0.0000","0.0000","0.0000","0.0000","0.0000","0.0000","0.0000","0.0000","0.0000","0.0000","0.0000","0.0000","47.8032","46.2476","7.3550","0.0000","101.4058","7.00","Handicap Hurdle","Jones, Ben R","Thomas, Sam","15","0","9","2m3.5f ","4yo+","26015","2",,
"2026-02-14","2.25.","Ascot","1st","Fiercely Proud (IRE)","0.0000","0.0000","0.0000","0.0000","0.0000","0.0000","0.0000","0.0000","0.0000","0.0000","0.0000","0.0000","47.3723","45.1584","7.0232","0.0000","99.5539","8.00","Handicap Hurdle","Woods, K K","Pauling, Ben","15","1","7","2m3.5f ","4yo+","26015","2",,
"2026-02-14","2.25.","Ascot","9th","Kateira","0.0000","0.0000","0.0000","0.0000","0.0000","0.0000","0.0000","0.0000","0.0000","0.0000","0.0000","0.0000","36.7568","52.0666","7.7305","0.0000","96.5539","16.00","Handicap Hurdle","Boinville, Nico","Skelton, Daniel","15","9","9","2m3.5f ","4yo+","26015","2",,
"2026-02-14","2.25.","Ascot","11th","Jurancon (FR)","0.0000","0.0000","0.0000","0.0000","0.0000","0.0000","0.0000","0.0000","0.0000","0.0000","0.0000","0.0000","44.0904","51.8796","0.4328","0.0000","96.4028","10.00","Handicap Hurdle","Tudor, Jack","Pipe, D E","15","11","7","2m3.5f ","4yo+","26015","2",,
"2026-02-14","2.25.","Ascot","10th","Rambo T (IRE)","0.0000","0.0000","0.0000","0.0000","0.0000","0.0000","0.0000","0.0000","0.0000","0.0000","0.0000","0.0000","34.3980","47.2546","6.9960","0.0000","88.6486","80.00","Handicap Hurdle","Brogan, Kevin","Murphy, Olly","15","10","9","2m3.5f ","4yo+","26015","2",,
"2026-02-14","2.25.","Ascot","2nd","John Barbour","0.0000","0.0000","0.0000","0.0000","0.0000","0.0000","0.0000","0.0000","0.0000","0.0000","0.0000","0.0000","39.2864","40.7550","8.3775","0.0000","88.4189","7.50","Handicap Hurdle","Burke, Jonathan","OBrien, Fergal","15","2","7","2m3.5f ","4yo+","26015","2",,
"2026-02-14","2.25.","Ascot","8th","Act Of Authority (FR)","0.0000","0.0000","0.0000","0.0000","0.0000","0.0000","0.0000","0.0000","0.0000","0.0000","0.0000","0.0000","30.2543","45.5896","6.1445","0.0000","81.9884","9.00","Handicap Hurdle","Saunders, Lewis","Murphy, Olly","15","8","8","2m3.5f ","4yo+","26015","2",,
"2026-02-14","2.25.","Ascot","4th","Moveit Like Minnie (IRE)","0.0000","0.0000","0.0000","0.0000","0.0000","0.0000","0.0000","0.0000","0.0000","0.0000","0.0000","0.0000","29.3036","39.6840","0.3480","0.0000","69.3356","12.00","Handicap Hurdle","Bellamy, Tom","Twiston-Davies, N A","15","4","9","2m3.5f ","4yo+","26015","2",,
"2026-02-14","2.25.","Ascot","3rd","De Temps En Temps (IRE)","0.0000","0.0000","0.0000","0.0000","0.0000","0.0000","0.0000","0.0000","0.0000","0.0000","0.0000","0.0000","22.9518","29.5734","8.8470","0.0000","61.3722","25.00","Handicap Hurdle","Keighley, Freddie","Keighley, M","15","3","7","2m3.5f ","4yo+","26015","2",,
"2026-02-14","2.25.","Ascot","12th","Kamaxos (FR)","0.0000","0.0000","0.0000","0.0000","0.0000","0.0000","0.0000","0.0000","0.0000","0.0000","0.0000","0.0000","27.0960","23.3824","5.8599","0.0000","56.3383","22.00","Handicap Hurdle","Pinchin, Lilly","Longsdon, C E","15","12","9","2m3.5f ","4yo+","26015","2",,
"2026-02-14","2.25.","Ascot","13th","Lightningupourdays","0.0000","0.0000","0.0000","0.0000","0.0000","0.0000","0.0000","0.0000","0.0000","0.0000","0.0000","0.0000","12.9212","32.1240","5.6060","0.0000","50.6512","4.00","Handicap Hurdle","Hogan, Jack","Ralph, Alastair","15","13","7","2m3.5f ","4yo+","26015","2",,
"2026-02-14","2.25.","Ascot","5th","No Ordinary Joe (IRE)","0.0000","0.0000","0.0000","0.0000","0.0000","0.0000","0.0000","0.0000","0.0000","0.0000","0.0000","0.0000","5.2440","35.4410","9.3940","0.0000","50.0790","18.00","Handicap Hurdle","Macey, Benjamin","Bramley, Faye","15","5","10","2m3.5f ","4yo+","26015","2",,
"2026-02-14","2.30.","Gowran Park","11th","Themanintheanorak (IRE)","0.0000","0.0000","0.0000","0.0000","0.0000","0.0000","0.0000","0.0000","0.0000","0.0000","0.0000","0.0000","62.1992","22.8750","3.9385","0.0000","89.0127","3.00","Handicap Hurdle","Kenneally, Michael","OSullivan, Eugene M","14","11","6","2m4f ","4yo+","7965","0",,
"2026-02-14","2.30.","Gowran Park","10th","Jacovec Cavern","0.0000","0.0000","0.0000","0.0000","0.0000","0.0000","0.0000","0.0000","0.0000","0.0000","0.0000","0.0000","23.5440","57.9100","5.0180","0.0000","86.4720","6.50","Handicap Hurdle","Condon, R J","Hennessy, Paul","14","10","7","2m4f ","4yo+","7965","0",,
"2026-02-14","2.30.","Gowran Park","7th","The King Of Prs (IRE)","0.0000","0.0000","0.0000","0.0000","0.0000","0.0000","0.0000","0.0000","0.0000","0.0000","0.0000","0.0000","28.4710","38.2098","5.6152","0.0000","72.2960","8.50","Handicap Hurdle","Donoghue, K M","Cromwell, Gavin Patrick","14","7","8","2m4f ","4yo+","7965","0",,
"2026-02-14","2.30.","Gowran Park","1st","Grimaud (FR)","0.0000","0.0000","0.0000","0.0000","0.0000","0.0000","0.0000","0.0000","0.0000","0.0000","0.0000","0.0000","8.8336","44.2382","6.9099","0.0000","59.9817","4.00","Handicap Hurdle","Williamson, Josh","Elliott, Gordon","14","1","6","2m4f ","4yo+","7965","0",,
"2026-02-14","2.30.","Gowran Park","8th","Miss Corby (IRE)","0.0000","0.0000","0.0000","0.0000","0.0000","0.0000","0.0000","0.0000","0.0000","0.0000","0.0000","0.0000","36.2806","7.5010","8.8275","0.0000","52.6091","20.00","Handicap Hurdle","Swan, H C","Morris, M F","14","8","6","2m4f ","4yo+","7965","0",,
"2026-02-14","2.30.","Gowran Park","4th","Brideswell Lad (IRE)","0.0000","0.0000","0.0000","0.0000","0.0000","0.0000","0.0000","0.0000","0.0000","0.0000","0.0000","0.0000","31.6212","10.5320","6.6080","0.0000","48.7612","50.00","Handicap Hurdle","Slevin, J J","Neville, Seamus","14","4","10","2m4f ","4yo+","7965","0",,
"2026-02-14","2.30.","Gowran Park","3rd","Grandero Bello (FR)","0.0000","0.0000","0.0000","0.0000","0.0000","0.0000","0.0000","0.0000","0.0000","0.0000","0.0000","0.0000","16.0660","14.0026","4.9304","0.0000","34.9990","9.00","Handicap Hurdle","Buckley, Kieran","Harty, Edward and Patrick","14","3","10","2m4f ","4yo+","7965","0",,
"2026-02-14","2.30.","Gowran Park","12th","Teed Up (IRE)","0.0000","0.0000","0.0000","0.0000","0.0000","0.0000","0.0000","0.0000","0.0000","0.0000","0.0000","0.0000","6.2522","24.2176","4.2947","0.0000","34.7645","28.00","Handicap Hurdle","Doyle, R A","Mullins, Emmet","14","12","9","2m4f ","4yo+","7965","0",,
"2026-02-14","2.30.","Gowran Park","PU","Laxxio","0.0000","0.0000","0.0000","0.0000","0.0000","0.0000","0.0000","0.0000","0.0000","0.0000","0.0000","0.0000","22.2574","5.6986","6.2422","0.0000","34.1982","8.50","Handicap Hurdle","Mullins, D E","Mullins, Anthony","14","0","5","2m4f ","4yo+","7965","0",,
"2026-02-14","2.30.","Gowran Park","13th","Quest With Speed (IRE)","0.0000","0.0000","0.0000","0.0000","0.0000","0.0000","0.0000","0.0000","0.0000","0.0000","0.0000","0.0000","7.1896","11.3790","3.7304","0.0000","22.2990","11.00","Handicap Hurdle","Gainford, Jordan","Hanlon, John Joseph","14","13","9","2m4f ","4yo+","7965","0",,
"2026-02-14","2.30.","Gowran Park","2nd","Krabat (IRE)","0.0000","0.0000","0.0000","0.0000","0.0000","0.0000","0.0000","0.0000","0.0000","0.0000","0.0000","0.0000","12.3538","3.1390","0.8888","0.0000","16.3816","5.50","Handicap Hurdle","Quirke, Cian","McDonagh, Michael J","14","2","11","2m4f ","4yo+","7965","0",,
"2026-02-14","2.30.","Gowran Park","5th","Whatsavailable (IRE)","0.0000","0.0000","0.0000","0.0000","0.0000","0.0000","0.0000","0.0000","0.0000","0.0000","0.0000","0.0000","7.7874","5.0710","3.1275","0.0000","15.9859","33.00","Handicap Hurdle","Brouder, Gavin","Morris, M F","14","5","9","2m4f ","4yo+","7965","0",,
"2026-02-14","2.30.","Gowran Park","9th","Must Go Now (IRE)","0.0000","0.0000","0.0000","0.0000","0.0000","0.0000","0.0000","0.0000","0.0000","0.0000","0.0000","0.0000","3.9560","3.7150","6.7574","0.0000","14.4284","20.00","Handicap Hurdle","Walsh, E","Cawley, Edward","14","9","9","2m4f ","4yo+","7965","0",,
"2026-02-14","2.30.","Gowran Park","6th","Ossifer Hops (IRE)","0.0000","0.0000","0.0000","0.0000","0.0000","0.0000","0.0000","0.0000","0.0000","0.0000","0.0000","0.0000","4.0008","1.5080","4.7251","0.0000","10.2339","125.00","Handicap Hurdle","OSullivan, Ethan","Crowley, Bernard Martin","14","6","8","2m4f ","4yo+","7965","0",,
"2026-02-14","2.35.","Lingfield","2nd","Gennadius","0.0000","0.0000","0.0000","0.0000","0.0000","0.0000","0.0000","0.0000","0.0000","0.0000","0.0000","0.0000","35.4620","38.4020","10.0110","0.0000","83.8750","3.50","Handicap","Levey, S M","Hannon (Jnr), Richard","8","2","4","1m ","4yo+","4397","5",,
"2026-02-14","2.35.","Lingfield","3rd","Way To Dubai (IRE)","0.0000","0.0000","0.0000","0.0000","0.0000","0.0000","0.0000","0.0000","0.0000","0.0000","0.0000","0.0000","31.2080","38.0992","9.3050","0.0000","78.6122","2.00","Handicap","Davies, Harry","Appleby, M","8","3","7","1m ","4yo+","4397","5",,
"2026-02-14","2.35.","Lingfield","1st","Union Island (IRE)","0.0000","0.0000","0.0000","0.0000","0.0000","0.0000","0.0000","0.0000","0.0000","0.0000","0.0000","0.0000","32.8430","31.9636","4.8240","0.0000","69.6306","7.50","Handicap","Bowen, S D","Johnston, Charlie","8","1","5","1m ","4yo+","4397","5",,
"2026-02-14","2.35.","Lingfield","5th","Pitney (IRE)","0.0000","0.0000","0.0000","0.0000","0.0000","0.0000","0.0000","0.0000","0.0000","0.0000","0.0000","0.0000","26.6878","21.5278","11.8890","0.0000","60.1046","5.00","Handicap","Carson, William","Attwater, M J","8","5","5","1m ","4yo+","4397","5",,
"2026-02-14","2.35.","Lingfield","4th","Elouises Prince (IRE)","0.0000","0.0000","0.0000","0.0000","0.0000","0.0000","0.0000","0.0000","0.0000","0.0000","0.0000","0.0000","16.0467","23.8636","10.1255","0.0000","50.0358","3.00","Handicap","Fernandes, Jude","Dace, L A","8","4","4","1m ","4yo+","4397","5",,
"2026-02-14","2.35.","Lingfield","6th","Comedian Leader","0.0000","0.0000","0.0000","0.0000","0.0000","0.0000","0.0000","0.0000","0.0000","0.0000","0.0000","0.0000","10.1974","21.2906","9.2070","0.0000","40.6950","125.00","Handicap","Cox, William","Best, Jim/Suzi","8","6","6","1m ","4yo+","4397","5",,
"2026-02-14","2.35.","Lingfield","7th","Dakota Power","0.0000","0.0000","0.0000","0.0000","0.0000","0.0000","0.0000","0.0000","0.0000","0.0000","0.0000","0.0000","0.9240","19.8082","7.4970","0.0000","28.2292","25.00","Handicap","Lewis, Owen","Teal, R A","8","7","7","1m ","4yo+","4397","5",,
"2026-02-14","2.35.","Lingfield","8th","Dalmally","0.0000","0.0000","0.0000","0.0000","0.0000","0.0000","0.0000","0.0000","0.0000","0.0000","0.0000","0.0000","17.4595","2.9324","2.3424","0.0000","22.7343","50.00","Handicap","Greatrex, Thomas","Pattinson, Mark","8","8","4","1m ","4yo+","4397","5",,
"2026-02-14","2.40.","Haydock","4th","Legendary Luke (IRE)","0.0000","0.0000","0.0000","0.0000","0.0000","0.0000","0.0000","0.0000","0.0000","0.0000","0.0000","0.0000","71.9582","72.1508","8.8630","0.0000","152.9720","9.00","Novices Hurdle","Sheehan, Gavin","Snowden, Jamie","9","4","6","3m.5f ","5yo+","45560","1","G2",
"2026-02-14","2.40.","Haydock","1st","Dalston Lad (IRE)","0.0000","0.0000","0.0000","0.0000","0.0000","0.0000","0.0000","0.0000","0.0000","0.0000","0.0000","0.0000","65.2234","65.3536","8.2400","0.0000","138.8170","2.50","Novices Hurdle","Skelton, Harry","Skelton, Daniel","9","1","6","3m.5f ","5yo+","45560","1","G2",
"2026-02-14","2.40.","Haydock","9th","Lon Chaney (IRE)","0.0000","0.0000","0.0000","0.0000","0.0000","0.0000","0.0000","0.0000","0.0000","0.0000","0.0000","0.0000","66.2724","53.2548","10.4870","0.0000","130.0142","11.00","Novices Hurdle","Bowen, Sean P","Murphy, Olly","9","9","6","3m.5f ","5yo+","45560","1","G2",
"2026-02-14","2.40.","Haydock","7th","Reckless Spending (IRE)","0.0000","0.0000","0.0000","0.0000","0.0000","0.0000","0.0000","0.0000","0.0000","0.0000","0.0000","0.0000","50.7476","63.0960","8.3214","0.0000","122.1650","3.00","Novices Hurdle","Bowen, James C","Henderson, N J","9","7","6","3m.5f ","5yo+","45560","1","G2",
"2026-02-14","2.40.","Haydock","2nd","Ubatuba (IRE)","0.0000","0.0000","0.0000","0.0000","0.0000","0.0000","0.0000","0.0000","0.0000","0.0000","0.0000","0.0000","37.4460","73.2558","8.8630","0.0000","119.5648","5.00","Novices Hurdle","Sutton, Ben","Murphy, Olly","9","2","6","3m.5f ","5yo+","45560","1","G2",
"2026-02-14","2.40.","Haydock","5th","Whiskey Yankee","0.0000","0.0000","0.0000","0.0000","0.0000","0.0000","0.0000","0.0000","0.0000","0.0000","0.0000","0.0000","57.0465","54.0032","6.5411","0.0000","117.5908","7.00","Novices Hurdle","Johnston, Dylan","Thomas, Sam","9","5","5","3m.5f ","5yo+","45560","1","G2",
"2026-02-14","2.40.","Haydock","3rd","Tashkhan (IRE)","0.0000","0.0000","0.0000","0.0000","0.0000","0.0000","0.0000","0.0000","0.0000","0.0000","0.0000","0.0000","69.0498","20.3166","5.8055","0.0000","95.1719","20.00","Novices Hurdle","Hughes, Brian","Ellison, B","9","3","8","3m.5f ","5yo+","45560","1","G2",
"2026-02-14","2.40.","Haydock","8th","Kasino Des Mottes (FR)","0.0000","0.0000","0.0000","0.0000","0.0000","0.0000","0.0000","0.0000","0.0000","0.0000","0.0000","0.0000","32.5393","50.2982","2.7271","0.0000","85.5646","11.00","Novices Hurdle","Gingell, Frederick","Tizzard, Joe","9","8","6","3m.5f ","5yo+","45560","1","G2",
"2026-02-14","2.40.","Haydock","6th","Caughtinyourtrance (IRE)","0.0000","0.0000","0.0000","0.0000","0.0000","0.0000","0.0000","0.0000","0.0000","0.0000","0.0000","0.0000","14.1343","11.4204","8.5205","0.0000","34.0752","50.00","Novices Hurdle","Moscrop, Nathan","Moffatt, James","9","6","7","3m.5f ","5yo+","45560","1","G2",
"2026-02-14","2.50.","Wincanton","3rd","Pedley Wood (IRE)","0.0000","0.0000","0.0000","0.0000","0.0000","0.0000","0.0000","0.0000","0.0000","0.0000","0.0000","0.0000","49.0680","55.4356","9.5270","0.0000","114.0306","7.00","Handicap Chase","Powell, Brendan","Tizzard, Joe","7","3","9","2m4.5f ","5yo+","5413","4",,
"2026-02-14","2.50.","Wincanton","4th","Saint Cyr De Pail (FR)","0.0000","0.0000","0.0000","0.0000","0.0000","0.0000","0.0000","0.0000","0.0000","0.0000","0.0000","0.0000","40.1576","29.3338","10.7121","0.0000","80.2035","3.00","Handicap Chase","Gethings, Ciaran","Williams, Mrs Jane","7","4","7","2m4.5f ","5yo+","5413","4",,
"2026-02-14","2.50.","Wincanton","F","Mutley Crew (FR)","0.0000","0.0000","0.0000","0.0000","0.0000","0.0000","0.0000","0.0000","0.0000","0.0000","0.0000","0.0000","35.1480","36.9916","7.0490","0.0000","79.1886","1.88","Handicap Chase","Kimber, Harry","Walford, Robert","7","0","10","2m4.5f ","5yo+","5413","4",,
"2026-02-14","2.50.","Wincanton","2nd","Bonza Boy","0.0000","0.0000","0.0000","0.0000","0.0000","0.0000","0.0000","0.0000","0.0000","0.0000","0.0000","0.0000","28.1806","42.7704","4.4481","0.0000","75.3991","6.50","Handicap Chase","OBrien, P V","Scott, J","7","2","9","2m4.5f ","5yo+","5413","4",,
"2026-02-14","2.50.","Wincanton","5th","Pilsdon Pen","0.0000","0.0000","0.0000","0.0000","0.0000","0.0000","0.0000","0.0000","0.0000","0.0000","0.0000","0.0000","23.3414","46.8414","2.9153","0.0000","73.0981","7.00","Handicap Chase","Carver, Bryan","Scott, J","7","5","9","2m4.5f ","5yo+","5413","4",,
"2026-02-14","2.50.","Wincanton","1st","Jeu Dopale (FR)","0.0000","0.0000","0.0000","0.0000","0.0000","0.0000","0.0000","0.0000","0.0000","0.0000","0.0000","0.0000","23.7316","13.1484","4.2457","0.0000","41.1257","10.00","Handicap Chase","Deutsch, Charlie","Williams, Miss Venetia","7","1","8","2m4.5f ","5yo+","5413","4",,
"2026-02-14","2.50.","Wincanton","PU","Valirann Gold (IRE)","0.0000","0.0000","0.0000","0.0000","0.0000","0.0000","0.0000","0.0000","0.0000","0.0000","0.0000","0.0000","13.4437","2.5740","3.8168","0.0000","19.8345","11.00","Handicap Chase","Godfrey, Ben","Brown, Miss Harriet","7","0","9","2m4.5f ","5yo+","5413","4",,
"2026-02-14","3.00.","Ascot","PU","Threeunderthrufive (IRE)","0.0000","0.0000","0.0000","0.0000","0.0000","0.0000","0.0000","0.0000","0.0000","0.0000","0.0000","0.0000","68.5870","66.1466","7.6170","0.0000","142.3506","12.00","Handicap Chase","Cobden, Harry","Nicholls, P F","11","0","11","3m ","5yo+","56950","1",,
"2026-02-14","3.00.","Ascot","3rd","Your Darling (IRE)","0.0000","0.0000","0.0000","0.0000","0.0000","0.0000","0.0000","0.0000","0.0000","0.0000","0.0000","0.0000","63.5128","46.6314","7.1550","0.0000","117.2992","7.50","Handicap Chase","Jones, Ben R","Pauling, Ben","11","3","11","3m ","5yo+","56950","1",,
"2026-02-14","3.00.","Ascot","9th","Joyeux Machin (FR)","0.0000","0.0000","0.0000","0.0000","0.0000","0.0000","0.0000","0.0000","0.0000","0.0000","0.0000","0.0000","39.8900","40.3996","4.0731","0.0000","84.3627","5.00","Handicap Chase","Durrell, Tristan","Skelton, Daniel","11","9","9","3m ","5yo+","56950","1",,
"2026-02-14","3.00.","Ascot","2nd","Gericault Roque (FR)","0.0000","0.0000","0.0000","0.0000","0.0000","0.0000","0.0000","0.0000","0.0000","0.0000","0.0000","0.0000","35.2024","41.1666","3.7317","0.0000","80.1007","18.00","Handicap Chase","Tudor, Jack","Pipe, D E","11","2","10","3m ","5yo+","56950","1",,
"2026-02-14","3.00.","Ascot","10th","Sam Brown","0.0000","0.0000","0.0000","0.0000","0.0000","0.0000","0.0000","0.0000","0.0000","0.0000","0.0000","0.0000","27.4834","46.9176","5.1523","0.0000","79.5533","28.00","Handicap Chase","Bament, Chad","Honeyball, A J","11","10","14","3m ","5yo+","56950","1",,
"2026-02-14","3.00.","Ascot","8th","Credo (IRE)","0.0000","0.0000","0.0000","0.0000","0.0000","0.0000","0.0000","0.0000","0.0000","0.0000","0.0000","0.0000","25.3283","46.4766","6.4105","0.0000","78.2154","40.00","Handicap Chase","Dingle, Rex","Honeyball, A J","11","8","11","3m ","5yo+","56950","1",,
"2026-02-14","3.00.","Ascot","4th","Jipcot (FR)","0.0000","0.0000","0.0000","0.0000","0.0000","0.0000","0.0000","0.0000","0.0000","0.0000","0.0000","0.0000","32.4101","35.8442","4.8144","0.0000","73.0687","2.75","Handicap Chase","Woods, K K","ONeill, Jonjo and AJ","11","4","7","3m ","5yo+","56950","1",,
"2026-02-14","3.00.","Ascot","6th","Invincible Nao (FR)","0.0000","0.0000","0.0000","0.0000","0.0000","0.0000","0.0000","0.0000","0.0000","0.0000","0.0000","0.0000","38.1208","29.4024","1.2906","0.0000","68.8138","14.00","Handicap Chase","Quinn, Caoilin","Moore, Gary and Josh","11","6","8","3m ","5yo+","56950","1",,
"2026-02-14","3.00.","Ascot","1st","Montregard (FR)","0.0000","0.0000","0.0000","0.0000","0.0000","0.0000","0.0000","0.0000","0.0000","0.0000","0.0000","0.0000","22.6486","32.5214","1.4936","0.0000","56.6636","3.33","Handicap Chase","Burke, Jonathan","Lacey, T","11","1","7","3m ","5yo+","56950","1",,
"2026-02-14","3.00.","Ascot","7th","Nocte Volatus","0.0000","0.0000","0.0000","0.0000","0.0000","0.0000","0.0000","0.0000","0.0000","0.0000","0.0000","0.0000","24.2787","27.9854","2.5701","0.0000","54.8342","11.00","Handicap Chase","Sheppard, Stan","Lacey, T","11","7","11","3m ","5yo+","56950","1",,
"2026-02-14","3.00.","Ascot","5th","Hunter Legend (FR)","0.0000","0.0000","0.0000","0.0000","0.0000","0.0000","0.0000","0.0000","0.0000","0.0000","0.0000","0.0000","3.7004","32.7576","0.7504","0.0000","37.2084","12.00","Handicap Chase","Turner, Miss L M","Williams, Miss Venetia","11","5","9","3m ","5yo+","56950","1",,
"2026-02-14","3.05.","Gowran Park","2nd","Luciole Des Bordes (FR)","0.0000","0.0000","0.0000","0.0000","0.0000","0.0000","0.0000","0.0000","0.0000","0.0000","0.0000","0.0000","73.8732","62.7756","2.1902","0.0000","138.8390","0.62","NH Flat","Mullins, Mr P W","Mullins, W P","7","2","5","2m1f ","4yo+","5842","0",,
"2026-02-14","3.05.","Gowran Park","4th","Courtmac Gesture (IRE)","0.0000","0.0000","0.0000","0.0000","0.0000","0.0000","0.0000","0.0000","0.0000","0.0000","0.0000","0.0000","2.2392","50.7050","9.6750","0.0000","62.6192","12.00","NH Flat","Hogan, C M","Motherway, C","7","4","5","2m1f ","4yo+","5842","0",,
"2026-02-14","3.05.","Gowran Park","3rd","Wicked Pleasure (IRE)","0.0000","0.0000","0.0000","0.0000","0.0000","0.0000","0.0000","0.0000","0.0000","0.0000","0.0000","0.0000","28.4170","26.9314","7.0606","0.0000","62.4090","6.00","NH Flat","Gleeson, Mr J L","Bromhead, Henry De","7","3","5","2m1f ","4yo+","5842","0",,
"2026-02-14","3.05.","Gowran Park","6th","Claudel (FR)","0.0000","0.0000","0.0000","0.0000","0.0000","0.0000","0.0000","0.0000","0.0000","0.0000","0.0000","0.0000","4.2136","22.9432","12.0439","0.0000","39.2007","25.00","NH Flat","Hendrick, Mr J W","Nolan, Paul","7","6","5","2m1f ","4yo+","5842","0",,
"2026-02-14","3.05.","Gowran Park","7th","Red Acres Georgie (IRE)","0.0000","0.0000","0.0000","0.0000","0.0000","0.0000","0.0000","0.0000","0.0000","0.0000","0.0000","0.0000","16.2806","5.6986","6.1608","0.0000","28.1400","10.00","NH Flat","Swan, H C","Mullins, Anthony","7","7","6","2m1f ","4yo+","5842","0",,
"2026-02-14","3.05.","Gowran Park","5th","Natures Odyssey (IRE)","0.0000","0.0000","0.0000","0.0000","0.0000","0.0000","0.0000","0.0000","0.0000","0.0000","0.0000","0.0000","3.4800","0.7160","6.8543","0.0000","11.0503","33.00","NH Flat","Ryan, Mr A P","McEnery, P F","7","5","5","2m1f ","4yo+","5842","0",,
"2026-02-14","3.05.","Gowran Park","1st","Nans Choice (IRE)","0.0000","0.0000","0.0000","0.0000","0.0000","0.0000","0.0000","0.0000","0.0000","0.0000","0.0000","0.0000","1.7784","0.0000","7.7787","0.0000","9.5571","5.00","NH Flat","Stone, B T","Houlihan, Conor","7","1","5","2m1f ","4yo+","5842","0",,
"2026-02-14","3.10.","Lingfield","5th","Wiltshire","0.0000","0.0000","0.0000","0.0000","0.0000","0.0000","0.0000","0.0000","0.0000","0.0000","0.0000","0.0000","51.6376","41.6680","10.0145","0.0000","103.3201","6.50","Handicap","Fallon, Cieren","Haggas, W J","7","5","6","7f ","4yo+","15702","2",,
"2026-02-14","3.10.","Lingfield","1st","Heathcliff","0.0000","0.0000","0.0000","0.0000","0.0000","0.0000","0.0000","0.0000","0.0000","0.0000","0.0000","0.0000","45.4597","47.0846","8.5365","0.0000","101.0808","5.00","Handicap","Muscutt, D","Fanshawe, J R","7","1","5","7f ","4yo+","15702","2",,
"2026-02-14","3.10.","Lingfield","3rd","Willem Twee","0.0000","0.0000","0.0000","0.0000","0.0000","0.0000","0.0000","0.0000","0.0000","0.0000","0.0000","0.0000","45.3894","47.8526","7.5050","0.0000","100.7470","16.00","Handicap","Crouch, Hector","Fanshawe, J R","7","3","7","7f ","4yo+","15702","2",,
"2026-02-14","3.10.","Lingfield","4th","Legal Reform (IRE)","0.0000","0.0000","0.0000","0.0000","0.0000","0.0000","0.0000","0.0000","0.0000","0.0000","0.0000","0.0000","56.0554","31.2380","3.4823","0.0000","90.7757","6.00","Handicap","Greatrex, Edward","Herrington,M ","7","4","9","7f ","4yo+","15702","2",,
"2026-02-14","3.10.","Lingfield","2nd","Tiger Crusade (FR)","0.0000","0.0000","0.0000","0.0000","0.0000","0.0000","0.0000","0.0000","0.0000","0.0000","0.0000","0.0000","28.6500","42.4190","9.2100","0.0000","80.2790","8.00","Handicap","Dace, Jack","Simcock, D M","7","2","9","7f ","4yo+","15702","2",,
"2026-02-14","3.10.","Lingfield","6th","Best Rate","0.0000","0.0000","0.0000","0.0000","0.0000","0.0000","0.0000","0.0000","0.0000","0.0000","0.0000","0.0000","37.2198","38.4020","4.0780","0.0000","79.6998","4.00","Handicap","Leavy, Joe","Hannon (Jnr), Richard","7","6","4","7f ","4yo+","15702","2",,
"2026-02-14","3.10.","Lingfield","7th","Benevento (IRE)","0.0000","0.0000","0.0000","0.0000","0.0000","0.0000","0.0000","0.0000","0.0000","0.0000","0.0000","0.0000","25.1868","30.3900","16.5150","0.0000","72.0918","1.88","Handicap","Egan, David","Foy, Kevin","7","7","4","7f ","4yo+","15702","2",,
"2026-02-14","3.15.","Haydock","5th","Git Maker (FR)","0.0000","0.0000","0.0000","0.0000","0.0000","0.0000","0.0000","0.0000","0.0000","0.0000","0.0000","0.0000","58.6242","62.7368","2.5691","0.0000","123.9301","12.00","Handicap Chase","Sheehan, Gavin","Snowden, Jamie","11","5","10","3m4.5f ","5yo+","56950","1",,
"2026-02-14","3.15.","Haydock","4th","Deafening Silence (IRE)","0.0000","0.0000","0.0000","0.0000","0.0000","0.0000","0.0000","0.0000","0.0000","0.0000","0.0000","0.0000","61.8894","57.2116","1.4825","0.0000","120.5835","7.00","Handicap Chase","Skelton, Harry","Skelton, Daniel","11","4","9","3m4.5f ","5yo+","56950","1",,
"2026-02-14","3.15.","Haydock","7th","Monbeg Genius (IRE)","0.0000","0.0000","0.0000","0.0000","0.0000","0.0000","0.0000","0.0000","0.0000","0.0000","0.0000","0.0000","47.8582","41.8794","6.1360","0.0000","95.8736","8.00","Handicap Chase","ONeill, Jonjo (Jr)","ONeill, Jonjo and AJ","11","7","10","3m4.5f ","5yo+","56950","1",,
"2026-02-14","3.15.","Haydock","2nd","Top Of The Bill (IRE)","0.0000","0.0000","0.0000","0.0000","0.0000","0.0000","0.0000","0.0000","0.0000","0.0000","0.0000","0.0000","44.7801","45.1384","5.5065","0.0000","95.4250","22.00","Handicap Chase","McCain-Mitchell, Toby","Twiston-Davies, N A","11","2","10","3m4.5f ","5yo+","56950","1",,
"2026-02-14","3.15.","Haydock","PU","Rivers Corner","0.0000","0.0000","0.0000","0.0000","0.0000","0.0000","0.0000","0.0000","0.0000","0.0000","0.0000","0.0000","32.5393","48.2522","8.3595","0.0000","89.1510","9.00","Handicap Chase","Gingell, Frederick","Tizzard, Joe","11","0","8","3m4.5f ","5yo+","56950","1",,
"2026-02-14","3.15.","Haydock","6th","Grand Albert (IRE)","0.0000","0.0000","0.0000","0.0000","0.0000","0.0000","0.0000","0.0000","0.0000","0.0000","0.0000","0.0000","47.3980","24.2136","7.2025","0.0000","78.8141","8.50","Handicap Chase","Bowen, Sean P","McCain Jnr, D","11","6","8","3m4.5f ","5yo+","56950","1",,
"2026-02-14","3.15.","Haydock","PU","Myretown (IRE)","0.0000","0.0000","0.0000","0.0000","0.0000","0.0000","0.0000","0.0000","0.0000","0.0000","0.0000","0.0000","42.0244","31.2512","4.8829","0.0000","78.1585","3.00","Handicap Chase","Fox, Derek R","Russell, Lucinda / Scudamore, M","11","0","9","3m4.5f ","5yo+","56950","1",,
"2026-02-14","3.15.","Haydock","PU","Holokea (IRE)","0.0000","0.0000","0.0000","0.0000","0.0000","0.0000","0.0000","0.0000","0.0000","0.0000","0.0000","0.0000","45.4096","20.9952","8.9010","0.0000","75.3058","6.00","Handicap Chase","Bowen, James C","Bowen, Mickey","11","0","7","3m4.5f ","5yo+","56950","1",,
"2026-02-14","3.15.","Haydock","8th","Richmond Lake (IRE)","0.0000","0.0000","0.0000","0.0000","0.0000","0.0000","0.0000","0.0000","0.0000","0.0000","0.0000","0.0000","41.4346","26.2896","6.8025","0.0000","74.5267","12.00","Handicap Chase","Hughes, Brian","McCain Jnr, D","11","8","10","3m4.5f ","5yo+","56950","1",,
"2026-02-14","3.15.","Haydock","1st","Grand Geste (IRE)","0.0000","0.0000","0.0000","0.0000","0.0000","0.0000","0.0000","0.0000","0.0000","0.0000","0.0000","0.0000","40.9364","22.5788","1.3669","0.0000","64.8821","6.50","Handicap Chase","McMenamin, Daniel","Smith, Mrs S J / Parkinson, J","11","1","7","3m4.5f ","5yo+","56950","1",,
"2026-02-14","3.15.","Haydock","3rd","Neo King (FR)","0.0000","0.0000","0.0000","0.0000","0.0000","0.0000","0.0000","0.0000","0.0000","0.0000","0.0000","0.0000","18.8180","25.0640","2.3230","0.0000","46.2050","16.00","Handicap Chase","Turner, James","Williams, Evan","11","3","8","3m4.5f ","5yo+","56950","1",,
"2026-02-14","3.23.","Wincanton","PU","Joe Cotton (IRE)","0.0000","0.0000","0.0000","0.0000","0.0000","0.0000","0.0000","0.0000","0.0000","0.0000","0.0000","0.0000","23.3414","41.2704","9.5390","0.0000","74.1508","3.00","Handicap Chase","Carver, Bryan","Scott, J","7","0","8","2m ","5yo+","5413","4",,
"2026-02-14","3.23.","Wincanton","1st","Royal Mer (FR)","0.0000","0.0000","0.0000","0.0000","0.0000","0.0000","0.0000","0.0000","0.0000","0.0000","0.0000","0.0000","25.5264","42.9842","3.7156","0.0000","72.2262","3.00","Handicap Chase","Corcoran, Rian","Pipe, D E","7","1","8","2m ","5yo+","5413","4",,
"2026-02-14","3.23.","Wincanton","2nd","Raffles Hermes (FR)","0.0000","0.0000","0.0000","0.0000","0.0000","0.0000","0.0000","0.0000","0.0000","0.0000","0.0000","0.0000","29.6940","28.8106","10.2093","0.0000","68.7139","6.50","Handicap Chase","Kimber, Harry","Walford, Robert","7","2","6","2m ","5yo+","5413","4",,
"2026-02-14","3.23.","Wincanton","PU","Jack Black (FR)","0.0000","0.0000","0.0000","0.0000","0.0000","0.0000","0.0000","0.0000","0.0000","0.0000","0.0000","0.0000","13.4009","43.9200","3.7025","0.0000","61.0234","3.33","Handicap Chase","Todd, C J","Skelton, Daniel","7","0","7","2m ","5yo+","5413","4",,
"2026-02-14","3.23.","Wincanton","4th","Better Off Alone (IRE)","0.0000","0.0000","0.0000","0.0000","0.0000","0.0000","0.0000","0.0000","0.0000","0.0000","0.0000","0.0000","14.1658","19.4734","10.9649","0.0000","44.6041","8.00","Handicap Chase","Best, J A","Keighley, M","7","4","7","2m ","5yo+","5413","4",,
"2026-02-14","3.23.","Wincanton","5th","Begin The Luck (IRE)","0.0000","0.0000","0.0000","0.0000","0.0000","0.0000","0.0000","0.0000","0.0000","0.0000","0.0000","0.0000","18.6717","19.5676","0.8411","0.0000","39.0804","6.50","Handicap Chase","David, Robbie","Hitchins, Daisy","7","5","10","2m ","5yo+","5413","4",,
"2026-02-14","3.23.","Wincanton","3rd","Wewillgowithplanb (IRE)","0.0000","0.0000","0.0000","0.0000","0.0000","0.0000","0.0000","0.0000","0.0000","0.0000","0.0000","0.0000","8.0490","17.9310","8.3376","0.0000","34.3176","22.00","Handicap Chase","Ring, C V","Williams, Evan","7","3","9","2m ","5yo+","5413","4",,
"2026-02-14","3.35.","Ascot","2nd","Pic DOrhy (FR)","0.0000","0.0000","0.0000","0.0000","0.0000","0.0000","0.0000","0.0000","0.0000","0.0000","0.0000","0.0000","75.8170","68.2916","2.9402","0.0000","147.0488","2.50","Chase","Cobden, Harry","Nicholls, P F","6","2","11","2m5f ","5yo+","99662","1","G1",
"2026-02-14","3.35.","Ascot","1st","Jonbon (FR)","0.0000","0.0000","0.0000","0.0000","0.0000","0.0000","0.0000","0.0000","0.0000","0.0000","0.0000","0.0000","61.9504","72.9980","9.5245","0.0000","144.4729","0.44","Chase","Boinville, Nico","Henderson, N J","6","1","10","2m5f ","5yo+","99662","1","G1",
"2026-02-14","3.35.","Ascot","5th","Heltenham (FR)","0.0000","0.0000","0.0000","0.0000","0.0000","0.0000","0.0000","0.0000","0.0000","0.0000","0.0000","0.0000","44.8900","47.6416","6.9966","0.0000","99.5282","50.00","Chase","Durrell, Tristan","Skelton, Daniel","6","5","9","2m5f ","5yo+","99662","1","G1",
"2026-02-14","3.35.","Ascot","4th","Edwardstone","0.0000","0.0000","0.0000","0.0000","0.0000","0.0000","0.0000","0.0000","0.0000","0.0000","0.0000","0.0000","46.4321","32.0738","10.9085","0.0000","89.4144","11.00","Chase","Cannon, Tom J","King, A","6","4","12","2m5f ","5yo+","99662","1","G1",
"2026-02-14","3.35.","Ascot","PU","Classic Maestro (IRE)","0.0000","0.0000","0.0000","0.0000","0.0000","0.0000","0.0000","0.0000","0.0000","0.0000","0.0000","0.0000","33.3017","48.0726","7.7025","0.0000","89.0768","125.00","Chase","Scott, Luke","Candlish, Jennie","6","0","8","2m5f ","5yo+","99662","1","G1",
"2026-02-14","3.35.","Ascot","3rd","Blow Your Wad (IRE)","0.0000","0.0000","0.0000","0.0000","0.0000","0.0000","0.0000","0.0000","0.0000","0.0000","0.0000","0.0000","7.9128","23.4024","10.2735","0.0000","41.5887","33.00","Chase","Mitchell, Freddie","Moore, Gary and Josh","6","3","8","2m5f ","5yo+","99662","1","G1",
"2026-02-14","3.40.","Gowran Park","1st","Impaire Et Passe (FR)","0.0000","0.0000","0.0000","0.0000","0.0000","0.0000","0.0000","0.0000","0.0000","0.0000","0.0000","0.0000","100.7058","82.0626","6.8422","0.0000","189.6106","0.44","Chase","Townend, P","Mullins, W P","4","1","8","2m3.5f ","5yo+","23894","0","G2",
"2026-02-14","3.40.","Gowran Park","2nd","Sa Fureur (IRE)","0.0000","0.0000","0.0000","0.0000","0.0000","0.0000","0.0000","0.0000","0.0000","0.0000","0.0000","0.0000","67.7248","49.8272","7.6980","0.0000","125.2500","4.00","Chase","Kennedy, J W","Elliott, Gordon","4","2","9","2m3.5f ","5yo+","23894","0","G2",
"2026-02-14","3.40.","Gowran Park","3rd","Classic Getaway (IRE)","0.0000","0.0000","0.0000","0.0000","0.0000","0.0000","0.0000","0.0000","0.0000","0.0000","0.0000","0.0000","31.9200","70.6716","6.4152","0.0000","109.0068","5.00","Chase","Mullins, D E","Mullins, W P","4","3","10","2m3.5f ","5yo+","23894","0","G2",
"2026-02-14","3.40.","Gowran Park","4th","Buddy One (IRE)","0.0000","0.0000","0.0000","0.0000","0.0000","0.0000","0.0000","0.0000","0.0000","0.0000","0.0000","0.0000","14.9249","15.2178","2.0543","0.0000","32.1970","20.00","Chase","Gilligan, Jack G","Gilligan, Paul John","4","4","9","2m3.5f ","5yo+","23894","0","G2",
"2026-02-14","3.45.","Lingfield","6th","Uncle Nader","0.0000","0.0000","0.0000","0.0000","0.0000","0.0000","0.0000","0.0000","0.0000","0.0000","0.0000","0.0000","48.8474","40.1586","8.5750","0.0000","97.5810","3.00","Handicap","Crouch, Hector","Jones, Jack","7","6","3","1m ","3yo","3768","6",,
"2026-02-14","3.45.","Lingfield","1st","Ebn Sabt","0.0000","0.0000","0.0000","0.0000","0.0000","0.0000","0.0000","0.0000","0.0000","0.0000","0.0000","0.0000","36.1336","42.8194","8.5750","0.0000","87.5280","5.00","Handicap","Edmunds, Lewis","Muir, W R & Grassick, C","7","1","3","1m ","3yo","3768","6",,
"2026-02-14","3.45.","Lingfield","2nd","Aneirins Sword (IRE)","0.0000","0.0000","0.0000","0.0000","0.0000","0.0000","0.0000","0.0000","0.0000","0.0000","0.0000","0.0000","41.6922","33.0384","12.1640","0.0000","86.8946","3.50","Handicap","Hornby, Rob","Osborne, J A","7","2","3","1m ","3yo","3768","6",,
"2026-02-14","3.45.","Lingfield","3rd","Corniche Girl (IRE)","0.0000","0.0000","0.0000","0.0000","0.0000","0.0000","0.0000","0.0000","0.0000","0.0000","0.0000","0.0000","37.6040","38.9000","9.7325","0.0000","86.2365","20.00","Handicap","Levey, S M","Hannon (Jnr), Richard","7","3","3","1m ","3yo","3768","6",,
"2026-02-14","3.45.","Lingfield","4th","Whos On First","0.0000","0.0000","0.0000","0.0000","0.0000","0.0000","0.0000","0.0000","0.0000","0.0000","0.0000","0.0000","26.7820","42.5142","11.2215","0.0000","80.5177","1.50","Handicap","Dace, Jack","Williams, S C","7","4","3","1m ","3yo","3768","6",,
"2026-02-14","3.45.","Lingfield","7th","Angry Ant (USA)","0.0000","0.0000","0.0000","0.0000","0.0000","0.0000","0.0000","0.0000","0.0000","0.0000","0.0000","0.0000","36.0554","28.0374","3.9772","0.0000","68.0700","28.00","Handicap","Greatrex, Edward","Osborne, J A","7","7","3","1m ","3yo","3768","6",,
"2026-02-14","3.45.","Lingfield","5th","Prancy Peer","0.0000","0.0000","0.0000","0.0000","0.0000","0.0000","0.0000","0.0000","0.0000","0.0000","0.0000","0.0000","15.3908","35.3510","5.3524","0.0000","56.0942","22.00","Handicap","Egan, David","Sangster, Ollie","7","5","3","1m ","3yo","3768","6",,
"2026-02-14","3.50.","Haydock","PU","Gwennie May Star (FR)","0.0000","0.0000","0.0000","0.0000","0.0000","0.0000","0.0000","0.0000","0.0000","0.0000","0.0000","0.0000","79.6064","63.2568","3.3374","0.0000","146.2006","5.50","Handicap Hurdle","Bowen, Sean P","Murphy, Olly","13","0","6","3m.5f ","5yo+","13615","2",,
"2026-02-14","3.50.","Haydock","1st","Champagne Chic (IRE)","0.0000","0.0000","0.0000","0.0000","0.0000","0.0000","0.0000","0.0000","0.0000","0.0000","0.0000","0.0000","45.0022","77.4542","8.6265","0.0000","131.0829","4.50","Handicap Hurdle","Skelton, Harry","Scott, J","13","1","6","3m.5f ","5yo+","13615","2",,
"2026-02-14","3.50.","Haydock","PU","Jupiter Des Mottes (FR)","0.0000","0.0000","0.0000","0.0000","0.0000","0.0000","0.0000","0.0000","0.0000","0.0000","0.0000","0.0000","56.8630","60.8562","2.8796","0.0000","120.5988","6.50","Handicap Hurdle","McMenamin, Daniel","Richards, N G","13","0","7","3m.5f ","5yo+","13615","2",,
"2026-02-14","3.50.","Haydock","7th","Go To War (IRE)","0.0000","0.0000","0.0000","0.0000","0.0000","0.0000","0.0000","0.0000","0.0000","0.0000","0.0000","0.0000","35.7158","59.8830","8.9535","0.0000","104.5523","9.00","Handicap Hurdle","Hughes, Brian","Henderson, N J","13","7","8","3m.5f ","5yo+","13615","2",,
"2026-02-14","3.50.","Haydock","4th","Red Dirt Road (IRE)","0.0000","0.0000","0.0000","0.0000","0.0000","0.0000","0.0000","0.0000","0.0000","0.0000","0.0000","0.0000","50.1442","44.8794","6.2890","0.0000","101.3126","18.00","Handicap Hurdle","ONeill, Jonjo (Jr)","ONeill, Jonjo and AJ","13","4","9","3m.5f ","5yo+","13615","2",,
"2026-02-14","3.50.","Haydock","F","Chart Topper (FR)","0.0000","0.0000","0.0000","0.0000","0.0000","0.0000","0.0000","0.0000","0.0000","0.0000","0.0000","0.0000","18.1570","65.7396","9.1785","0.0000","93.0751","20.00","Handicap Hurdle","Hayes, Brian","Mullins, W P","13","0","7","3m.5f ","5yo+","13615","2",,
"2026-02-14","3.50.","Haydock","8th","Cave Court (IRE)","0.0000","0.0000","0.0000","0.0000","0.0000","0.0000","0.0000","0.0000","0.0000","0.0000","0.0000","0.0000","49.0580","35.7348","7.4490","0.0000","92.2418","50.00","Handicap Hurdle","McGill, Mr O","Kelly, Noel C","13","8","9","3m.5f ","5yo+","13615","2",,
"2026-02-14","3.50.","Haydock","6th","Doughmore Bay (IRE)","0.0000","0.0000","0.0000","0.0000","0.0000","0.0000","0.0000","0.0000","0.0000","0.0000","0.0000","0.0000","42.0762","31.1548","6.3950","0.0000","79.6260","8.50","Handicap Hurdle","Sheehan, Gavin","Lavelle, Miss E C","13","6","8","3m.5f ","5yo+","13615","2",,
"2026-02-14","3.50.","Haydock","PU","Stay Away Fay (IRE)","0.0000","0.0000","0.0000","0.0000","0.0000","0.0000","0.0000","0.0000","0.0000","0.0000","0.0000","0.0000","15.8161","51.7656","7.8630","0.0000","75.4447","9.00","Handicap Hurdle","Nicholls, Miss Olive","Nicholls, P F","13","0","9","3m.5f ","5yo+","13615","2",,
"2026-02-14","3.50.","Haydock","5th","Thanksforthehelp (FR)","0.0000","0.0000","0.0000","0.0000","0.0000","0.0000","0.0000","0.0000","0.0000","0.0000","0.0000","0.0000","18.0788","39.5722","8.1239","0.0000","65.7749","25.00","Handicap Hurdle","McLernon, R P","Pipe, D E","13","5","9","3m.5f ","5yo+","13615","2",,
"2026-02-14","3.50.","Haydock","PU","Off The Jury (IRE)","0.0000","0.0000","0.0000","0.0000","0.0000","0.0000","0.0000","0.0000","0.0000","0.0000","0.0000","0.0000","39.4096","14.9952","11.2811","0.0000","65.6859","8.00","Handicap Hurdle","Bowen, James C","Bowen, Mickey","13","0","7","3m.5f ","5yo+","13615","2",,
"2026-02-14","3.50.","Haydock","2nd","Minella Emperor (IRE)","0.0000","0.0000","0.0000","0.0000","0.0000","0.0000","0.0000","0.0000","0.0000","0.0000","0.0000","0.0000","17.3127","26.8846","8.2540","0.0000","52.4513","6.00","Handicap Hurdle","Meyler, D","Mullins, Emmet","13","2","7","3m.5f ","5yo+","13615","2",,
"2026-02-14","3.50.","Haydock","3rd","Found A Diamond (IRE)","0.0000","0.0000","0.0000","0.0000","0.0000","0.0000","0.0000","0.0000","0.0000","0.0000","0.0000","0.0000","9.8088","21.6058","10.2050","0.0000","41.6196","11.00","Handicap Hurdle","Markey, S R","OSullivan, Ross","13","3","6","3m.5f ","5yo+","13615","2",,
"2026-02-14","4.00.","Wincanton","3rd","Saladins Son (IRE)","0.0000","0.0000","0.0000","0.0000","0.0000","0.0000","0.0000","0.0000","0.0000","0.0000","0.0000","0.0000","35.6611","56.7264","11.2800","0.0000","103.6675","1.50","Handicap Chase","Godfrey, Ben","Honeyball, A J","6","3","8","3m1.5f ","5yo+","5413","4",,
"2026-02-14","4.00.","Wincanton","5th","Take Your Time (IRE)","0.0000","0.0000","0.0000","0.0000","0.0000","0.0000","0.0000","0.0000","0.0000","0.0000","0.0000","0.0000","31.0374","68.8926","2.5116","0.0000","102.4416","14.00","Handicap Chase","Twiston-Davies, Sam","Nicholls, P F","6","5","11","3m1.5f ","5yo+","5413","4",,
"2026-02-14","4.00.","Wincanton","2nd","Cooleenymore (IRE)","0.0000","0.0000","0.0000","0.0000","0.0000","0.0000","0.0000","0.0000","0.0000","0.0000","0.0000","0.0000","34.6940","33.5476","7.9166","0.0000","76.1582","3.50","Handicap Chase","Kimber, Harry","Walford, Robert","6","2","10","3m1.5f ","5yo+","5413","4",,
"2026-02-14","4.00.","Wincanton","1st","Camulus (IRE)","0.0000","0.0000","0.0000","0.0000","0.0000","0.0000","0.0000","0.0000","0.0000","0.0000","0.0000","0.0000","31.7316","25.1484","9.9500","0.0000","66.8300","2.50","Handicap Chase","Deutsch, Charlie","Williams, Miss Venetia","6","1","9","3m1.5f ","5yo+","5413","4",,
"2026-02-14","4.00.","Wincanton","PU","Concetto (FR)","0.0000","0.0000","0.0000","0.0000","0.0000","0.0000","0.0000","0.0000","0.0000","0.0000","0.0000","0.0000","14.3408","14.7848","9.5696","0.0000","38.6952","8.00","Handicap Chase","Dunne, R T","Allwood, S","6","0","9","3m1.5f ","5yo+","5413","4",,
"2026-02-14","4.00.","Wincanton","4th","Supervisor (IRE)","0.0000","0.0000","0.0000","0.0000","0.0000","0.0000","0.0000","0.0000","0.0000","0.0000","0.0000","0.0000","3.1224","15.8754","7.7418","0.0000","26.7396","25.00","Handicap Chase","Dodd, Murray","Williams, Miss Venetia","6","4","12","3m1.5f ","5yo+","5413","4",,
"2026-02-14","4.10.","Ascot","14th","Crazierthandaisy","0.0000","0.0000","0.0000","0.0000","0.0000","0.0000","0.0000","0.0000","0.0000","0.0000","0.0000","0.0000","53.6164","60.0740","10.2105","0.0000","123.9009","6.00","Handicap Hurdle","Boinville, Nico","Henderson, N J","18","14","7","2m7.5f ","4yo+","10157","3",,
"2026-02-14","4.10.","Ascot","10th","Top Guy (IRE)","0.0000","0.0000","0.0000","0.0000","0.0000","0.0000","0.0000","0.0000","0.0000","0.0000","0.0000","0.0000","59.8900","44.1496","9.4020","0.0000","113.4416","6.00","Handicap Hurdle","Durrell, Tristan","Skelton, Daniel","18","10","6","2m7.5f ","4yo+","10157","3",,
"2026-02-14","4.10.","Ascot","11th","Stratton Oakmont (IRE)","0.0000","0.0000","0.0000","0.0000","0.0000","0.0000","0.0000","0.0000","0.0000","0.0000","0.0000","0.0000","67.8032","34.3160","6.2911","0.0000","108.4103","14.00","Handicap Hurdle","Jones, Ben R","Woollacott, Mrs Kayley","18","11","10","2m7.5f ","4yo+","10157","3",,
"2026-02-14","4.10.","Ascot","15th","Solar System (FR)","0.0000","0.0000","0.0000","0.0000","0.0000","0.0000","0.0000","0.0000","0.0000","0.0000","0.0000","0.0000","62.9398","39.5698","1.9000","0.0000","104.4096","5.50","Handicap Hurdle","Cobden, Harry","Hobbs, P J / White, J","18","15","7","2m7.5f ","4yo+","10157","3",,
"2026-02-14","4.10.","Ascot","6th","Striking A Pose (IRE)","0.0000","0.0000","0.0000","0.0000","0.0000","0.0000","0.0000","0.0000","0.0000","0.0000","0.0000","0.0000","32.2910","49.4464","10.8430","0.0000","92.5804","50.00","Handicap Hurdle","Tudor, Jack","Tizzard, Joe","18","6","10","2m7.5f ","4yo+","10157","3",,
"2026-02-14","4.10.","Ascot","5th","Confinentic (FR)","0.0000","0.0000","0.0000","0.0000","0.0000","0.0000","0.0000","0.0000","0.0000","0.0000","0.0000","0.0000","51.4710","36.0562","2.3002","0.0000","89.8274","16.00","Handicap Hurdle","Gordon, Fred","Gordon, C","18","5","6","2m7.5f ","4yo+","10157","3",,
"2026-02-14","4.10.","Ascot","18th","Heart Over Head (IRE)","0.0000","0.0000","0.0000","0.0000","0.0000","0.0000","0.0000","0.0000","0.0000","0.0000","0.0000","0.0000","35.0004","36.2550","12.0500","0.0000","83.3054","6.00","Handicap Hurdle","Burke, Jonathan","OBrien, Fergal","18","18","7","2m7.5f ","4yo+","10157","3",,
"2026-02-14","4.10.","Ascot","9th","High Treason","0.0000","0.0000","0.0000","0.0000","0.0000","0.0000","0.0000","0.0000","0.0000","0.0000","0.0000","0.0000","29.3036","37.7940","7.9610","0.0000","75.0586","18.00","Handicap Hurdle","Bellamy, Tom","Twiston-Davies, N A","18","9","7","2m7.5f ","4yo+","10157","3",,
"2026-02-14","4.10.","Ascot","13th","Yellow Star (FR)","0.0000","0.0000","0.0000","0.0000","0.0000","0.0000","0.0000","0.0000","0.0000","0.0000","0.0000","0.0000","37.4148","27.6894","8.1730","0.0000","73.2772","12.00","Handicap Hurdle","Quinn, Caoilin","Moore, Gary and Josh","18","13","6","2m7.5f ","4yo+","10157","3",,
"2026-02-14","4.10.","Ascot","8th","Sea Invasion (IRE)","0.0000","0.0000","0.0000","0.0000","0.0000","0.0000","0.0000","0.0000","0.0000","0.0000","0.0000","0.0000","22.9483","45.6426","2.0735","0.0000","70.6644","33.00","Handicap Hurdle","Dingle, Rex","Honeyball, A J","18","8","8","2m7.5f ","4yo+","10157","3",,
"2026-02-14","4.10.","Ascot","12th","Il Va De Soi (FR)","0.0000","0.0000","0.0000","0.0000","0.0000","0.0000","0.0000","0.0000","0.0000","0.0000","0.0000","0.0000","14.6768","52.6162","2.0051","0.0000","69.2981","50.00","Handicap Hurdle","Fox, Megan","Derham, Harry","18","12","8","2m7.5f ","4yo+","10157","3",,
"2026-02-14","4.10.","Ascot","1st","Walden (FR)","0.0000","0.0000","0.0000","0.0000","0.0000","0.0000","0.0000","0.0000","0.0000","0.0000","0.0000","0.0000","26.2787","30.3794","7.0287","0.0000","63.6868","14.00","Handicap Hurdle","Sheppard, Stan","Lacey, T","18","1","6","2m7.5f ","4yo+","10157","3",,
"2026-02-14","4.10.","Ascot","3rd","Oh My Johnny (IRE)","0.0000","0.0000","0.0000","0.0000","0.0000","0.0000","0.0000","0.0000","0.0000","0.0000","0.0000","0.0000","13.8199","37.6648","11.9195","0.0000","63.4042","22.00","Handicap Hurdle","Houlihan, Sean M","Hobbs, P J / White, J","18","3","6","2m7.5f ","4yo+","10157","3",,
"2026-02-14","4.10.","Ascot","17th","Operation Manna","0.0000","0.0000","0.0000","0.0000","0.0000","0.0000","0.0000","0.0000","0.0000","0.0000","0.0000","0.0000","20.0544","33.8084","5.6228","0.0000","59.4856","33.00","Handicap Hurdle","Iles, Cameron","Lacey, T","18","17","10","2m7.5f ","4yo+","10157","3",,
"2026-02-14","4.10.","Ascot","2nd","Diamatiste (IRE)","0.0000","0.0000","0.0000","0.0000","0.0000","0.0000","0.0000","0.0000","0.0000","0.0000","0.0000","0.0000","14.1964","33.4430","10.0710","0.0000","57.7104","11.00","Handicap Hurdle","Newman, Mr Joshua","Woollacott, Mrs Kayley","18","2","7","2m7.5f ","4yo+","10157","3",,
"2026-02-14","4.10.","Ascot","16th","Hung Jury (IRE)","0.0000","0.0000","0.0000","0.0000","0.0000","0.0000","0.0000","0.0000","0.0000","0.0000","0.0000","0.0000","12.9518","25.0734","8.2360","0.0000","46.2612","25.00","Handicap Hurdle","Keighley, Freddie","Keighley, M","18","16","11","2m7.5f ","4yo+","10157","3",,
"2026-02-14","4.10.","Ascot","7th","Loup De Maulde (FR)","0.0000","0.0000","0.0000","0.0000","0.0000","0.0000","0.0000","0.0000","0.0000","0.0000","0.0000","0.0000","17.3364","25.2972","0.0000","0.0000","42.6336","33.00","Handicap Hurdle","Price, Charlie","Llewellyn, Robert","18","7","9","2m7.5f ","4yo+","10157","3",,
"2026-02-14","4.10.","Ascot","4th","Kalium (FR)","0.0000","0.0000","0.0000","0.0000","0.0000","0.0000","0.0000","0.0000","0.0000","0.0000","0.0000","0.0000","12.5900","25.4638","3.7505","0.0000","41.8043","5.00","Handicap Hurdle","Vaughan, Mr Edward","Vaughan, Tim","18","4","6","2m7.5f ","4yo+","10157","3",,
"2026-02-14","4.15.","Gowran Park","1st","King Alexander (IRE)","0.0000","0.0000","0.0000","0.0000","0.0000","0.0000","0.0000","0.0000","0.0000","0.0000","0.0000","0.0000","102.9278","67.7766","6.0950","0.0000","176.7994","0.44","Beginners Chase","Townend, P","Mullins, W P","8","1","8","2m3.5f ","5yo+","6637","0",,
"2026-02-14","4.15.","Gowran Park","PU","Mr Escobar (IRE)","0.0000","0.0000","0.0000","0.0000","0.0000","0.0000","0.0000","0.0000","0.0000","0.0000","0.0000","0.0000","26.9200","64.7766","1.6957","0.0000","93.3923","14.00","Beginners Chase","Mullins, D E","Mullins, W P","8","0","8","2m3.5f ","5yo+","6637","0",,
"2026-02-14","4.15.","Gowran Park","5th","Champagne Jury (IRE)","0.0000","0.0000","0.0000","0.0000","0.0000","0.0000","0.0000","0.0000","0.0000","0.0000","0.0000","0.0000","38.4710","44.6538","8.1719","0.0000","91.2967","4.00","Beginners Chase","Donoghue, K M","Cromwell, Gavin Patrick","8","5","7","2m3.5f ","5yo+","6637","0",,
"2026-02-14","4.15.","Gowran Park","3rd","Da Capo Glory (IRE)","0.0000","0.0000","0.0000","0.0000","0.0000","0.0000","0.0000","0.0000","0.0000","0.0000","0.0000","0.0000","47.8896","35.9040","5.0096","0.0000","88.8032","6.50","Beginners Chase","Allen, Mr D","Butler, Padraig","8","3","9","2m3.5f ","5yo+","6637","0",,
"2026-02-14","4.15.","Gowran Park","4th","Ballybow (IRE)","0.0000","0.0000","0.0000","0.0000","0.0000","0.0000","0.0000","0.0000","0.0000","0.0000","0.0000","0.0000","27.5596","51.9302","7.4958","0.0000","86.9856","8.50","Beginners Chase","Gilligan, D J","Elliott, Gordon","8","4","7","2m3.5f ","5yo+","6637","0",,
"2026-02-14","4.15.","Gowran Park","2nd","Yoradreamer","0.0000","0.0000","0.0000","0.0000","0.0000","0.0000","0.0000","0.0000","0.0000","0.0000","0.0000","0.0000","16.1010","66.1086","2.5629","0.0000","84.7725","40.00","Beginners Chase","OKeeffe, Sean F","Mullins, W P","8","2","7","2m3.5f ","5yo+","6637","0",,
"2026-02-14","4.15.","Gowran Park","7th","Mistyburn (IRE)","0.0000","0.0000","0.0000","0.0000","0.0000","0.0000","0.0000","0.0000","0.0000","0.0000","0.0000","0.0000","16.8201","14.8042","1.3424","0.0000","32.9667","250.00","Beginners Chase","Roche, T P","Rothwell, P J","8","7","6","2m3.5f ","5yo+","6637","0",,
"2026-02-14","4.15.","Gowran Park","6th","Lamiral Fromentin (FR)","0.0000","0.0000","0.0000","0.0000","0.0000","0.0000","0.0000","0.0000","0.0000","0.0000","0.0000","0.0000","1.4008","14.8042","2.0145","0.0000","18.2195","250.00","Beginners Chase","Robinson, D","Rothwell, P J","8","6","5","2m3.5f ","5yo+","6637","0",,
"2026-02-14","4.20.","Lingfield","1st","Combustion","0.0000","0.0000","0.0000","0.0000","0.0000","0.0000","0.0000","0.0000","0.0000","0.0000","0.0000","0.0000","39.2482","59.6468","12.5320","0.0000","111.4270","0.73","Handicap","Haynes, Joey","Banham, Chelsea","7","1","5","6f ","4yo+","4397","5",,
"2026-02-14","4.20.","Lingfield","2nd","All Too Beautiful","0.0000","0.0000","0.0000","0.0000","0.0000","0.0000","0.0000","0.0000","0.0000","0.0000","0.0000","0.0000","44.4360","24.7072","8.5770","0.0000","77.7202","7.00","Handicap","Mitchell, Jack","Teal, R A","7","2","4","6f ","4yo+","4397","5",,
"2026-02-14","4.20.","Lingfield","4th","Mart","0.0000","0.0000","0.0000","0.0000","0.0000","0.0000","0.0000","0.0000","0.0000","0.0000","0.0000","0.0000","30.0106","33.5956","10.4650","0.0000","74.0712","3.00","Handicap","Levey, S M","Cunha, Dylan","7","4","5","6f ","4yo+","4397","5",,
"2026-02-14","4.20.","Lingfield","5th","Ottawa","0.0000","0.0000","0.0000","0.0000","0.0000","0.0000","0.0000","0.0000","0.0000","0.0000","0.0000","0.0000","40.7226","16.2302","9.1645","0.0000","66.1173","12.00","Handicap","Fallon, Cieren","Parr, Joseph","7","5","4","6f ","4yo+","4397","5",,
"2026-02-14","4.20.","Lingfield","6th","Stapleford Park","0.0000","0.0000","0.0000","0.0000","0.0000","0.0000","0.0000","0.0000","0.0000","0.0000","0.0000","0.0000","31.9252","21.5278","9.5155","0.0000","62.9685","50.00","Handicap","Leavy, Joe","Attwater, M J","7","6","4","6f ","4yo+","4397","5",,
"2026-02-14","4.20.","Lingfield","7th","Due Date","0.0000","0.0000","0.0000","0.0000","0.0000","0.0000","0.0000","0.0000","0.0000","0.0000","0.0000","0.0000","25.8842","20.9650","9.7675","0.0000","56.6167","40.00","Handicap","Hornby, Rob","Wallis, Charlie","7","7","6","6f ","4yo+","4397","5",,
"2026-02-14","4.20.","Lingfield","3rd","Diamond Dreamer","0.0000","0.0000","0.0000","0.0000","0.0000","0.0000","0.0000","0.0000","0.0000","0.0000","0.0000","0.0000","29.2195","18.2734","8.2100","0.0000","55.7029","11.00","Handicap","Muscutt, D","Chamings, P R","7","3","6","6f ","4yo+","4397","5",,
"2026-02-14","4.25.","Newcastle","2nd","Forest Caper","0.0000","0.0000","0.0000","0.0000","0.0000","0.0000","0.0000","0.0000","0.0000","0.0000","0.0000","0.0000","32.6366","35.9062","13.8244","0.0000","82.3672","3.00","Handicap","Hart, Jason","OMeara, D","9","2","5","1m2f ","4yo+","4397","5",,
"2026-02-14","4.25.","Newcastle","9th","Lieutenant Lily","0.0000","0.0000","0.0000","0.0000","0.0000","0.0000","0.0000","0.0000","0.0000","0.0000","0.0000","0.0000","26.4522","45.2968","7.8748","0.0000","79.6238","28.00","Handicap","Mullen, Andrew","Haslam, B M R","9","9","4","1m2f ","4yo+","4397","5",,
"2026-02-14","4.25.","Newcastle","7th","Star Cast","0.0000","0.0000","0.0000","0.0000","0.0000","0.0000","0.0000","0.0000","0.0000","0.0000","0.0000","0.0000","46.5922","22.4440","8.9385","0.0000","77.9747","12.00","Handicap","Fraser, Kaiya","Tutty, Gemma","9","7","4","1m2f ","4yo+","4397","5",,
"2026-02-14","4.25.","Newcastle","6th","Golspie (IRE)","0.0000","0.0000","0.0000","0.0000","0.0000","0.0000","0.0000","0.0000","0.0000","0.0000","0.0000","0.0000","35.1176","27.6182","7.7553","0.0000","70.4911","5.50","Handicap","Nolan, D","Morris, Patrick","9","6","6","1m2f ","4yo+","4397","5",,
"2026-02-14","4.25.","Newcastle","4th","Mao Shang Wong (IRE)","0.0000","0.0000","0.0000","0.0000","0.0000","0.0000","0.0000","0.0000","0.0000","0.0000","0.0000","0.0000","17.2682","35.9062","12.6857","0.0000","65.8601","5.00","Handicap","Winn, Mark","OMeara, D","9","4","4","1m2f ","4yo+","4397","5",,
"2026-02-14","4.25.","Newcastle","3rd","Jack Sparowe (IRE)","0.0000","0.0000","0.0000","0.0000","0.0000","0.0000","0.0000","0.0000","0.0000","0.0000","0.0000","0.0000","28.8694","22.1698","7.3575","0.0000","58.3967","9.00","Handicap","Morris, Luke","Butler, John","9","3","7","1m2f ","4yo+","4397","5",,
"2026-02-14","4.25.","Newcastle","5th","Prince Achille","0.0000","0.0000","0.0000","0.0000","0.0000","0.0000","0.0000","0.0000","0.0000","0.0000","0.0000","0.0000","25.8588","28.8560","2.0594","0.0000","56.7742","5.50","Handicap","Garritty, Jack","OKeeffe, Jedd","9","5","7","1m2f ","4yo+","4397","5",,
"2026-02-14","4.25.","Newcastle","8th","Up The Jazz (IRE)","0.0000","0.0000","0.0000","0.0000","0.0000","0.0000","0.0000","0.0000","0.0000","0.0000","0.0000","0.0000","18.7819","32.1146","3.1040","0.0000","54.0005","10.00","Handicap","Tindall, Ethan","Fahey, R A","9","8","5","1m2f ","4yo+","4397","5",,
"2026-02-14","4.25.","Newcastle","1st","Bearwith","0.0000","0.0000","0.0000","0.0000","0.0000","0.0000","0.0000","0.0000","0.0000","0.0000","0.0000","0.0000","25.1356","18.2102","4.9541","0.0000","48.2999","7.00","Handicap","Brookes, Aiden","Bethell, Harriet","9","1","8","1m2f ","4yo+","4397","5",,
"2026-02-14","4.30.","Haydock","3rd","Shearer (IRE)","0.0000","0.0000","0.0000","0.0000","0.0000","0.0000","0.0000","0.0000","0.0000","0.0000","0.0000","0.0000","49.7968","57.0966","7.5885","0.0000","114.4819","0.80","Hunters Chase","Andrews, Gina","Nicholls, P F","6","3","10","2m6.5f ","5yo+","7700","3",,
"2026-02-14","4.30.","Haydock","1st","Unexpected Party (FR)","0.0000","0.0000","0.0000","0.0000","0.0000","0.0000","0.0000","0.0000","0.0000","0.0000","0.0000","0.0000","31.4880","53.2126","7.6494","0.0000","92.3500","3.00","Hunters Chase","Palin, Miss H","Skelton, Daniel","6","1","11","2m6.5f ","5yo+","7700","3",,
"2026-02-14","4.30.","Haydock","4th","Good Boy Bobby (IRE)","0.0000","0.0000","0.0000","0.0000","0.0000","0.0000","0.0000","0.0000","0.0000","0.0000","0.0000","0.0000","4.3936","44.7604","12.5885","0.0000","61.7425","8.00","Hunters Chase","Jackson-Fennell, Miss A","Twiston-Davies, N A","6","4","13","2m6.5f ","5yo+","7700","3",,
"2026-02-14","4.30.","Haydock","PU","Lift Me Up (IRE)","0.0000","0.0000","0.0000","0.0000","0.0000","0.0000","0.0000","0.0000","0.0000","0.0000","0.0000","0.0000","1.7136","19.9990","9.6690","0.0000","31.3816","20.00","Hunters Chase","McIntyre, Mr M J","Filby, Miss M","6","0","10","2m6.5f ","5yo+","7700","3",,
"2026-02-14","4.30.","Haydock","2nd","Take All (IRE)","0.0000","0.0000","0.0000","0.0000","0.0000","0.0000","0.0000","0.0000","0.0000","0.0000","0.0000","0.0000","9.7340","7.8570","0.2504","0.0000","17.8414","5.50","Hunters Chase","Scott, Mr Samuel","Osborne, M","6","2","11","2m6.5f ","5yo+","7700","3",,
"2026-02-14","4.30.","Haydock","5th","Settle Down Jill (IRE)","0.0000","0.0000","0.0000","0.0000","0.0000","0.0000","0.0000","0.0000","0.0000","0.0000","0.0000","0.0000","2.7552","0.0000","11.5445","0.0000","14.2997","66.00","Hunters Chase","Barlow, Patrick","Sanderson, Norman","6","5","6","2m6.5f ","5yo+","7700","3",,
"2026-02-14","4.37.","Wincanton","3rd","Seatoit (IRE)","0.0000","0.0000","0.0000","0.0000","0.0000","0.0000","0.0000","0.0000","0.0000","0.0000","0.0000","0.0000","51.0000","29.8160","10.7599","0.0000","91.5759","2.25","Handicap Novices Hurdle","Aswat, Aamilah","Bailey, K C","6","3","7","3m1.5f ","4yo+","4489","4",,
"2026-02-14","4.37.","Wincanton","PU","Badentaggart (IRE)","0.0000","0.0000","0.0000","0.0000","0.0000","0.0000","0.0000","0.0000","0.0000","0.0000","0.0000","0.0000","28.1806","38.2704","11.5152","0.0000","77.9662","9.00","Handicap Novices Hurdle","OBrien, P V","Scott, J","6","0","7","3m1.5f ","4yo+","4489","4",,
"2026-02-14","4.37.","Wincanton","1st","Call Me Legend (IRE)","0.0000","0.0000","0.0000","0.0000","0.0000","0.0000","0.0000","0.0000","0.0000","0.0000","0.0000","0.0000","8.2660","43.3272","8.5720","0.0000","60.1652","1.50","Handicap Novices Hurdle","Stenhouse, Jack","Hobbs, P J / White, J","6","1","6","3m1.5f ","4yo+","4489","4",,
"2026-02-14","4.37.","Wincanton","PU","Annie Express (IRE)","0.0000","0.0000","0.0000","0.0000","0.0000","0.0000","0.0000","0.0000","0.0000","0.0000","0.0000","0.0000","11.8842","32.7868","10.7757","0.0000","55.4467","16.00","Handicap Novices Hurdle","Harrison, Liam","Llewellyn, Robert","6","0","8","3m1.5f ","4yo+","4489","4",,
"2026-02-14","4.37.","Wincanton","2nd","Crossgales King (IRE)","0.0000","0.0000","0.0000","0.0000","0.0000","0.0000","0.0000","0.0000","0.0000","0.0000","0.0000","0.0000","11.4644","17.1350","7.9466","0.0000","36.5460","6.00","Handicap Novices Hurdle","Hanlon, Paddy","Hosie, Syd","6","2","6","3m1.5f ","4yo+","4489","4",,
"2026-02-14","4.37.","Wincanton","4th","Bredon Hill Dart","0.0000","0.0000","0.0000","0.0000","0.0000","0.0000","0.0000","0.0000","0.0000","0.0000","0.0000","0.0000","5.9054","14.1370","8.2475","0.0000","28.2899","7.00","Handicap Novices Hurdle","Worsley, Tabitha","Gardner, Mrs S","6","4","7","3m1.5f ","4yo+","4489","4",,
"2026-02-14","4.45.","Ascot","7th","Harzandacassandra","0.0000","0.0000","0.0000","0.0000","0.0000","0.0000","0.0000","0.0000","0.0000","0.0000","0.0000","0.0000","36.5683","51.9744","8.4002","0.0000","96.9429","6.00","NH Flat","Woods, K K","Killahena, David / Mcpherson, Graeme","9","7","5","1m7.5f ","4-6yo","8986","2",,
"2026-02-14","4.45.","Ascot","6th","Burning Embers (IRE)","0.0000","0.0000","0.0000","0.0000","0.0000","0.0000","0.0000","0.0000","0.0000","0.0000","0.0000","0.0000","39.8900","40.3996","9.9685","0.0000","90.2581","4.50","NH Flat","Durrell, Tristan","Skelton, Daniel","9","6","5","1m7.5f ","4-6yo","8986","2",,
"2026-02-14","4.45.","Ascot","9th","Grizzled Squirrel","0.0000","0.0000","0.0000","0.0000","0.0000","0.0000","0.0000","0.0000","0.0000","0.0000","0.0000","0.0000","33.4148","23.4024","9.1340","0.0000","65.9512","6.00","NH Flat","Quinn, Caoilin","Moore, Gary and Josh","9","9","5","1m7.5f ","4-6yo","8986","2",,
"2026-02-14","4.45.","Ascot","5th","Ms Des Fois (IRE)","0.0000","0.0000","0.0000","0.0000","0.0000","0.0000","0.0000","0.0000","0.0000","0.0000","0.0000","0.0000","19.6143","38.9766","7.3000","0.0000","65.8909","2.50","NH Flat","Dingle, Rex","Honeyball, A J","9","5","4","1m7.5f ","4-6yo","8986","2",,
"2026-02-14","4.45.","Ascot","1st","Martini Majesty","0.0000","0.0000","0.0000","0.0000","0.0000","0.0000","0.0000","0.0000","0.0000","0.0000","0.0000","0.0000","34.9194","23.6108","0.4563","0.0000","58.9865","8.50","NH Flat","Bellamy, Tom","King, A","9","1","4","1m7.5f ","4-6yo","8986","2",,
"2026-02-14","4.45.","Ascot","3rd","Galante De Vassy (FR)","0.0000","0.0000","0.0000","0.0000","0.0000","0.0000","0.0000","0.0000","0.0000","0.0000","0.0000","0.0000","27.5334","24.7960","0.8211","0.0000","53.1505","12.00","NH Flat","Fox, Ned","Symonds, Tom","9","3","4","1m7.5f ","4-6yo","8986","2",,
"2026-02-14","4.45.","Ascot","8th","Miss Roc On Sal (IRE)","0.0000","0.0000","0.0000","0.0000","0.0000","0.0000","0.0000","0.0000","0.0000","0.0000","0.0000","0.0000","10.8364","24.7960","7.6795","0.0000","43.3119","16.00","NH Flat","Poste, Ben J","Symonds, Tom","9","8","4","1m7.5f ","4-6yo","8986","2",,
"2026-02-14","4.45.","Ascot","4th","Queen Marcia","0.0000","0.0000","0.0000","0.0000","0.0000","0.0000","0.0000","0.0000","0.0000","0.0000","0.0000","0.0000","25.1486","4.4176","8.1470","0.0000","37.7132","50.00","NH Flat","Burke, Jonathan","Jeffreys, D J","9","4","5","1m7.5f ","4-6yo","8986","2",,
"2026-02-14","4.45.","Ascot","2nd","One Dimensional","0.0000","0.0000","0.0000","0.0000","0.0000","0.0000","0.0000","0.0000","0.0000","0.0000","0.0000","0.0000","16.1504","6.9110","4.6210","0.0000","27.6824","5.00","NH Flat","Bass, David","Comley, Max","9","2","6","1m7.5f ","4-6yo","8986","2",,
"2026-02-14","4.50.","Gowran Park","4th","Klass Langy (FR)","0.0000","0.0000","0.0000","0.0000","0.0000","0.0000","0.0000","0.0000","0.0000","0.0000","0.0000","0.0000","32.5466","38.4600","7.2650","0.0000","78.2716","4.00","Handicap Chase","Slevin, J J","OBrien, Joseph Patrick","9","4","6","2m3.5f ","5yo+","8496","0",,
"2026-02-14","4.50.","Gowran Park","2nd","Beckett Rock (IRE)","0.0000","0.0000","0.0000","0.0000","0.0000","0.0000","0.0000","0.0000","0.0000","0.0000","0.0000","0.0000","26.5564","32.9314","7.3663","0.0000","66.8541","3.00","Handicap Chase","OKeeffe, Darragh","Bromhead, Henry De","9","2","7","2m3.5f ","5yo+","8496","0",,
"2026-02-14","4.50.","Gowran Park","3rd","Slanagaibhgoleir (IRE)","0.0000","0.0000","0.0000","0.0000","0.0000","0.0000","0.0000","0.0000","0.0000","0.0000","0.0000","0.0000","13.5899","46.2182","2.0995","0.0000","61.9076","5.50","Handicap Chase","Millar, Carl","Elliott, Gordon","9","3","8","2m3.5f ","5yo+","8496","0",,
"2026-02-14","4.50.","Gowran Park","PU","Casey West (IRE)","0.0000","0.0000","0.0000","0.0000","0.0000","0.0000","0.0000","0.0000","0.0000","0.0000","0.0000","0.0000","19.6781","17.5312","6.1670","0.0000","43.3763","6.00","Handicap Chase","Roche, T P","Rothwell, P J","9","0","10","2m3.5f ","5yo+","8496","0",,
"2026-02-14","4.50.","Gowran Park","1st","Mount Frisco (IRE)","0.0000","0.0000","0.0000","0.0000","0.0000","0.0000","0.0000","0.0000","0.0000","0.0000","0.0000","0.0000","22.9486","8.0862","4.4573","0.0000","35.4921","8.00","Handicap Chase","King, D","Ryan, John Patrick","9","1","7","2m3.5f ","5yo+","8496","0",,
"2026-02-14","4.50.","Gowran Park","6th","Happy Dreams (FR)","0.0000","0.0000","0.0000","0.0000","0.0000","0.0000","0.0000","0.0000","0.0000","0.0000","0.0000","0.0000","17.9456","7.6000","2.9288","0.0000","28.4744","7.50","Handicap Chase","OKeeffe, Sean F","McDonagh, Michael J","9","6","9","2m3.5f ","5yo+","8496","0",,
"2026-02-14","4.50.","Gowran Park","5th","Mighty Jeremy (IRE)","0.0000","0.0000","0.0000","0.0000","0.0000","0.0000","0.0000","0.0000","0.0000","0.0000","0.0000","0.0000","11.0616","8.8074","1.4528","0.0000","21.3218","8.50","Handicap Chase","Torrens, Simon","Foley, Patrick T","9","5","12","2m3.5f ","5yo+","8496","0",,
"2026-02-14","4.50.","Gowran Park","PU","Petit King (FR)","0.0000","0.0000","0.0000","0.0000","0.0000","0.0000","0.0000","0.0000","0.0000","0.0000","0.0000","0.0000","11.0434","2.6080","2.9000","0.0000","16.5514","12.00","Handicap Chase","Enright, P T","Cawley, Edward","9","0","10","2m3.5f ","5yo+","8496","0",,
"2026-02-14","4.50.","Gowran Park","7th","Dont Go Yet (IRE)","0.0000","0.0000","0.0000","0.0000","0.0000","0.0000","0.0000","0.0000","0.0000","0.0000","0.0000","0.0000","3.9560","3.1720","1.2304","0.0000","8.3584","33.00","Handicap Chase","Walsh, E","Cawley, Edward","9","7","12","2m3.5f ","5yo+","8496","0",,
"2026-02-14","4.55.","Newcastle","8th","Rajstar (IRE)","0.0000","0.0000","0.0000","0.0000","0.0000","0.0000","0.0000","0.0000","0.0000","0.0000","0.0000","0.0000","56.4446","55.2958","13.4940","0.0000","125.2344","7.00","Handicap","Hart, Jason","Haslam, B M R","10","8","4","6f ","4yo+","4711","6",,
"2026-02-14","4.55.","Newcastle","1st","Yorkshire Glory (IRE)","0.0000","0.0000","0.0000","0.0000","0.0000","0.0000","0.0000","0.0000","0.0000","0.0000","0.0000","0.0000","33.1182","49.5838","9.7165","0.0000","92.4185","5.00","Handicap","Mullen, Andrew","Haslam, B M R","10","1","5","6f ","4yo+","4711","6",,
"2026-02-14","4.55.","Newcastle","9th","Spartan Fighter","0.0000","0.0000","0.0000","0.0000","0.0000","0.0000","0.0000","0.0000","0.0000","0.0000","0.0000","0.0000","26.4844","37.7728","4.8530","0.0000","69.1102","6.00","Handicap","Hardie, Cameron","Brittain, Antony","10","9","9","6f ","4yo+","4711","6",,
"2026-02-14","4.55.","Newcastle","10th","Teardrops","0.0000","0.0000","0.0000","0.0000","0.0000","0.0000","0.0000","0.0000","0.0000","0.0000","0.0000","0.0000","31.1418","30.4856","6.7728","0.0000","68.4002","10.00","Handicap","Wood, George","Spencer, Richard","10","10","4","6f ","4yo+","4711","6",,
"2026-02-14","4.55.","Newcastle","4th","Andalprofit (IRE)","0.0000","0.0000","0.0000","0.0000","0.0000","0.0000","0.0000","0.0000","0.0000","0.0000","0.0000","0.0000","27.8228","30.1426","6.9408","0.0000","64.9062","22.00","Handicap","Jary, Alex","Tinkler, N","10","4","4","6f ","4yo+","4711","6",,
"2026-02-14","4.55.","Newcastle","7th","Pickersgill (IRE)","0.0000","0.0000","0.0000","0.0000","0.0000","0.0000","0.0000","0.0000","0.0000","0.0000","0.0000","0.0000","30.2596","20.1022","9.7486","0.0000","60.1104","9.00","Handicap","Nolan, D","Jardine, I","10","7","4","6f ","4yo+","4711","6",,
"2026-02-14","4.55.","Newcastle","3rd","Raft Up (IRE)","0.0000","0.0000","0.0000","0.0000","0.0000","0.0000","0.0000","0.0000","0.0000","0.0000","0.0000","0.0000","32.8546","17.3792","9.5116","0.0000","59.7454","6.50","Handicap","Scott, Rowan","Bethell, Harriet","10","3","5","6f ","4yo+","4711","6",,
"2026-02-14","4.55.","Newcastle","2nd","Pit Boss","0.0000","0.0000","0.0000","0.0000","0.0000","0.0000","0.0000","0.0000","0.0000","0.0000","0.0000","0.0000","29.0280","22.1318","8.3291","0.0000","59.4889","3.33","Handicap","Garritty, Billy","Bailey, Liam","10","2","4","6f ","4yo+","4711","6",,
"2026-02-14","4.55.","Newcastle","6th","Mersea (FR)","0.0000","0.0000","0.0000","0.0000","0.0000","0.0000","0.0000","0.0000","0.0000","0.0000","0.0000","0.0000","22.8430","20.1760","5.2913","0.0000","48.3103","40.00","Handicap","Stammers, Oliver","Tuer, Grant","10","6","6","6f ","4yo+","4711","6",,
"2026-02-14","4.55.","Newcastle","5th","Mayo County","0.0000","0.0000","0.0000","0.0000","0.0000","0.0000","0.0000","0.0000","0.0000","0.0000","0.0000","0.0000","17.8974","22.3070","7.6931","0.0000","47.8975","7.00","Handicap","Marshall, Tom Kiely","Camacho, Miss J A","10","5","5","6f ","4yo+","4711","6",,
"2026-02-14","5.25.","Newcastle","2nd","Merlier (IRE)","0.0000","0.0000","0.0000","0.0000","0.0000","0.0000","0.0000","0.0000","0.0000","0.0000","0.0000","0.0000","31.9990","37.7810","11.6542","0.0000","81.4342","1.00","Maiden","Morris, Luke","Watson, Archie","4","2","3","5f ","3-5yo","4320","5",,
"2026-02-14","5.25.","Newcastle","4th","Ruby Red Gove","0.0000","0.0000","0.0000","0.0000","0.0000","0.0000","0.0000","0.0000","0.0000","0.0000","0.0000","0.0000","32.6756","21.8468","10.7735","0.0000","65.2959","3.50","Maiden","Nolan, D","Furtado, Ivan","4","4","4","5f ","3-5yo","4320","5",,
"2026-02-14","5.25.","Newcastle","3rd","Peregrine Falcon (IRE)","0.0000","0.0000","0.0000","0.0000","0.0000","0.0000","0.0000","0.0000","0.0000","0.0000","0.0000","0.0000","25.0150","25.3952","10.7735","0.0000","61.1837","2.50","Maiden","Kavanagh, Ryan","Morris, Patrick","4","3","4","5f ","3-5yo","4320","5",,
"2026-02-14","5.25.","Newcastle","1st","Polka","0.0000","0.0000","0.0000","0.0000","0.0000","0.0000","0.0000","0.0000","0.0000","0.0000","0.0000","0.0000","27.9666","19.1480","7.6488","0.0000","54.7634","12.00","Maiden","Scott, Rowan","Camacho, Miss J A","4","1","4","5f ","3-5yo","4320","5",,
"2026-02-14","5.55.","Newcastle","2nd","Aisling Oscar (IRE)","0.0000","0.0000","0.0000","0.0000","0.0000","0.0000","0.0000","0.0000","0.0000","0.0000","0.0000","0.0000","50.9149","81.3212","11.4357","0.0000","143.6718","2.50","Handicap","McSweeney, O","Keatley, Adrian Paul","8","2","5","1m ","4yo+","5653","4",,
"2026-02-14","5.55.","Newcastle","1st","Francesi (IRE)","0.0000","0.0000","0.0000","0.0000","0.0000","0.0000","0.0000","0.0000","0.0000","0.0000","0.0000","0.0000","46.1265","48.0762","4.0082","0.0000","98.2109","3.50","Handicap","Coppins, Myla","Carroll, A W","8","1","7","1m ","4yo+","5653","4",,
"2026-02-14","5.55.","Newcastle","3rd","Inspired (IRE)","0.0000","0.0000","0.0000","0.0000","0.0000","0.0000","0.0000","0.0000","0.0000","0.0000","0.0000","0.0000","17.7207","55.9952","16.5251","0.0000","90.2410","2.00","Handicap","Nicholls, Jack","Burke, K R","8","3","4","1m ","4yo+","5653","4",,
"2026-02-14","5.55.","Newcastle","7th","Flying Fletcher","0.0000","0.0000","0.0000","0.0000","0.0000","0.0000","0.0000","0.0000","0.0000","0.0000","0.0000","0.0000","39.7698","32.2346","11.4279","0.0000","83.4323","5.50","Handicap","Gray, S A","Fahey, R A","8","7","5","1m ","4yo+","5653","4",,
"2026-02-14","5.55.","Newcastle","5th","Rajapour (IRE)","0.0000","0.0000","0.0000","0.0000","0.0000","0.0000","0.0000","0.0000","0.0000","0.0000","0.0000","0.0000","21.8576","37.9072","6.2685","0.0000","66.0333","11.00","Handicap","Garritty, Billy","OMeara, D","8","5","6","1m ","4yo+","5653","4",,
"2026-02-14","5.55.","Newcastle","6th","Helmsley (IRE)","0.0000","0.0000","0.0000","0.0000","0.0000","0.0000","0.0000","0.0000","0.0000","0.0000","0.0000","0.0000","31.4806","21.8468","11.8977","0.0000","65.2251","50.00","Handicap","Hart, Jason","Furtado, Ivan","8","6","4","1m ","4yo+","5653","4",,
"2026-02-14","5.55.","Newcastle","4th","Bajan Bandit","0.0000","0.0000","0.0000","0.0000","0.0000","0.0000","0.0000","0.0000","0.0000","0.0000","0.0000","0.0000","27.0494","27.1592","9.5607","0.0000","63.7693","20.00","Handicap","Morris, Luke","Morris, Patrick","8","4","6","1m ","4yo+","5653","4",,
"2026-02-14","5.55.","Newcastle","8th","Qazaq (FR)","0.0000","0.0000","0.0000","0.0000","0.0000","0.0000","0.0000","0.0000","0.0000","0.0000","0.0000","0.0000","12.2864","20.1022","11.7645","0.0000","44.1531","28.00","Handicap","Winn, Mark","Jardine, I","8","8","5","1m ","4yo+","5653","4",,
"2026-02-14","6.25.","Newcastle","2nd","Rogue Rebellion","0.0000","0.0000","0.0000","0.0000","0.0000","0.0000","0.0000","0.0000","0.0000","0.0000","0.0000","0.0000","47.0494","53.8726","9.0866","0.0000","110.0086","2.75","Handicap","Morris, Luke","Owen, J P","6","2","3","5f ","3yo","3768","6",,
"2026-02-14","6.25.","Newcastle","5th","Mystical Land (IRE)","0.0000","0.0000","0.0000","0.0000","0.0000","0.0000","0.0000","0.0000","0.0000","0.0000","0.0000","0.0000","31.8088","25.6070","5.2275","0.0000","62.6433","2.50","Handicap","Kirrane, Sean","Dods, M","6","5","3","5f ","3yo","3768","6",,
"2026-02-14","6.25.","Newcastle","3rd","Mythical Night (IRE)","0.0000","0.0000","0.0000","0.0000","0.0000","0.0000","0.0000","0.0000","0.0000","0.0000","0.0000","0.0000","25.8814","21.2090","8.5353","0.0000","55.6257","3.50","Handicap","Mason, Joanna","Cunha, Dylan","6","3","3","5f ","3yo","3768","6",,
"2026-02-14","6.25.","Newcastle","4th","Doilookokay","0.0000","0.0000","0.0000","0.0000","0.0000","0.0000","0.0000","0.0000","0.0000","0.0000","0.0000","0.0000","17.5770","31.3936","4.8860","0.0000","53.8566","12.00","Handicap","McManoman, Faye","Tinkler, N","6","4","3","5f ","3yo","3768","6",,
"2026-02-14","6.25.","Newcastle","1st","Mademoiselle Belle (IRE)","0.0000","0.0000","0.0000","0.0000","0.0000","0.0000","0.0000","0.0000","0.0000","0.0000","0.0000","0.0000","20.4080","21.8916","10.2956","0.0000","52.5952","3.33","Handicap","Robinson, Ben","Ellison, B","6","1","3","5f ","3yo","3768","6",,
"2026-02-14","6.25.","Newcastle","6th","Calabrian Soldato (IRE)","0.0000","0.0000","0.0000","0.0000","0.0000","0.0000","0.0000","0.0000","0.0000","0.0000","0.0000","0.0000","1.1160","12.2956","7.0844","0.0000","20.4960","25.00","Handicap","Coughlan, Laura","Souza, Lemos","6","6","3","5f ","3yo","3768","6",,
"2026-02-14","6.55.","Newcastle","3rd","Brazilian Rose (IRE)","0.0000","0.0000","0.0000","0.0000","0.0000","0.0000","0.0000","0.0000","0.0000","0.0000","0.0000","0.0000","56.6282","37.4734","10.9929","0.0000","105.0945","1.38","Handicap","Fraser, Kaiya","Menzies, Rebecca","4","3","5","7f ","4yo+","4397","5",,
"2026-02-14","6.55.","Newcastle","4th","Party Bear (IRE)","0.0000","0.0000","0.0000","0.0000","0.0000","0.0000","0.0000","0.0000","0.0000","0.0000","0.0000","0.0000","17.7207","52.9202","9.3080","0.0000","79.9489","3.00","Handicap","Nicholls, Jack","Burke, K R","4","4","4","7f ","4yo+","4397","5",,
"2026-02-14","6.55.","Newcastle","1st","Mereside Diva (IRE)","0.0000","0.0000","0.0000","0.0000","0.0000","0.0000","0.0000","0.0000","0.0000","0.0000","0.0000","0.0000","15.0364","22.7742","0.5125","0.0000","38.3231","2.00","Handicap","Pyle, William","Barron, T D","4","1","6","7f ","4yo+","4397","5",,
"2026-02-14","6.55.","Newcastle","2nd","Penny Mountain (IRE)","0.0000","0.0000","0.0000","0.0000","0.0000","0.0000","0.0000","0.0000","0.0000","0.0000","0.0000","0.0000","10.9552","9.7186","10.8006","0.0000","31.4744","7.50","Handicap","Waugh, Amie","Rutherford, Gary","4","2","5","7f ","4yo+","4397","5",,
"2026-02-14","7.25.","Newcastle","1st","Silver State (IRE)","0.0000","0.0000","0.0000","0.0000","0.0000","0.0000","0.0000","0.0000","0.0000","0.0000","0.0000","0.0000","36.1994","43.5526","4.5862","0.0000","84.3382","1.38","Handicap","Dawes, Rose","Channon, Jack","8","1","3","1m ","3yo","3768","6",,
"2026-02-14","7.25.","Newcastle","7th","Charcon","0.0000","0.0000","0.0000","0.0000","0.0000","0.0000","0.0000","0.0000","0.0000","0.0000","0.0000","0.0000","27.0494","45.2968","7.2725","0.0000","79.6187","40.00","Handicap","Morris, Luke","Haslam, B M R","8","7","3","1m ","3yo","3768","6",,
"2026-02-14","7.25.","Newcastle","6th","The Caddy Master (IRE)","0.0000","0.0000","0.0000","0.0000","0.0000","0.0000","0.0000","0.0000","0.0000","0.0000","0.0000","0.0000","33.0754","35.2960","9.1223","0.0000","77.4937","11.00","Handicap","Gray, S A","Ryan, K A","8","6","3","1m ","3yo","3768","6",,
"2026-02-14","7.25.","Newcastle","2nd","Popty Ping","0.0000","0.0000","0.0000","0.0000","0.0000","0.0000","0.0000","0.0000","0.0000","0.0000","0.0000","0.0000","27.2682","38.2132","7.6746","0.0000","73.1560","4.00","Handicap","Winn, Mark","OMeara, D","8","2","3","1m ","3yo","3768","6",,
"2026-02-14","7.25.","Newcastle","3rd","Archangel Josepi (IRE)","0.0000","0.0000","0.0000","0.0000","0.0000","0.0000","0.0000","0.0000","0.0000","0.0000","0.0000","0.0000","20.4080","21.8916","10.4320","0.0000","52.7316","2.25","Handicap","Robinson, Ben","Ellison, B","8","3","3","1m ","3yo","3768","6",,
"2026-02-14","7.25.","Newcastle","4th","Riddikulus","0.0000","0.0000","0.0000","0.0000","0.0000","0.0000","0.0000","0.0000","0.0000","0.0000","0.0000","0.0000","13.5364","15.7870","10.1706","0.0000","39.4940","33.00","Handicap","Pyle, William","Tuer, Grant","8","4","3","1m ","3yo","3768","6",,
"2026-02-14","7.25.","Newcastle","8th","Crown Inn To Win (IRE)","0.0000","0.0000","0.0000","0.0000","0.0000","0.0000","0.0000","0.0000","0.0000","0.0000","0.0000","0.0000","12.8944","21.8468","4.0167","0.0000","38.7579","14.00","Handicap","McHugh, B","Furtado, Ivan","8","8","3","1m ","3yo","3768","6",,
"2026-02-14","7.25.","Newcastle","5th","Fickle Mcselfish","0.0000","0.0000","0.0000","0.0000","0.0000","0.0000","0.0000","0.0000","0.0000","0.0000","0.0000","0.0000","19.8540","11.6178","7.0633","0.0000","38.5351","28.00","Handicap","Hardie, Cameron","Coyle, Tony","8","5","3","1m ","3yo","3768","6",,

