race_date,time,track,placing,horse_name,last,last2,last3,last4,last5,last6,last7,last8,last9,last10,leveller,speed,jockey,trainer,stallion,today,total,odds_numerical,racetype,jockey_name,trainer_name,runners,placing_num,HorseAge,Distance,AgeRestrictions,WinPrizeMoney,UKClass,MajorType,
"2026-02-14","12.35.","Wincanton","1st","Eton Mes (IRE)","76.8000","30.2726","14.5483","9.9783","0.0000","0.0000","0.0000","0.0000","0.0000","0.0000","0.0000","48.6000","0.0000","0.0000","0.0000","1.2859","181.4851","2.50","Handicap Hurdle","Corcoran, Rian","Pipe, D E","7","1","5","2m6f ","4yo+","3697","5",,
"2026-02-14","12.35.","Wincanton","4th","Thankyouandplease (FR)","38.5080","18.2815","17.8347","15.0040","0.0000","0.0000","0.0000","0.0000","0.0000","0.0000","0.0000","60.4908","0.0000","0.0000","0.0000","1.7999","151.9189","18.00","Handicap Hurdle","Hanlon, Paddy","Hosie, Syd","7","4","6","2m6f ","4yo+","3697","5",,
"2026-02-14","12.35.","Wincanton","6th","Looking For Larry (IRE)","46.0225","16.0160","8.7787","11.1300","0.0000","0.0000","0.0000","0.0000","0.0000","0.0000","0.0000","62.8644","0.0000","0.0000","0.0000","3.4222","148.2338","10.00","Handicap Hurdle","Dodd, Murray","Dennis, T W","7","6","8","2m6f ","4yo+","3697","5",,
"2026-02-14","12.35.","Wincanton","2nd","At The Oche (IRE)","74.9350","27.1372","20.1355","16.6290","0.0000","0.0000","0.0000","0.0000","0.0000","0.0000","0.0000","0.0000","0.0000","0.0000","0.0000","2.8571","141.6938","1.38","Handicap Hurdle","Broughton, Tom","Twiston-Davies, N A","7","2","5","2m6f ","4yo+","3697","5",,
"2026-02-14","12.35.","Wincanton","3rd","Charlies Jetaway (IRE)","40.5779","25.7297","10.6984","0.0000","0.0000","0.0000","0.0000","0.0000","0.0000","0.0000","8.5132","50.7300","0.0000","0.0000","0.0000","2.6000","138.8493","10.00","Handicap Hurdle","Palmer, Oscar","Hosie, Syd","7","3","5","2m6f ","4yo+","3697","5",,
"2026-02-14","12.35.","Wincanton","7th","Star Of Diamonds (IRE)","42.2000","28.2895","10.4388","11.8551","0.0000","0.0000","0.0000","0.0000","0.0000","0.0000","0.0000","36.1850","0.0000","0.0000","0.0000","0.3334","129.3018","5.00","Handicap Hurdle","Johnstone-baker, Cameron","Lavelle, Miss E C","7","7","7","2m6f ","4yo+","3697","5",,
"2026-02-14","12.35.","Wincanton","5th","Moonlight Artist","28.6179","20.2360","11.5380","5.5868","0.0000","0.0000","0.0000","0.0000","0.0000","0.0000","0.0000","56.7661","0.0000","0.0000","0.0000","3.8805","126.6253","14.00","Handicap Hurdle","OShea, Ciaran","Tizzard, Joe","7","5","8","2m6f ","4yo+","3697","5",,
"2026-02-14","12.45.","Gowran Park","1st","Madness Delle (FR)","60.1758","0.0000","0.0000","0.0000","0.0000","0.0000","0.0000","0.0000","0.0000","0.0000","60.1758","62.8000","0.0000","0.0000","0.0000","3.0000","186.1516","0.40","Maiden Hurdle","Townend, P","Mullins, W P","10","1","4","2m ","4yo","6372","0",,
"2026-02-14","12.45.","Gowran Park","3rd","Arouet (FR)","89.7763","46.8393","17.5491","0.0000","0.0000","0.0000","0.0000","0.0000","0.0000","0.0000","16.1301","0.0000","0.0000","0.0000","0.0000","4.1665","174.4614","3.50","Maiden Hurdle","King, D","Twomey, P","10","3","4","2m ","4yo","6372","0",,
"2026-02-14","12.45.","Gowran Park","5th","Whats New (IRE)","47.9341","26.7305","19.7431","6.4304","0.0000","0.0000","0.0000","0.0000","0.0000","0.0000","0.0000","65.0572","0.0000","0.0000","0.0000","1.4336","167.3290","18.00","Maiden Hurdle","Quirke, Cian","Slattery, Andrew","10","5","4","2m ","4yo","6372","0",,
"2026-02-14","12.45.","Gowran Park","2nd","Manoir De Mirande (FR)","39.2531","18.5163","0.0000","0.0000","0.0000","0.0000","0.0000","0.0000","0.0000","0.0000","19.0714","61.9900","0.0000","0.0000","0.0000","0.0000","138.8308","4.00","Maiden Hurdle","Kennedy, J W","Elliott, Gordon","10","2","4","2m ","4yo","6372","0",,
"2026-02-14","12.45.","Gowran Park","9th","Wolfpack","35.4182","19.7675","11.1746","8.3420","0.0000","0.0000","0.0000","0.0000","0.0000","0.0000","0.0000","32.1700","0.0000","0.0000","0.0000","1.2859","108.1582","100.00","Maiden Hurdle","Sexton, K C","Elliott, Gordon","10","9","4","2m ","4yo","6372","0",,
"2026-02-14","12.45.","Gowran Park","7th","Ocean Murphy","38.3176","18.2429","8.7536","0.0000","0.0000","0.0000","0.0000","0.0000","0.0000","0.0000","6.9322","31.4318","0.0000","0.0000","0.0000","0.0000","103.6782","125.00","Maiden Hurdle","Roche, T P","Rothwell, P J","10","7","4","2m ","4yo","6372","0",,
"2026-02-14","12.45.","Gowran Park","10th","Nile Star (FR)","28.1000","14.9846","0.0000","0.0000","0.0000","0.0000","0.0000","0.0000","0.0000","0.0000","14.5173","25.8527","0.0000","0.0000","0.0000","0.0000","83.4546","300.00","Maiden Hurdle","McKenna, Liam","OSullivan, Ross","10","10","4","2m ","4yo","6372","0",,
"2026-02-14","12.45.","Gowran Park","6th","Rebel Queen (IRE)","0.0000","0.0000","0.0000","0.0000","0.0000","0.0000","0.0000","0.0000","0.0000","0.0000","0.0000","0.0000","0.0000","0.0000","0.0000","0.7000","0.7000","150.00","Maiden Hurdle","Kenneally, Michael","Motherway, C","10","6","4","2m ","4yo","6372","0",,
"2026-02-14","12.45.","Gowran Park","8th","Youknowthecode (IRE)","0.0000","0.0000","0.0000","0.0000","0.0000","0.0000","0.0000","0.0000","0.0000","0.0000","0.0000","0.0000","0.0000","0.0000","0.0000","0.0000","0.0000","33.00","Maiden Hurdle","Gainford, Jordan","Elliott, Gordon","10","8","4","2m ","4yo","6372","0",,
"2026-02-14","12.45.","Gowran Park","4th","Tea Biscuit (IRE)","0.0000","0.0000","0.0000","0.0000","0.0000","0.0000","0.0000","0.0000","0.0000","0.0000","0.0000","0.0000","0.0000","0.0000","0.0000","0.0000","0.0000","40.00","Maiden Hurdle","OConnor, M P","Houlihan, Conor","10","4","4","2m ","4yo","6372","0",,
"2026-02-14","12.50.","Lingfield","8th","Bownder (IRE)","56.4700","26.9747","18.1871","12.5760","0.0000","0.0000","0.0000","0.0000","0.0000","0.0000","0.0000","61.4401","0.0000","0.0000","0.0000","5.2959","180.9438","4.00","Handicap","Graham, Mr McKenzie","Portman, J G","9","8","4","1m4f ","4yo+","4172","5",,
"2026-02-14","12.50.","Lingfield","9th","Man Is King (IRE)","63.0630","23.3000","9.1958","11.7100","0.0000","0.0000","0.0000","0.0000","0.0000","0.0000","0.0000","56.4593","0.0000","0.0000","0.0000","2.4894","166.2175","12.00","Handicap","Chance, Miss Louise","Flood, D","9","9","7","1m4f ","4yo+","4172","5",,
"2026-02-14","12.50.","Lingfield","6th","Johnny Boom (IRE)","49.2700","20.1532","18.6300","5.4630","0.0000","0.0000","0.0000","0.0000","0.0000","0.0000","0.0000","65.4343","0.0000","0.0000","0.0000","2.8777","161.8282","25.00","Handicap","Milburn, Miss Amy","Lycett, Shaun","9","6","8","1m4f ","4yo+","4172","5",,
"2026-02-14","12.50.","Lingfield","4th","Shahbaz (IRE)","59.7900","18.3925","10.6306","7.0577","0.0000","0.0000","0.0000","0.0000","0.0000","0.0000","0.0000","61.3536","0.0000","0.0000","0.0000","1.8634","159.0878","5.00","Handicap","Hampson, Brodie","Watson, Archie","9","4","6","1m4f ","4yo+","4172","5",,
"2026-02-14","12.50.","Lingfield","3rd","Voix De Bocelli","50.4300","25.1034","14.4119","8.5426","0.0000","0.0000","0.0000","0.0000","0.0000","0.0000","0.0000","54.6252","0.0000","0.0000","0.0000","3.8389","156.9521","4.00","Handicap","Cagney, Eireann","Knight, Miss H C","9","3","6","1m4f ","4yo+","4172","5",,
"2026-02-14","12.50.","Lingfield","7th","Kathleen Mary","46.7262","23.3722","9.6466","10.2437","0.0000","0.0000","0.0000","0.0000","0.0000","0.0000","0.0000","64.2213","0.0000","0.0000","0.0000","1.9714","156.1814","2.00","Handicap","Walker, Mr S","Chapple-Hyam, P W","9","7","4","1m4f ","4yo+","4172","5",,
"2026-02-14","12.50.","Lingfield","1st","Sea Of Charm (FR)","32.1894","30.5500","18.4656","7.7777","0.0000","0.0000","0.0000","0.0000","0.0000","0.0000","0.0000","58.4640","0.0000","0.0000","0.0000","3.7743","151.2210","25.00","Handicap","Brown, Harry","Nicholls, Georgina","9","1","8","1m4f ","4yo+","4172","5",,
"2026-02-14","12.50.","Lingfield","2nd","Imperial Decision","48.5146","23.7316","8.8194","0.0000","0.0000","0.0000","0.0000","0.0000","0.0000","0.0000","8.3584","57.6300","0.0000","0.0000","0.0000","0.7000","147.7539","25.00","Handicap","Burke, Louis","Burke, Kieran","9","2","4","1m4f ","4yo+","4172","5",,
"2026-02-14","12.50.","Lingfield","5th","Roland Garros","42.3783","17.8143","10.7045","8.9930","0.0000","0.0000","0.0000","0.0000","0.0000","0.0000","0.0000","50.9988","0.0000","0.0000","0.0000","0.5151","131.4041","11.00","Handicap","Yarham, Fletcher","Burton, Hayley","9","5","5","1m4f ","4yo+","4172","5",,
"2026-02-14","12.55.","Haydock","1st","Manlaga (IRE)","88.0370","0.0000","0.0000","0.0000","0.0000","0.0000","0.0000","0.0000","0.0000","0.0000","88.0370","86.0000","0.0000","0.0000","0.0000","2.7000","264.7740","1.75","Hurdle","Hughes, Brian","Henderson, N J","7","1","4","2m ","4yo","10892","2",,
"2026-02-14","12.55.","Haydock","4th","Love Sonnet (IRE)","94.5856","36.3482","16.9685","13.6208","0.0000","0.0000","0.0000","0.0000","0.0000","0.0000","0.0000","71.8200","0.0000","0.0000","0.0000","6.0500","239.3931","18.00","Hurdle","Davies, James","Vaughan, Tim","7","4","4","2m ","4yo","10892","2",,
"2026-02-14","12.55.","Haydock","2nd","Pourquoi Pas Papa (FR)","85.1010","34.5839","22.9264","0.0000","0.0000","0.0000","0.0000","0.0000","0.0000","0.0000","15.3793","67.5181","0.0000","0.0000","0.0000","4.9665","230.4752","1.63","Hurdle","Gingell, Frederick","Nicholls, P F","7","2","4","2m ","4yo","10892","2",,
"2026-02-14","12.55.","Haydock","5th","Macktoad (FR)","50.7325","45.8905","0.0000","0.0000","0.0000","0.0000","0.0000","0.0000","0.0000","0.0000","35.6283","67.9273","0.0000","0.0000","0.0000","5.0000","205.1785","5.00","Hurdle","Bowen, Sean P","Moore, Gary and Josh","7","5","4","2m ","4yo","10892","2",,
"2026-02-14","12.55.","Haydock","6th","Whatsgoingonmarvin (IRE)","64.6346","19.3626","11.2900","15.9584","0.0000","0.0000","0.0000","0.0000","0.0000","0.0000","0.0000","62.6251","0.0000","0.0000","0.0000","3.7103","177.5809","20.00","Hurdle","Bowen, James C","Bowen, Mickey","7","6","4","2m ","4yo","10892","2",,
"2026-02-14","12.55.","Haydock","F","Try Them (IRE)","44.3271","0.0000","0.0000","0.0000","0.0000","0.0000","0.0000","0.0000","0.0000","0.0000","44.3271","57.9600","0.0000","0.0000","0.0000","0.8000","147.4142","50.00","Hurdle","Meyler, D","Mullins, Emmet","7","0","4","2m ","4yo","10892","2",,
"2026-02-14","12.55.","Haydock","3rd","The Mighty Celt (IRE)","0.0000","0.0000","0.0000","0.0000","0.0000","0.0000","0.0000","0.0000","0.0000","0.0000","0.0000","0.0000","0.0000","0.0000","0.0000","0.0000","0.0000","7.50","Hurdle","Skelton, Harry","Skelton, Daniel","7","3","4","2m ","4yo","10892","2",,
"2026-02-14","1.05.","Wincanton","2nd","Bluey (IRE)","108.8000","30.8885","20.2325","19.1232","0.0000","0.0000","0.0000","0.0000","0.0000","0.0000","0.0000","73.5038","0.0000","0.0000","0.0000","9.1135","261.6615","0.33","Novices Chase","Powell, Brendan","Lavelle, Miss E C","5","2","7","2m ","5yo+","20206","1","Lst",
"2026-02-14","1.05.","Wincanton","1st","Queens Gamble (IRE)","67.3300","28.8625","18.0397","14.7630","0.0000","0.0000","0.0000","0.0000","0.0000","0.0000","0.0000","80.2684","0.0000","0.0000","0.0000","6.7501","216.0136","3.33","Novices Chase","OBrien, P V","Derham, Harry","5","1","8","2m ","5yo+","20206","1","Lst",
"2026-02-14","1.05.","Wincanton","4th","Followango (IRE)","87.2000","26.7900","12.0278","11.5784","0.0000","0.0000","0.0000","0.0000","0.0000","0.0000","0.0000","62.2643","0.0000","0.0000","0.0000","2.7897","202.6502","25.00","Novices Chase","Williams, Isabel","Williams, Evan","5","4","8","2m ","5yo+","20206","1","Lst",
"2026-02-14","1.05.","Wincanton","3rd","Sunday Soldier (IRE)","66.2250","24.8504","15.1918","12.3424","0.0000","0.0000","0.0000","0.0000","0.0000","0.0000","0.0000","65.0094","0.0000","0.0000","0.0000","3.1333","186.7522","22.00","Novices Chase","Slatter, Nick","Killahena, David / Mcpherson, Graeme","5","3","8","2m ","5yo+","20206","1","Lst",
"2026-02-14","1.05.","Wincanton","5th","Presenting A Queen","53.6595","25.4736","14.2793","8.0185","0.0000","0.0000","0.0000","0.0000","0.0000","0.0000","0.0000","67.0000","0.0000","0.0000","0.0000","2.0666","170.4975","28.00","Novices Chase","Twiston-Davies, Sam","Honeyball, A J","5","5","9","2m ","5yo+","20206","1","Lst",
"2026-02-14","1.15.","Ascot","4th","Etna Bianco (IRE)","62.6458","50.0964","21.6856","9.0239","0.0000","0.0000","0.0000","0.0000","0.0000","0.0000","0.0000","78.8018","0.0000","0.0000","0.0000","6.7500","229.0035","5.00","Novices Hurdle","Cobden, Harry","Tizzard, Joe","6","4","6","2m3.5f ","5yo+","13008","2",,
"2026-02-14","1.15.","Ascot","1st","Mondouiboy (FR)","88.7040","28.8069","17.1576","0.0000","0.0000","0.0000","0.0000","0.0000","0.0000","0.0000","13.5673","73.4355","0.0000","0.0000","0.0000","3.6332","225.3045","0.73","Novices Hurdle","Jones, Ben R","Pauling, Ben","6","1","6","2m3.5f ","5yo+","13008","2",,
"2026-02-14","1.15.","Ascot","3rd","Catchintsavo (IRE)","78.0120","34.1844","14.0064","12.4824","0.0000","0.0000","0.0000","0.0000","0.0000","0.0000","0.0000","74.2056","0.0000","0.0000","0.0000","3.0501","215.9409","5.50","Novices Hurdle","Dingle, Rex","Honeyball, A J","6","3","6","2m3.5f ","5yo+","13008","2",,
"2026-02-14","1.15.","Ascot","UR","Starzand (IRE)","65.9594","34.4119","22.5245","12.6601","0.0000","0.0000","0.0000","0.0000","0.0000","0.0000","0.0000","72.1927","0.0000","0.0000","0.0000","4.8000","212.5486","4.50","Novices Hurdle","Houlihan, Sean M","Hobbs, P J / White, J","6","0","6","2m3.5f ","5yo+","13008","2",,
"2026-02-14","1.15.","Ascot","5th","Coumeenoole (IRE)","44.4894","20.1600","12.4267","12.0077","0.0000","0.0000","0.0000","0.0000","0.0000","0.0000","0.0000","48.0826","0.0000","0.0000","0.0000","1.4000","138.5663","100.00","Novices Hurdle","Durrell, Tristan","Skelton, Daniel","6","5","7","2m3.5f ","5yo+","13008","2",,
"2026-02-14","1.15.","Ascot","2nd","Kildinan Prince (IRE)","62.1891","0.0000","0.0000","0.0000","0.0000","0.0000","0.0000","0.0000","0.0000","0.0000","62.1891","0.0000","0.0000","0.0000","0.0000","2.8000","127.1781","28.00","Novices Hurdle","Burke, Jonathan","Lavelle, Miss E C","6","2","7","2m3.5f ","5yo+","13008","2",,
"2026-02-14","1.20.","Gowran Park","1st","Storm Heart (FR)","90.3256","41.5225","22.9392","14.3860","0.0000","0.0000","0.0000","0.0000","0.0000","0.0000","0.0000","82.0696","0.0000","0.0000","0.0000","4.3333","255.5762","1.10","Hurdle","Townend, P","Mullins, W P","7","1","6","2m ","5yo+","19912","0","G3",
"2026-02-14","1.20.","Gowran Park","3rd","Farren Glory (IRE)","89.5822","34.6929","15.5180","15.7666","0.0000","0.0000","0.0000","0.0000","0.0000","0.0000","0.0000","68.8260","0.0000","0.0000","0.0000","4.6380","229.0238","8.00","Hurdle","Kennedy, J W","Elliott, Gordon","7","3","9","2m ","5yo+","19912","0","G3",
"2026-02-14","1.20.","Gowran Park","2nd","Workahead (IRE)","80.1101","28.4734","17.9314","10.3591","0.0000","0.0000","0.0000","0.0000","0.0000","0.0000","0.0000","72.8026","0.0000","0.0000","0.0000","3.5833","213.2599","8.00","Hurdle","OKeeffe, Darragh","Bromhead, Henry De","7","2","8","2m ","5yo+","19912","0","G3",
"2026-02-14","1.20.","Gowran Park","5th","Kel Histoire (FR)","63.9158","30.8652","22.3652","10.4247","0.0000","0.0000","0.0000","0.0000","0.0000","0.0000","0.0000","74.2481","0.0000","0.0000","0.0000","4.2500","206.0690","20.00","Hurdle","Torrens, Simon","Mullins, W P","7","5","6","2m ","5yo+","19912","0","G3",
"2026-02-14","1.20.","Gowran Park","6th","Yeah Man (IRE)","61.5500","43.7560","31.2228","14.6965","0.0000","0.0000","0.0000","0.0000","0.0000","0.0000","0.0000","49.5775","0.0000","0.0000","0.0000","1.8815","202.6843","40.00","Hurdle","Buckley, Kieran","Cromwell, Gavin Patrick","7","6","9","2m ","5yo+","19912","0","G3",
"2026-02-14","1.20.","Gowran Park","4th","Kawaboomga (FR)","53.4600","28.1226","0.0000","0.0000","0.0000","0.0000","0.0000","0.0000","0.0000","0.0000","27.4263","82.3591","0.0000","0.0000","0.0000","7.5000","198.8680","1.50","Hurdle","Walsh, M P","Mullins, W P","7","4","6","2m ","5yo+","19912","0","G3",
"2026-02-14","1.20.","Gowran Park","7th","Lisnagar Fortune (IRE)","38.3062","46.5362","11.0957","13.5376","0.0000","0.0000","0.0000","0.0000","0.0000","0.0000","0.0000","55.5234","0.0000","0.0000","0.0000","2.9040","167.9032","150.00","Hurdle","Harvey, A","McConnell, John C","7","7","8","2m ","5yo+","19912","0","G3",
"2026-02-14","1.25.","Lingfield","3rd","Kindly Queen (IRE)","56.9214","17.1683","0.0000","0.0000","0.0000","0.0000","0.0000","0.0000","0.0000","0.0000","22.8145","67.8845","0.0000","0.0000","0.0000","0.5000","165.2888","18.00","Maiden","Crouch, Hector","Beckett, R M","5","3","3","1m2f ","3yo","6480","3",,
"2026-02-14","1.25.","Lingfield","2nd","Al Azd (IRE)","63.3499","25.7369","10.5378","0.0000","0.0000","0.0000","0.0000","0.0000","0.0000","0.0000","9.9967","53.9000","0.0000","0.0000","0.0000","0.6666","164.1879","0.30","Maiden","Mitchell, Jack","Varian, Roger","5","2","3","1m2f ","3yo","6480","3",,
"2026-02-14","1.25.","Lingfield","5th","Virtue Chastity","44.0832","23.6190","0.0000","0.0000","0.0000","0.0000","0.0000","0.0000","0.0000","0.0000","22.8303","58.6864","0.0000","0.0000","0.0000","0.4000","149.6188","66.00","Maiden","Hornby, Rob","Perrett, Mrs A J","5","5","3","1m2f ","3yo","6480","3",,
"2026-02-14","1.25.","Lingfield","4th","Dors Dazzler","49.8491","22.6299","0.0000","0.0000","0.0000","0.0000","0.0000","0.0000","0.0000","0.0000","23.7772","49.5955","0.0000","0.0000","0.0000","1.5000","147.3517","150.00","Maiden","Egan, John","Ivory, D K","5","4","3","1m2f ","3yo","6480","3",,
"2026-02-14","1.25.","Lingfield","1st","Into The Light","0.0000","0.0000","0.0000","0.0000","0.0000","0.0000","0.0000","0.0000","0.0000","0.0000","0.0000","0.0000","0.0000","0.0000","0.0000","0.2000","0.2000","2.75","Maiden","Planas, Connor","Appleby, Charlie","5","1","3","1m2f ","3yo","6480","3",,
"2026-02-14","1.28.","Haydock","F","Throatlash (IRE)","91.5000","47.4910","25.4628","8.9646","0.0000","0.0000","0.0000","0.0000","0.0000","0.0000","0.0000","75.6800","0.0000","0.0000","0.0000","15.2166","264.3150","1.50","Handicap Chase","Hughes, Brian","McCain Jnr, D","11","0","7","2m4f ","5yo+","9770","3",,
"2026-02-14","1.28.","Haydock","1st","The Bluesman (FR)","79.1002","43.4020","12.9297","13.3650","0.0000","0.0000","0.0000","0.0000","0.0000","0.0000","0.0000","74.7390","0.0000","0.0000","0.0000","7.0166","230.5525","1.75","Handicap Chase","Bowen, Sean P","Murphy, Olly","11","1","7","2m4f ","5yo+","9770","3",,
"2026-02-14","1.28.","Haydock","PU","Nells Son","55.5950","35.2890","23.1528","11.0960","0.0000","0.0000","0.0000","0.0000","0.0000","0.0000","0.0000","82.4193","0.0000","0.0000","0.0000","2.5690","210.1211","18.00","Handicap Chase","McMenamin, Daniel","Richards, N G","11","0","11","2m4f ","5yo+","9770","3",,
"2026-02-14","1.28.","Haydock","3rd","Bythesametoken (IRE)","97.6420","26.7200","16.5915","9.6150","0.0000","0.0000","0.0000","0.0000","0.0000","0.0000","0.0000","54.2090","0.0000","0.0000","0.0000","3.2620","208.0395","40.00","Handicap Chase","Meyler, D","OSullivan, Ross","11","3","12","2m4f ","5yo+","9770","3",,
"2026-02-14","1.28.","Haydock","PU","Twoshotsoftequila (IRE)","73.8750","33.9000","12.3360","12.2522","0.0000","0.0000","0.0000","0.0000","0.0000","0.0000","0.0000","66.0336","0.0000","0.0000","0.0000","3.4328","201.8297","25.00","Handicap Chase","Moscrop, Nathan","Menzies, Rebecca","11","0","9","2m4f ","5yo+","9770","3",,
"2026-02-14","1.28.","Haydock","8th","Gentleman Bill (IRE)","51.0100","38.4192","13.7496","12.8347","0.0000","0.0000","0.0000","0.0000","0.0000","0.0000","0.0000","74.5059","0.0000","0.0000","0.0000","5.2545","195.7739","18.00","Handicap Chase","Nichol, Craig","Greenall, O / Guerriero, J","11","8","8","2m4f ","5yo+","9770","3",,
"2026-02-14","1.28.","Haydock","4th","Taras Halls (IRE)","48.4000","37.3501","13.4916","16.9368","0.0000","0.0000","0.0000","0.0000","0.0000","0.0000","0.0000","66.3993","0.0000","0.0000","0.0000","6.0755","188.6533","18.00","Handicap Chase","Bewley, Callum","Smith, Mrs S J / Parkinson, J","11","4","8","2m4f ","5yo+","9770","3",,
"2026-02-14","1.28.","Haydock","7th","Harsh","50.3500","28.6254","15.2660","11.3038","0.0000","0.0000","0.0000","0.0000","0.0000","0.0000","0.0000","76.2315","0.0000","0.0000","0.0000","2.6631","184.4398","40.00","Handicap Chase","Bowen, James C","Bowen, Mickey","11","7","6","2m4f ","5yo+","9770","3",,
"2026-02-14","1.28.","Haydock","6th","Anyharminasking (IRE)","51.1806","23.4325","18.3757","10.5826","0.0000","0.0000","0.0000","0.0000","0.0000","0.0000","0.0000","76.9002","0.0000","0.0000","0.0000","3.3775","183.8491","14.00","Handicap Chase","ONeill, Jonjo (Jr)","ONeill, Jonjo and AJ","11","6","9","2m4f ","5yo+","9770","3",,
"2026-02-14","1.28.","Haydock","5th","Cerendipity (IRE)","45.4750","27.4270","16.0541","14.8429","0.0000","0.0000","0.0000","0.0000","0.0000","0.0000","0.0000","73.5809","0.0000","0.0000","0.0000","4.0096","181.3894","7.50","Handicap Chase","Sheehan, Gavin","Smith, Mrs S J / Parkinson, J","11","5","9","2m4f ","5yo+","9770","3",,
"2026-02-14","1.28.","Haydock","2nd","Western Zephyr (IRE)","47.4780","21.7452","10.6476","15.4988","0.0000","0.0000","0.0000","0.0000","0.0000","0.0000","0.0000","62.1553","0.0000","0.0000","0.0000","2.8582","160.3831","33.00","Handicap Chase","Fenelon, S","Bowen, Mickey","11","2","9","2m4f ","5yo+","9770","3",,
"2026-02-14","1.35.","Wincanton","2nd","Rubaud (FR)","89.8813","61.9186","34.6706","12.3473","0.0000","0.0000","0.0000","0.0000","0.0000","0.0000","0.0000","94.0655","0.0000","0.0000","0.0000","10.4436","303.3269","3.00","Hurdle","Twiston-Davies, Sam","Nicholls, P F","4","2","8","1m7.5f ","4yo+","41608","1","G2",
"2026-02-14","1.35.","Wincanton","1st","Alexei (GER)","100.9493","57.7080","31.3740","16.8704","0.0000","0.0000","0.0000","0.0000","0.0000","0.0000","0.0000","84.2709","0.0000","0.0000","0.0000","4.8000","295.9727","0.50","Hurdle","Powell, Brendan","Tizzard, Joe","4","1","6","1m7.5f ","4yo+","41608","1","G2",
"2026-02-14","1.35.","Wincanton","3rd","Secret Squirrel","48.2488","38.7750","13.8608","12.6473","0.0000","0.0000","0.0000","0.0000","0.0000","0.0000","0.0000","78.6336","0.0000","0.0000","0.0000","4.4455","196.6108","6.00","Hurdle","OBrien, P V","Morrison, H","4","3","7","1m7.5f ","4yo+","41608","1","G2",
"2026-02-14","1.35.","Wincanton","4th","Intellotto (IRE)","36.3478","22.8471","28.2901","12.6419","0.0000","0.0000","0.0000","0.0000","0.0000","0.0000","0.0000","58.9288","0.0000","0.0000","0.0000","3.0250","162.0807","50.00","Hurdle","David, Robbie","Hitchins, Daisy","4","4","6","1m7.5f ","4yo+","41608","1","G2",
"2026-02-14","1.50.","Ascot","2nd","Western Knight (IRE)","100.3860","49.3347","13.0493","14.1192","0.0000","0.0000","0.0000","0.0000","0.0000","0.0000","0.0000","80.1385","0.0000","0.0000","0.0000","8.5333","265.5609","4.50","Novices Chase","Cobden, Harry","Tizzard, Joe","3","2","7","3m ","5yo+","42712","1","G2",
"2026-02-14","1.50.","Ascot","1st","The Jukebox Kid (IRE)","99.9000","33.8152","28.6596","9.5802","0.0000","0.0000","0.0000","0.0000","0.0000","0.0000","0.0000","77.0545","0.0000","0.0000","0.0000","14.2000","263.2095","0.44","Novices Chase","Jones, Ben R","Pauling, Ben","3","1","7","3m ","5yo+","42712","1","G2",
"2026-02-14","1.50.","Ascot","3rd","Crest Of Fortune","59.3374","37.3097","27.0624","21.2148","0.0000","0.0000","0.0000","0.0000","0.0000","0.0000","0.0000","89.6473","0.0000","0.0000","0.0000","2.8863","237.4579","4.50","Novices Chase","Dingle, Rex","Honeyball, A J","3","3","6","3m ","5yo+","42712","1","G2",
"2026-02-14","1.55.","Gowran Park","5th","Walks The Talk (IRE)","74.7725","39.4256","25.1163","14.5957","0.0000","0.0000","0.0000","0.0000","0.0000","0.0000","0.0000","82.5727","0.0000","0.0000","0.0000","3.4571","239.9400","5.50","Novices Hurdle","Harvey, A","McConnell, John C","5","5","7","2m7f ","5yo+","18584","0","G3",
"2026-02-14","1.55.","Gowran Park","4th","Bally Free (IRE)","80.1385","34.6710","0.0000","0.0000","0.0000","0.0000","0.0000","0.0000","0.0000","0.0000","37.3701","67.8364","0.0000","0.0000","0.0000","4.0000","224.0161","0.83","Novices Hurdle","Kennedy, J W","Elliott, Gordon","5","4","6","2m7f ","5yo+","18584","0","G3",
"2026-02-14","1.55.","Gowran Park","3rd","Timesareachanging (IRE)","79.9830","21.6479","0.0000","0.0000","0.0000","0.0000","0.0000","0.0000","0.0000","0.0000","30.8197","57.7600","0.0000","0.0000","0.0000","3.5000","193.7107","5.00","Novices Hurdle","Donovan, Philip","Slattery, Andrew","5","3","7","2m7f ","5yo+","18584","0","G3",
"2026-02-14","1.55.","Gowran Park","1st","Lord Rouge (FR)","58.5690","33.4719","0.0000","0.0000","0.0000","0.0000","0.0000","0.0000","0.0000","0.0000","31.3782","0.0000","0.0000","0.0000","0.0000","4.5000","127.9191","4.50","Novices Hurdle","Gilligan, D J","Elliott, Gordon","5","1","5","2m7f ","5yo+","18584","0","G3",
"2026-02-14","1.55.","Gowran Park","2nd","Changeyourstars (IRE)","78.4177","28.6253","11.7172","5.1984","0.0000","0.0000","0.0000","0.0000","0.0000","0.0000","0.0000","0.0000","0.0000","0.0000","0.0000","3.2000","127.1585","10.00","Novices Hurdle","Enright, P T","King, James Kieran","5","2","6","2m7f ","5yo+","18584","0","G3",
"2026-02-14","2.00.","Lingfield","1st","Thecoffeepoddotco","60.7250","32.5500","15.2490","14.2882","0.0000","0.0000","0.0000","0.0000","0.0000","0.0000","0.0000","64.8573","0.0000","0.0000","0.0000","7.0447","194.7142","2.50","Handicap","Leavy, Joe","Hannon (Jnr), Richard","9","1","4","5f ","4yo+","4329","5",,
"2026-02-14","2.00.","Lingfield","5th","Beaumadier (IRE)","56.1250","30.1900","10.6320","11.8210","0.0000","0.0000","0.0000","0.0000","0.0000","0.0000","0.0000","68.7709","0.0000","0.0000","0.0000","3.4707","181.0096","6.50","Handicap","Whiteley, C J","Loughnane, Daniel Mark","9","5","6","5f ","4yo+","4329","5",,
"2026-02-14","2.00.","Lingfield","6th","Micks Spirit","51.3550","37.2000","15.1559","6.5198","0.0000","0.0000","0.0000","0.0000","0.0000","0.0000","0.0000","64.0006","0.0000","0.0000","0.0000","4.6630","178.8943","12.00","Handicap","Keenan, Darragh","Allen, C N","9","6","8","5f ","4yo+","4329","5",,
"2026-02-14","2.00.","Lingfield","2nd","Cayman Tai (IRE)","46.8050","23.0258","17.5550","11.3889","0.0000","0.0000","0.0000","0.0000","0.0000","0.0000","0.0000","68.6357","0.0000","0.0000","0.0000","2.1352","169.5457","4.00","Handicap","Levey, S M","Hannon (Jnr), Richard","9","2","4","5f ","4yo+","4329","5",,
"2026-02-14","2.00.","Lingfield","3rd","Mc Loven","39.1163","29.5662","11.3174","11.5312","0.0000","0.0000","0.0000","0.0000","0.0000","0.0000","0.0000","70.6058","0.0000","0.0000","0.0000","3.7657","165.9026","3.00","Handicap","Bradley, Paddy","Dow, S","9","3","5","5f ","4yo+","4329","5",,
"2026-02-14","2.00.","Lingfield","6th","Distant Rumble","44.3597","22.7168","15.5736","7.8412","0.0000","0.0000","0.0000","0.0000","0.0000","0.0000","0.0000","65.6893","0.0000","0.0000","0.0000","1.4500","157.6305","8.00","Handicap","Fallon, Cieren","Teal, R A","9","6","4","5f ","4yo+","4329","5",,
"2026-02-14","2.00.","Lingfield","4th","Sandscreendeliverd","33.2293","35.6640","17.2949","7.3038","0.0000","0.0000","0.0000","0.0000","0.0000","0.0000","0.0000","57.9764","0.0000","0.0000","0.0000","2.0500","153.5184","25.00","Handicap","Queally, T P","Crate, Peter","9","4","4","5f ","4yo+","4329","5",,
"2026-02-14","2.00.","Lingfield","8th","Honour Your Dreams (FR)","50.7050","16.4925","10.8594","6.3952","0.0000","0.0000","0.0000","0.0000","0.0000","0.0000","0.0000","57.2961","0.0000","0.0000","0.0000","4.9303","146.6785","16.00","Handicap","Fox, Kieren","Attwater, M J","9","8","6","5f ","4yo+","4329","5",,
"2026-02-14","2.00.","Lingfield","9th","Manhattan Chute (IRE)","33.6900","32.2500","10.4750","7.5252","0.0000","0.0000","0.0000","0.0000","0.0000","0.0000","0.0000","57.4093","0.0000","0.0000","0.0000","5.0793","146.4288","66.00","Handicap","Mangan, Gina","Best, Jim/Suzi","9","9","4","5f ","4yo+","4329","5",,
"2026-02-14","2.05.","Haydock","1st","Ludor (FR)","93.4250","43.6980","30.3084","13.1697","0.0000","0.0000","0.0000","0.0000","0.0000","0.0000","0.0000","83.9900","0.0000","0.0000","0.0000","4.6857","269.2768","1.38","Hurdle","Sheehan, Gavin","Symonds, Tom","5","1","6","3m.5f ","5yo+","34170","1","G2",
"2026-02-14","2.05.","Haydock","2nd","Henri The Second (FR)","118.3000","42.3125","13.5584","10.6152","0.0000","0.0000","0.0000","0.0000","0.0000","0.0000","0.0000","77.4674","0.0000","0.0000","0.0000","2.8304","265.0839","5.00","Hurdle","Gingell, Frederick","Nicholls, P F","5","2","9","3m.5f ","5yo+","34170","1","G2",
"2026-02-14","2.05.","Haydock","3rd","Lavida Adiva (IRE)","83.6014","58.7456","21.3509","14.1584","0.0000","0.0000","0.0000","0.0000","0.0000","0.0000","0.0000","81.3165","0.0000","0.0000","0.0000","4.6430","263.8158","14.00","Hurdle","Hughes, Brian","Jefferson, Ruth","5","3","7","3m.5f ","5yo+","34170","1","G2",
"2026-02-14","2.05.","Haydock","4th","Beauport (IRE)","67.5744","42.3300","21.2156","17.9166","0.0000","0.0000","0.0000","0.0000","0.0000","0.0000","0.0000","84.8285","0.0000","0.0000","0.0000","3.9742","237.8394","6.00","Hurdle","McCain-Mitchell, Toby","Twiston-Davies, N A","5","4","10","3m.5f ","5yo+","34170","1","G2",
"2026-02-14","2.05.","Haydock","UR","French Ship","76.0130","52.5300","29.0340","10.6684","0.0000","0.0000","0.0000","0.0000","0.0000","0.0000","0.0000","0.0000","0.0000","0.0000","0.0000","8.5167","176.7621","2.50","Hurdle","Williams, Lorcan","Hobbs, P J / White, J","5","0","6","3m.5f ","5yo+","34170","1","G2",
"2026-02-14","2.11.","Wincanton","2nd","Marhaba Prince","59.2477","24.0961","16.8790","10.5138","0.0000","0.0000","0.0000","0.0000","0.0000","0.0000","0.0000","65.1394","0.0000","0.0000","0.0000","11.7500","187.6260","0.91","Maiden Hurdle","Twiston-Davies, Sam","Honeyball, A J","10","2","5","1m7.5f ","4yo+","5281","4",,
"2026-02-14","2.11.","Wincanton","1st","Caballero Cliff","40.6087","23.6840","31.3068","13.2631","0.0000","0.0000","0.0000","0.0000","0.0000","0.0000","0.0000","69.9798","0.0000","0.0000","0.0000","0.4000","179.2423","3.00","Maiden Hurdle","Dunne, R T","Stephens, Robert","10","1","5","1m7.5f ","4yo+","5281","4",,
"2026-02-14","2.11.","Wincanton","3rd","The Egyptian Ginge (IRE)","40.1696","27.4727","15.9710","10.1947","0.0000","0.0000","0.0000","0.0000","0.0000","0.0000","0.0000","69.8960","0.0000","0.0000","0.0000","0.3334","164.0375","3.33","Maiden Hurdle","Neild, Jamie","Twiston-Davies, N A","10","3","5","1m7.5f ","4yo+","5281","4",,
"2026-02-14","2.11.","Wincanton","6th","Full Force Gale (IRE)","33.7911","28.7333","0.0000","0.0000","0.0000","0.0000","0.0000","0.0000","0.0000","0.0000","22.8144","65.3200","0.0000","0.0000","0.0000","3.5000","154.1587","6.00","Maiden Hurdle","Deutsch, Charlie","George, T R","10","6","6","1m7.5f ","4yo+","5281","4",,
"2026-02-14","2.11.","Wincanton","5th","King Sacre (FR)","39.0298","22.9937","10.3954","6.5791","0.0000","0.0000","0.0000","0.0000","0.0000","0.0000","0.0000","62.5064","0.0000","0.0000","0.0000","0.0000","141.5043","50.00","Maiden Hurdle","Best, J A","Hawke, N J","10","5","6","1m7.5f ","4yo+","5281","4",,
"2026-02-14","2.11.","Wincanton","10th","Richforadaay","44.0205","19.5802","0.0000","0.0000","0.0000","0.0000","0.0000","0.0000","0.0000","0.0000","20.7952","50.9555","0.0000","0.0000","0.0000","0.0000","135.3514","125.00","Maiden Hurdle","Carver, Bryan","Chanin, I","10","10","6","1m7.5f ","4yo+","5281","4",,
"2026-02-14","2.11.","Wincanton","7th","Gilded Glance","38.8991","0.0000","0.0000","0.0000","0.0000","0.0000","0.0000","0.0000","0.0000","0.0000","38.8991","56.4200","0.0000","0.0000","0.0000","0.7000","134.9182","80.00","Maiden Hurdle","Gethings, Ciaran","Williams, Mrs Jane","10","7","6","1m7.5f ","4yo+","5281","4",,
"2026-02-14","2.11.","Wincanton","9th","Cue Jump","39.1169","18.9144","0.0000","0.0000","0.0000","0.0000","0.0000","0.0000","0.0000","0.0000","19.2364","51.7100","0.0000","0.0000","0.0000","0.7000","129.6776","80.00","Maiden Hurdle","Kimber, Harry","Woollacott, Mrs Kayley","10","9","6","1m7.5f ","4yo+","5281","4",,
"2026-02-14","2.11.","Wincanton","8th","Mistress Fox","41.8005","16.3013","12.2431","4.9303","0.0000","0.0000","0.0000","0.0000","0.0000","0.0000","0.0000","40.9600","0.0000","0.0000","0.0000","0.7000","116.9352","125.00","Maiden Hurdle","Harris, Bradley","Mulholland, N P","10","8","6","1m7.5f ","4yo+","5281","4",,
"2026-02-14","2.11.","Wincanton","4th","Dunaden Island","0.0000","0.0000","0.0000","0.0000","0.0000","0.0000","0.0000","0.0000","0.0000","0.0000","0.0000","0.0000","0.0000","0.0000","0.0000","0.7000","0.7000","125.00","Maiden Hurdle","Corcoran, Rian","Chanin, I","10","4","8","1m7.5f ","4yo+","5281","4",,
"2026-02-14","2.25.","Ascot","7th","Listentoyourheart (IRE)","103.0980","39.0428","20.1688","9.4358","0.0000","0.0000","0.0000","0.0000","0.0000","0.0000","0.0000","90.8078","0.0000","0.0000","0.0000","4.9871","267.5404","6.50","Handicap Hurdle","Durrell, Tristan","Skelton, Daniel","15","7","7","2m3.5f ","4yo+","26015","2",,
"2026-02-14","2.25.","Ascot","8th","Act Of Authority (FR)","82.4724","39.2662","22.5538","15.8548","0.0000","0.0000","0.0000","0.0000","0.0000","0.0000","0.0000","83.5730","0.0000","0.0000","0.0000","3.3502","247.0703","9.00","Handicap Hurdle","Saunders, Lewis","Murphy, Olly","15","8","8","2m3.5f ","4yo+","26015","2",,
"2026-02-14","2.25.","Ascot","2nd","John Barbour","96.5120","37.0528","26.1720","11.0131","0.0000","0.0000","0.0000","0.0000","0.0000","0.0000","0.0000","68.4144","0.0000","0.0000","0.0000","5.0726","244.2369","7.50","Handicap Hurdle","Burke, Jonathan","OBrien, Fergal","15","2","7","2m3.5f ","4yo+","26015","2",,
"2026-02-14","2.25.","Ascot","9th","Kateira","56.9700","36.4696","24.2272","23.0127","0.0000","0.0000","0.0000","0.0000","0.0000","0.0000","0.0000","86.9064","0.0000","0.0000","0.0000","3.5001","231.0861","16.00","Handicap Hurdle","Boinville, Nico","Skelton, Daniel","15","9","9","2m3.5f ","4yo+","26015","2",,
"2026-02-14","2.25.","Ascot","PU","Range (IRE)","96.7700","27.3068","14.6026","12.1936","0.0000","0.0000","0.0000","0.0000","0.0000","0.0000","0.0000","72.4120","0.0000","0.0000","0.0000","5.0312","228.3162","7.00","Handicap Hurdle","Jones, Ben R","Thomas, Sam","15","0","9","2m3.5f ","4yo+","26015","2",,
"2026-02-14","2.25.","Ascot","12th","Kamaxos (FR)","76.0700","31.2855","25.3620","8.8176","0.0000","0.0000","0.0000","0.0000","0.0000","0.0000","0.0000","70.4402","0.0000","0.0000","0.0000","4.6227","216.5980","22.00","Handicap Hurdle","Pinchin, Lilly","Longsdon, C E","15","12","9","2m3.5f ","4yo+","26015","2",,
"2026-02-14","2.25.","Ascot","10th","Rambo T (IRE)","63.7877","25.2310","31.2066","13.3840","0.0000","0.0000","0.0000","0.0000","0.0000","0.0000","0.0000","78.8645","0.0000","0.0000","0.0000","3.8331","216.3069","80.00","Handicap Hurdle","Brogan, Kevin","Murphy, Olly","15","10","9","2m3.5f ","4yo+","26015","2",,
"2026-02-14","2.25.","Ascot","13th","Lightningupourdays","75.4980","27.4862","20.0025","9.5314","0.0000","0.0000","0.0000","0.0000","0.0000","0.0000","0.0000","73.7055","0.0000","0.0000","0.0000","4.2750","210.4986","4.00","Handicap Hurdle","Hogan, Jack","Ralph, Alastair","15","13","7","2m3.5f ","4yo+","26015","2",,
"2026-02-14","2.25.","Ascot","4th","Moveit Like Minnie (IRE)","75.4150","23.6896","15.7625","16.3112","0.0000","0.0000","0.0000","0.0000","0.0000","0.0000","0.0000","72.0758","0.0000","0.0000","0.0000","7.0088","210.2629","12.00","Handicap Hurdle","Bellamy, Tom","Twiston-Davies, N A","15","4","9","2m3.5f ","4yo+","26015","2",,
"2026-02-14","2.25.","Ascot","6th","Captain Teague (IRE)","56.4000","27.4201","24.1016","10.0790","0.0000","0.0000","0.0000","0.0000","0.0000","0.0000","0.0000","83.4436","0.0000","0.0000","0.0000","5.0554","206.4996","8.50","Handicap Hurdle","Cobden, Harry","Nicholls, P F","15","6","8","2m3.5f ","4yo+","26015","2",,
"2026-02-14","2.25.","Ascot","3rd","De Temps En Temps (IRE)","52.9085","23.5784","30.4089","16.7589","0.0000","0.0000","0.0000","0.0000","0.0000","0.0000","0.0000","76.0145","0.0000","0.0000","0.0000","4.8500","204.5192","25.00","Handicap Hurdle","Keighley, Freddie","Keighley, M","15","3","7","2m3.5f ","4yo+","26015","2",,
"2026-02-14","2.25.","Ascot","11th","Jurancon (FR)","52.3263","23.4621","27.7656","14.6842","0.0000","0.0000","0.0000","0.0000","0.0000","0.0000","0.0000","68.2755","0.0000","0.0000","0.0000","5.8000","192.3137","10.00","Handicap Hurdle","Tudor, Jack","Pipe, D E","15","11","7","2m3.5f ","4yo+","26015","2",,
"2026-02-14","2.25.","Ascot","PU","Hurricane Bay","53.8500","25.3781","17.7194","18.4736","0.0000","0.0000","0.0000","0.0000","0.0000","0.0000","0.0000","69.2693","0.0000","0.0000","0.0000","5.2667","189.9572","80.00","Handicap Hurdle","Cannon, Tom J","Wadham, Mrs L","15","0","10","2m3.5f ","4yo+","26015","2",,
"2026-02-14","2.25.","Ascot","5th","No Ordinary Joe (IRE)","41.4800","21.0394","13.2193","10.2760","0.0000","0.0000","0.0000","0.0000","0.0000","0.0000","0.0000","80.2062","0.0000","0.0000","0.0000","3.5668","169.7876","18.00","Handicap Hurdle","Macey, Benjamin","Bramley, Faye","15","5","10","2m3.5f ","4yo+","26015","2",,
"2026-02-14","2.25.","Ascot","1st","Fiercely Proud (IRE)","49.2024","46.1248","15.9792","9.2125","0.0000","0.0000","0.0000","0.0000","0.0000","0.0000","0.0000","0.0000","0.0000","0.0000","0.0000","5.1457","125.6646","8.00","Handicap Hurdle","Woods, K K","Pauling, Ben","15","1","7","2m3.5f ","4yo+","26015","2",,
"2026-02-14","2.30.","Gowran Park","7th","The King Of Prs (IRE)","82.9050","33.2852","21.3672","10.7090","0.0000","0.0000","0.0000","0.0000","0.0000","0.0000","0.0000","71.0015","0.0000","0.0000","0.0000","2.5951","221.8630","8.50","Handicap Hurdle","Donoghue, K M","Cromwell, Gavin Patrick","14","7","8","2m4f ","4yo+","7965","0",,
"2026-02-14","2.30.","Gowran Park","1st","Grimaud (FR)","58.1700","38.0974","26.4821","18.8078","0.0000","0.0000","0.0000","0.0000","0.0000","0.0000","0.0000","73.8785","0.0000","0.0000","0.0000","5.9537","221.3895","4.00","Handicap Hurdle","Williamson, Josh","Elliott, Gordon","14","1","6","2m4f ","4yo+","7965","0",,
"2026-02-14","2.30.","Gowran Park","11th","Themanintheanorak (IRE)","77.4000","33.0088","22.5874","8.9752","0.0000","0.0000","0.0000","0.0000","0.0000","0.0000","0.0000","64.7518","0.0000","0.0000","0.0000","6.5213","213.2445","3.00","Handicap Hurdle","Kenneally, Michael","OSullivan, Eugene M","14","11","6","2m4f ","4yo+","7965","0",,
"2026-02-14","2.30.","Gowran Park","3rd","Grandero Bello (FR)","70.9390","26.4905","17.4012","10.1540","0.0000","0.0000","0.0000","0.0000","0.0000","0.0000","0.0000","66.4302","0.0000","0.0000","0.0000","7.9353","199.3502","9.00","Handicap Hurdle","Buckley, Kieran","Harty, Edward and Patrick","14","3","10","2m4f ","4yo+","7965","0",,
"2026-02-14","2.30.","Gowran Park","13th","Quest With Speed (IRE)","65.0060","47.0470","16.2540","12.2827","0.0000","0.0000","0.0000","0.0000","0.0000","0.0000","0.0000","45.7827","0.0000","0.0000","0.0000","2.6607","189.0331","11.00","Handicap Hurdle","Gainford, Jordan","Hanlon, John Joseph","14","13","9","2m4f ","4yo+","7965","0",,
"2026-02-14","2.30.","Gowran Park","2nd","Krabat (IRE)","52.8700","48.4520","16.9041","7.7090","0.0000","0.0000","0.0000","0.0000","0.0000","0.0000","0.0000","55.9819","0.0000","0.0000","0.0000","4.2993","186.2164","5.50","Handicap Hurdle","Quirke, Cian","McDonagh, Michael J","14","2","11","2m4f ","4yo+","7965","0",,
"2026-02-14","2.30.","Gowran Park","4th","Brideswell Lad (IRE)","37.1000","41.1000","21.0413","17.6550","0.0000","0.0000","0.0000","0.0000","0.0000","0.0000","0.0000","59.5368","0.0000","0.0000","0.0000","4.3639","180.7970","50.00","Handicap Hurdle","Slevin, J J","Neville, Seamus","14","4","10","2m4f ","4yo+","7965","0",,
"2026-02-14","2.30.","Gowran Park","10th","Jacovec Cavern","35.9720","31.2421","22.5307","9.2091","0.0000","0.0000","0.0000","0.0000","0.0000","0.0000","0.0000","63.7933","0.0000","0.0000","0.0000","7.2425","169.9897","6.50","Handicap Hurdle","Condon, R J","Hennessy, Paul","14","10","7","2m4f ","4yo+","7965","0",,
"2026-02-14","2.30.","Gowran Park","12th","Teed Up (IRE)","60.9051","26.8136","26.2159","7.4037","0.0000","0.0000","0.0000","0.0000","0.0000","0.0000","0.0000","41.3938","0.0000","0.0000","0.0000","2.0432","164.7753","28.00","Handicap Hurdle","Doyle, R A","Mullins, Emmet","14","12","9","2m4f ","4yo+","7965","0",,
"2026-02-14","2.30.","Gowran Park","9th","Must Go Now (IRE)","40.0834","20.6378","24.0115","9.2758","0.0000","0.0000","0.0000","0.0000","0.0000","0.0000","0.0000","54.0030","0.0000","0.0000","0.0000","3.1369","151.1484","20.00","Handicap Hurdle","Walsh, E","Cawley, Edward","14","9","9","2m4f ","4yo+","7965","0",,
"2026-02-14","2.30.","Gowran Park","5th","Whatsavailable (IRE)","40.1705","18.9188","12.5677","11.6216","0.0000","0.0000","0.0000","0.0000","0.0000","0.0000","0.0000","61.5919","0.0000","0.0000","0.0000","3.2253","148.0958","33.00","Handicap Hurdle","Brouder, Gavin","Morris, M F","14","5","9","2m4f ","4yo+","7965","0",,
"2026-02-14","2.30.","Gowran Park","8th","Miss Corby (IRE)","61.5776","30.0860","15.4602","5.1525","0.0000","0.0000","0.0000","0.0000","0.0000","0.0000","0.0000","30.0000","0.0000","0.0000","0.0000","3.3669","145.6431","20.00","Handicap Hurdle","Swan, H C","Morris, M F","14","8","6","2m4f ","4yo+","7965","0",,
"2026-02-14","2.30.","Gowran Park","6th","Ossifer Hops (IRE)","34.0720","19.1815","13.0136","6.6379","0.0000","0.0000","0.0000","0.0000","0.0000","0.0000","0.0000","44.3626","0.0000","0.0000","0.0000","3.6449","120.9125","125.00","Handicap Hurdle","OSullivan, Ethan","Crowley, Bernard Martin","14","6","8","2m4f ","4yo+","7965","0",,
"2026-02-14","2.30.","Gowran Park","PU","Laxxio","47.3110","28.1457","12.8547","0.0000","0.0000","0.0000","0.0000","0.0000","0.0000","0.0000","9.7634","0.0000","0.0000","0.0000","0.0000","2.1666","100.2414","8.50","Handicap Hurdle","Mullins, D E","Mullins, Anthony","14","0","5","2m4f ","4yo+","7965","0",,
"2026-02-14","2.35.","Lingfield","4th","Elouises Prince (IRE)","72.6000","18.0650","11.2545","7.8779","0.0000","0.0000","0.0000","0.0000","0.0000","0.0000","0.0000","65.1270","0.0000","0.0000","0.0000","8.5375","183.4619","3.00","Handicap","Fernandes, Jude","Dace, L A","8","4","4","1m ","4yo+","4397","5",,
"2026-02-14","2.35.","Lingfield","3rd","Way To Dubai (IRE)","52.5650","32.7500","14.5590","12.6018","0.0000","0.0000","0.0000","0.0000","0.0000","0.0000","0.0000","64.2387","0.0000","0.0000","0.0000","3.0478","179.7623","2.00","Handicap","Davies, Harry","Appleby, M","8","3","7","1m ","4yo+","4397","5",,
"2026-02-14","2.35.","Lingfield","5th","Pitney (IRE)","50.3000","21.9100","15.2704","11.6771","0.0000","0.0000","0.0000","0.0000","0.0000","0.0000","0.0000","61.7427","0.0000","0.0000","0.0000","2.5188","163.4190","5.00","Handicap","Carson, William","Attwater, M J","8","5","5","1m ","4yo+","4397","5",,
"2026-02-14","2.35.","Lingfield","2nd","Gennadius","40.0250","25.4700","22.3938","9.7098","0.0000","0.0000","0.0000","0.0000","0.0000","0.0000","0.0000","59.6413","0.0000","0.0000","0.0000","2.9669","160.2068","3.50","Handicap","Levey, S M","Hannon (Jnr), Richard","8","2","4","1m ","4yo+","4397","5",,
"2026-02-14","2.35.","Lingfield","1st","Union Island (IRE)","50.6550","21.1901","11.4488","9.9320","0.0000","0.0000","0.0000","0.0000","0.0000","0.0000","0.0000","59.1584","0.0000","0.0000","0.0000","4.2240","156.6082","7.50","Handicap","Bowen, S D","Johnston, Charlie","8","1","5","1m ","4yo+","4397","5",,
"2026-02-14","2.35.","Lingfield","7th","Dakota Power","41.5282","21.8736","15.4496","10.9177","0.0000","0.0000","0.0000","0.0000","0.0000","0.0000","0.0000","57.8307","0.0000","0.0000","0.0000","2.5400","150.1398","25.00","Handicap","Lewis, Owen","Teal, R A","8","7","7","1m ","4yo+","4397","5",,
"2026-02-14","2.35.","Lingfield","8th","Dalmally","36.6592","16.2012","18.9189","9.4287","0.0000","0.0000","0.0000","0.0000","0.0000","0.0000","0.0000","63.7046","0.0000","0.0000","0.0000","3.0064","147.9191","50.00","Handicap","Greatrex, Thomas","Pattinson, Mark","8","8","4","1m ","4yo+","4397","5",,
"2026-02-14","2.35.","Lingfield","6th","Comedian Leader","31.0400","16.3275","10.7490","6.3340","0.0000","0.0000","0.0000","0.0000","0.0000","0.0000","0.0000","55.2043","0.0000","0.0000","0.0000","3.8076","123.4624","125.00","Handicap","Cox, William","Best, Jim/Suzi","8","6","6","1m ","4yo+","4397","5",,
"2026-02-14","2.40.","Haydock","1st","Dalston Lad (IRE)","99.3000","41.5590","16.9432","8.4191","0.0000","0.0000","0.0000","0.0000","0.0000","0.0000","0.0000","76.0400","0.0000","0.0000","0.0000","8.8570","251.1183","2.50","Novices Hurdle","Skelton, Harry","Skelton, Daniel","9","1","6","3m.5f ","5yo+","45560","1","G2",
"2026-02-14","2.40.","Haydock","8th","Kasino Des Mottes (FR)","77.9918","36.2945","25.0353","14.0774","0.0000","0.0000","0.0000","0.0000","0.0000","0.0000","0.0000","78.2982","0.0000","0.0000","0.0000","2.2500","233.9471","11.00","Novices Hurdle","Gingell, Frederick","Tizzard, Joe","9","8","6","3m.5f ","5yo+","45560","1","G2",
"2026-02-14","2.40.","Haydock","7th","Reckless Spending (IRE)","87.4950","29.3390","16.6691","9.2390","0.0000","0.0000","0.0000","0.0000","0.0000","0.0000","0.0000","77.8700","0.0000","0.0000","0.0000","2.2500","222.8622","3.00","Novices Hurdle","Bowen, James C","Henderson, N J","9","7","6","3m.5f ","5yo+","45560","1","G2",
"2026-02-14","2.40.","Haydock","9th","Lon Chaney (IRE)","87.5120","25.5718","17.9531","0.0000","0.0000","0.0000","0.0000","0.0000","0.0000","0.0000","13.2333","62.5200","0.0000","0.0000","0.0000","3.4999","210.2901","11.00","Novices Hurdle","Bowen, Sean P","Murphy, Olly","9","9","6","3m.5f ","5yo+","45560","1","G2",
"2026-02-14","2.40.","Haydock","6th","Caughtinyourtrance (IRE)","62.8995","40.1547","12.7962","12.3978","0.0000","0.0000","0.0000","0.0000","0.0000","0.0000","0.0000","70.6667","0.0000","0.0000","0.0000","4.7222","203.6371","50.00","Novices Hurdle","Moscrop, Nathan","Moffatt, James","9","6","7","3m.5f ","5yo+","45560","1","G2",
"2026-02-14","2.40.","Haydock","3rd","Tashkhan (IRE)","54.8280","27.0599","25.8752","13.7352","0.0000","0.0000","0.0000","0.0000","0.0000","0.0000","0.0000","68.7100","0.0000","0.0000","0.0000","1.5112","191.7195","20.00","Novices Hurdle","Hughes, Brian","Ellison, B","9","3","8","3m.5f ","5yo+","45560","1","G2",
"2026-02-14","2.40.","Haydock","2nd","Ubatuba (IRE)","88.2930","37.2333","0.0000","0.0000","0.0000","0.0000","0.0000","0.0000","0.0000","0.0000","40.6899","0.0000","0.0000","0.0000","0.0000","7.0000","173.2162","5.00","Novices Hurdle","Sutton, Ben","Murphy, Olly","9","2","6","3m.5f ","5yo+","45560","1","G2",
"2026-02-14","2.40.","Haydock","4th","Legendary Luke (IRE)","89.4960","42.7205","15.9229","0.0000","0.0000","0.0000","0.0000","0.0000","0.0000","0.0000","15.2009","0.0000","0.0000","0.0000","0.0000","6.0002","169.3405","9.00","Novices Hurdle","Sheehan, Gavin","Snowden, Jamie","9","4","6","3m.5f ","5yo+","45560","1","G2",
"2026-02-14","2.40.","Haydock","5th","Whiskey Yankee","97.5960","19.4127","0.0000","0.0000","0.0000","0.0000","0.0000","0.0000","0.0000","0.0000","34.1054","0.0000","0.0000","0.0000","0.0000","4.5000","155.6141","7.00","Novices Hurdle","Johnston, Dylan","Thomas, Sam","9","5","5","3m.5f ","5yo+","45560","1","G2",
"2026-02-14","2.50.","Wincanton","F","Mutley Crew (FR)","83.1000","32.5834","21.8796","5.7547","0.0000","0.0000","0.0000","0.0000","0.0000","0.0000","0.0000","62.6497","0.0000","0.0000","0.0000","11.7045","217.6720","1.88","Handicap Chase","Kimber, Harry","Walford, Robert","7","0","10","2m4.5f ","5yo+","5413","4",,
"2026-02-14","2.50.","Wincanton","2nd","Bonza Boy","85.3960","21.0993","16.3080","6.9075","0.0000","0.0000","0.0000","0.0000","0.0000","0.0000","0.0000","59.5312","0.0000","0.0000","0.0000","2.1318","191.3738","6.50","Handicap Chase","OBrien, P V","Scott, J","7","2","9","2m4.5f ","5yo+","5413","4",,
"2026-02-14","2.50.","Wincanton","4th","Saint Cyr De Pail (FR)","77.9100","31.6128","12.4570","6.5706","0.0000","0.0000","0.0000","0.0000","0.0000","0.0000","0.0000","56.1492","0.0000","0.0000","0.0000","3.1000","187.7996","3.00","Handicap Chase","Gethings, Ciaran","Williams, Mrs Jane","7","4","7","2m4.5f ","5yo+","5413","4",,
"2026-02-14","2.50.","Wincanton","5th","Pilsdon Pen","46.0370","22.0522","26.2122","7.9530","0.0000","0.0000","0.0000","0.0000","0.0000","0.0000","0.0000","62.1285","0.0000","0.0000","0.0000","8.6540","173.0369","7.00","Handicap Chase","Carver, Bryan","Scott, J","7","5","9","2m4.5f ","5yo+","5413","4",,
"2026-02-14","2.50.","Wincanton","3rd","Pedley Wood (IRE)","44.8880","29.6100","12.2203","7.7968","0.0000","0.0000","0.0000","0.0000","0.0000","0.0000","0.0000","65.6070","0.0000","0.0000","0.0000","8.9964","169.1185","7.00","Handicap Chase","Powell, Brendan","Tizzard, Joe","7","3","9","2m4.5f ","5yo+","5413","4",,
"2026-02-14","2.50.","Wincanton","1st","Jeu Dopale (FR)","44.5600","33.0257","11.2915","7.7388","0.0000","0.0000","0.0000","0.0000","0.0000","0.0000","0.0000","54.2600","0.0000","0.0000","0.0000","1.4000","152.2760","10.00","Handicap Chase","Deutsch, Charlie","Williams, Miss Venetia","7","1","8","2m4.5f ","5yo+","5413","4",,
"2026-02-14","2.50.","Wincanton","PU","Valirann Gold (IRE)","32.2200","28.1968","12.6156","10.0642","0.0000","0.0000","0.0000","0.0000","0.0000","0.0000","0.0000","58.7745","0.0000","0.0000","0.0000","3.5894","145.4604","11.00","Handicap Chase","Godfrey, Ben","Brown, Miss Harriet","7","0","9","2m4.5f ","5yo+","5413","4",,
"2026-02-14","3.00.","Ascot","7th","Nocte Volatus","104.9280","51.3360","15.6115","11.0862","0.0000","0.0000","0.0000","0.0000","0.0000","0.0000","0.0000","80.6231","0.0000","0.0000","0.0000","4.2369","267.8217","11.00","Handicap Chase","Sheppard, Stan","Lacey, T","11","7","11","3m ","5yo+","56950","1",,
"2026-02-14","3.00.","Ascot","4th","Jipcot (FR)","99.8000","38.4572","16.2792","9.6486","0.0000","0.0000","0.0000","0.0000","0.0000","0.0000","0.0000","77.5234","0.0000","0.0000","0.0000","5.1875","246.8959","2.75","Handicap Chase","Woods, K K","ONeill, Jonjo and AJ","11","4","7","3m ","5yo+","56950","1",,
"2026-02-14","3.00.","Ascot","1st","Montregard (FR)","85.3750","22.8380","25.8768","16.6288","0.0000","0.0000","0.0000","0.0000","0.0000","0.0000","0.0000","71.2647","0.0000","0.0000","0.0000","9.6116","231.5949","3.33","Handicap Chase","Burke, Jonathan","Lacey, T","11","1","7","3m ","5yo+","56950","1",,
"2026-02-14","3.00.","Ascot","10th","Sam Brown","65.6856","35.3036","30.5184","12.0789","0.0000","0.0000","0.0000","0.0000","0.0000","0.0000","0.0000","81.3691","0.0000","0.0000","0.0000","6.2700","231.2256","28.00","Handicap Chase","Bament, Chad","Honeyball, A J","11","10","14","3m ","5yo+","56950","1",,
"2026-02-14","3.00.","Ascot","3rd","Your Darling (IRE)","78.0270","24.3332","24.6375","8.4225","0.0000","0.0000","0.0000","0.0000","0.0000","0.0000","0.0000","77.6787","0.0000","0.0000","0.0000","7.5568","220.6557","7.50","Handicap Chase","Jones, Ben R","Pauling, Ben","11","3","11","3m ","5yo+","56950","1",,
"2026-02-14","3.00.","Ascot","9th","Joyeux Machin (FR)","65.0050","35.4460","23.3861","13.5355","0.0000","0.0000","0.0000","0.0000","0.0000","0.0000","0.0000","77.1605","0.0000","0.0000","0.0000","5.2851","219.8181","5.00","Handicap Chase","Durrell, Tristan","Skelton, Daniel","11","9","9","3m ","5yo+","56950","1",,
"2026-02-14","3.00.","Ascot","5th","Hunter Legend (FR)","71.1200","36.8673","19.8395","10.4124","0.0000","0.0000","0.0000","0.0000","0.0000","0.0000","0.0000","73.0365","0.0000","0.0000","0.0000","5.2637","216.5393","12.00","Handicap Chase","Turner, Miss L M","Williams, Miss Venetia","11","5","9","3m ","5yo+","56950","1",,
"2026-02-14","3.00.","Ascot","PU","Threeunderthrufive (IRE)","61.3210","35.7404","16.4742","10.6348","0.0000","0.0000","0.0000","0.0000","0.0000","0.0000","0.0000","82.8789","0.0000","0.0000","0.0000","8.2450","215.2943","12.00","Handicap Chase","Cobden, Harry","Nicholls, P F","11","0","11","3m ","5yo+","56950","1",,
"2026-02-14","3.00.","Ascot","6th","Invincible Nao (FR)","77.3550","29.2240","28.4472","9.7344","0.0000","0.0000","0.0000","0.0000","0.0000","0.0000","0.0000","61.5127","0.0000","0.0000","0.0000","4.5833","210.8566","14.00","Handicap Chase","Quinn, Caoilin","Moore, Gary and Josh","11","6","8","3m ","5yo+","56950","1",,
"2026-02-14","3.00.","Ascot","8th","Credo (IRE)","54.7298","36.8984","22.9284","8.1165","0.0000","0.0000","0.0000","0.0000","0.0000","0.0000","0.0000","75.5807","0.0000","0.0000","0.0000","6.8377","205.0916","40.00","Handicap Chase","Dingle, Rex","Honeyball, A J","11","8","11","3m ","5yo+","56950","1",,
"2026-02-14","3.00.","Ascot","2nd","Gericault Roque (FR)","46.5400","26.4739","15.2359","14.3118","0.0000","0.0000","0.0000","0.0000","0.0000","0.0000","0.0000","66.6276","0.0000","0.0000","0.0000","6.6003","175.7895","18.00","Handicap Chase","Tudor, Jack","Pipe, D E","11","2","10","3m ","5yo+","56950","1",,
"2026-02-14","3.05.","Gowran Park","2nd","Luciole Des Bordes (FR)","59.8300","33.6720","0.0000","0.0000","0.0000","0.0000","0.0000","0.0000","0.0000","0.0000","31.7935","72.0227","0.0000","0.0000","0.0000","1.0000","198.3182","0.62","NH Flat","Mullins, Mr P W","Mullins, W P","7","2","5","2m1f ","4yo+","5842","0",,
"2026-02-14","3.05.","Gowran Park","1st","Nans Choice (IRE)","56.3175","0.0000","0.0000","0.0000","0.0000","0.0000","0.0000","0.0000","0.0000","0.0000","56.3175","65.9000","0.0000","0.0000","0.0000","0.0000","178.5350","5.00","NH Flat","Stone, B T","Houlihan, Conor","7","1","5","2m1f ","4yo+","5842","0",,
"2026-02-14","3.05.","Gowran Park","3rd","Wicked Pleasure (IRE)","58.4823","0.0000","0.0000","0.0000","0.0000","0.0000","0.0000","0.0000","0.0000","0.0000","58.4823","52.7000","0.0000","0.0000","0.0000","2.0000","171.6646","6.00","NH Flat","Gleeson, Mr J L","Bromhead, Henry De","7","3","5","2m1f ","4yo+","5842","0",,
"2026-02-14","3.05.","Gowran Park","4th","Courtmac Gesture (IRE)","46.6842","21.9224","15.9704","9.7961","0.0000","0.0000","0.0000","0.0000","0.0000","0.0000","0.0000","43.8024","0.0000","0.0000","0.0000","0.6666","138.8420","12.00","NH Flat","Hogan, C M","Motherway, C","7","4","5","2m1f ","4yo+","5842","0",,
"2026-02-14","3.05.","Gowran Park","7th","Red Acres Georgie (IRE)","37.4029","0.0000","0.0000","0.0000","0.0000","0.0000","0.0000","0.0000","0.0000","0.0000","37.4029","58.0500","0.0000","0.0000","0.0000","0.0000","132.8558","10.00","NH Flat","Swan, H C","Mullins, Anthony","7","7","6","2m1f ","4yo+","5842","0",,
"2026-02-14","3.05.","Gowran Park","6th","Claudel (FR)","37.9885","0.0000","0.0000","0.0000","0.0000","0.0000","0.0000","0.0000","0.0000","0.0000","37.9885","39.0300","0.0000","0.0000","0.0000","0.0000","115.0071","25.00","NH Flat","Hendrick, Mr J W","Nolan, Paul","7","6","5","2m1f ","4yo+","5842","0",,
"2026-02-14","3.05.","Gowran Park","5th","Natures Odyssey (IRE)","0.0000","0.0000","0.0000","0.0000","0.0000","0.0000","0.0000","0.0000","0.0000","0.0000","0.0000","0.0000","0.0000","0.0000","0.0000","0.0000","0.0000","33.00","NH Flat","Ryan, Mr A P","McEnery, P F","7","5","5","2m1f ","4yo+","5842","0",,
"2026-02-14","3.10.","Lingfield","4th","Legal Reform (IRE)","80.6850","47.0280","22.5138","13.5280","0.0000","0.0000","0.0000","0.0000","0.0000","0.0000","0.0000","82.6881","0.0000","0.0000","0.0000","8.6638","255.1067","6.00","Handicap","Greatrex, Edward","Herrington,M ","7","4","9","7f ","4yo+","15702","2",,
"2026-02-14","3.10.","Lingfield","1st","Heathcliff","73.5345","39.1745","23.4504","9.8115","0.0000","0.0000","0.0000","0.0000","0.0000","0.0000","0.0000","83.9266","0.0000","0.0000","0.0000","4.9529","234.8504","5.00","Handicap","Muscutt, D","Fanshawe, J R","7","1","5","7f ","4yo+","15702","2",,
"2026-02-14","3.10.","Lingfield","5th","Wiltshire","78.2000","27.5616","18.0871","14.6058","0.0000","0.0000","0.0000","0.0000","0.0000","0.0000","0.0000","85.4969","0.0000","0.0000","0.0000","3.7334","227.6847","6.50","Handicap","Fallon, Cieren","Haggas, W J","7","5","6","7f ","4yo+","15702","2",,
"2026-02-14","3.10.","Lingfield","7th","Benevento (IRE)","72.8748","26.2919","19.3084","16.6183","0.0000","0.0000","0.0000","0.0000","0.0000","0.0000","0.0000","80.9790","0.0000","0.0000","0.0000","2.9500","219.0224","1.88","Handicap","Egan, David","Foy, Kevin","7","7","4","7f ","4yo+","15702","2",,
"2026-02-14","3.10.","Lingfield","6th","Best Rate","64.2250","34.8488","20.4803","9.5012","0.0000","0.0000","0.0000","0.0000","0.0000","0.0000","0.0000","74.5310","0.0000","0.0000","0.0000","4.0780","207.6644","4.00","Handicap","Leavy, Joe","Hannon (Jnr), Richard","7","6","4","7f ","4yo+","15702","2",,
"2026-02-14","3.10.","Lingfield","2nd","Tiger Crusade (FR)","49.4900","42.9500","16.6002","11.6327","0.0000","0.0000","0.0000","0.0000","0.0000","0.0000","0.0000","75.4169","0.0000","0.0000","0.0000","7.5820","203.6718","8.00","Handicap","Dace, Jack","Simcock, D M","7","2","9","7f ","4yo+","15702","2",,
"2026-02-14","3.10.","Lingfield","3rd","Willem Twee","47.1050","29.5659","15.3951","16.2318","0.0000","0.0000","0.0000","0.0000","0.0000","0.0000","0.0000","86.2790","0.0000","0.0000","0.0000","5.7598","200.3367","16.00","Handicap","Crouch, Hector","Fanshawe, J R","7","3","7","7f ","4yo+","15702","2",,
"2026-02-14","3.15.","Haydock","7th","Monbeg Genius (IRE)","93.3129","29.0390","24.2110","10.1548","0.0000","0.0000","0.0000","0.0000","0.0000","0.0000","0.0000","83.8991","0.0000","0.0000","0.0000","4.0750","244.6918","8.00","Handicap Chase","ONeill, Jonjo (Jr)","ONeill, Jonjo and AJ","11","7","10","3m4.5f ","5yo+","56950","1",,
"2026-02-14","3.15.","Haydock","PU","Rivers Corner","96.7000","32.5354","18.6401","14.5019","0.0000","0.0000","0.0000","0.0000","0.0000","0.0000","0.0000","73.1700","0.0000","0.0000","0.0000","3.6272","239.1746","9.00","Handicap Chase","Gingell, Frederick","Tizzard, Joe","11","0","8","3m4.5f ","5yo+","56950","1",,
"2026-02-14","3.15.","Haydock","3rd","Neo King (FR)","97.9000","28.2172","23.7372","10.0712","0.0000","0.0000","0.0000","0.0000","0.0000","0.0000","0.0000","52.9900","0.0000","0.0000","0.0000","4.3000","217.2156","16.00","Handicap Chase","Turner, James","Williams, Evan","11","3","8","3m4.5f ","5yo+","56950","1",,
"2026-02-14","3.15.","Haydock","PU","Holokea (IRE)","91.4300","40.7628","21.8770","16.7592","0.0000","0.0000","0.0000","0.0000","0.0000","0.0000","0.0000","30.0000","0.0000","0.0000","0.0000","4.9386","205.7676","6.00","Handicap Chase","Bowen, James C","Bowen, Mickey","11","0","7","3m4.5f ","5yo+","56950","1",,
"2026-02-14","3.15.","Haydock","5th","Git Maker (FR)","51.9620","30.6148","19.1475","14.7976","0.0000","0.0000","0.0000","0.0000","0.0000","0.0000","0.0000","75.4044","0.0000","0.0000","0.0000","7.9576","199.8839","12.00","Handicap Chase","Sheehan, Gavin","Snowden, Jamie","11","5","10","3m4.5f ","5yo+","56950","1",,
"2026-02-14","3.15.","Haydock","4th","Deafening Silence (IRE)","98.0091","44.6748","16.2411","17.8689","0.0000","0.0000","0.0000","0.0000","0.0000","0.0000","0.0000","0.0000","0.0000","0.0000","0.0000","4.2429","181.0368","7.00","Handicap Chase","Skelton, Harry","Skelton, Daniel","11","4","9","3m4.5f ","5yo+","56950","1",,
"2026-02-14","3.15.","Haydock","8th","Richmond Lake (IRE)","89.9450","40.0017","20.7780","11.2295","0.0000","0.0000","0.0000","0.0000","0.0000","0.0000","0.0000","0.0000","0.0000","0.0000","0.0000","5.2635","167.2177","12.00","Handicap Chase","Hughes, Brian","McCain Jnr, D","11","8","10","3m4.5f ","5yo+","56950","1",,
"2026-02-14","3.15.","Haydock","PU","Myretown (IRE)","73.1600","30.8028","31.8636","14.5650","0.0000","0.0000","0.0000","0.0000","0.0000","0.0000","0.0000","0.0000","0.0000","0.0000","0.0000","3.4270","153.8184","3.00","Handicap Chase","Fox, Derek R","Russell, Lucinda / Scudamore, M","11","0","9","3m4.5f ","5yo+","56950","1",,
"2026-02-14","3.15.","Haydock","1st","Grand Geste (IRE)","57.3500","49.8560","21.6173","15.8098","0.0000","0.0000","0.0000","0.0000","0.0000","0.0000","0.0000","0.0000","0.0000","0.0000","0.0000","5.5075","150.1405","6.50","Handicap Chase","McMenamin, Daniel","Smith, Mrs S J / Parkinson, J","11","1","7","3m4.5f ","5yo+","56950","1",,
"2026-02-14","3.15.","Haydock","2nd","Top Of The Bill (IRE)","53.1618","52.6260","28.0140","7.8075","0.0000","0.0000","0.0000","0.0000","0.0000","0.0000","0.0000","0.0000","0.0000","0.0000","0.0000","4.8752","146.4845","22.00","Handicap Chase","McCain-Mitchell, Toby","Twiston-Davies, N A","11","2","10","3m4.5f ","5yo+","56950","1",,
"2026-02-14","3.15.","Haydock","6th","Grand Albert (IRE)","68.8165","28.9200","10.8588","14.2200","0.0000","0.0000","0.0000","0.0000","0.0000","0.0000","0.0000","0.0000","0.0000","0.0000","0.0000","4.5500","127.3653","8.50","Handicap Chase","Bowen, Sean P","McCain Jnr, D","11","6","8","3m4.5f ","5yo+","56950","1",,
"2026-02-14","3.23.","Wincanton","1st","Royal Mer (FR)","47.4350","39.6945","21.1540","12.3624","0.0000","0.0000","0.0000","0.0000","0.0000","0.0000","0.0000","59.9863","0.0000","0.0000","0.0000","5.8747","186.5069","3.00","Handicap Chase","Corcoran, Rian","Pipe, D E","7","1","8","2m ","5yo+","5413","4",,
"2026-02-14","3.23.","Wincanton","PU","Jack Black (FR)","70.8200","22.8995","15.4219","6.5508","0.0000","0.0000","0.0000","0.0000","0.0000","0.0000","0.0000","68.1409","0.0000","0.0000","0.0000","2.6428","186.4758","3.33","Handicap Chase","Todd, C J","Skelton, Daniel","7","0","7","2m ","5yo+","5413","4",,
"2026-02-14","3.23.","Wincanton","5th","Begin The Luck (IRE)","52.8950","27.7075","24.7206","10.9739","0.0000","0.0000","0.0000","0.0000","0.0000","0.0000","0.0000","55.9082","0.0000","0.0000","0.0000","4.9862","177.1914","6.50","Handicap Chase","David, Robbie","Hitchins, Daisy","7","5","10","2m ","5yo+","5413","4",,
"2026-02-14","3.23.","Wincanton","2nd","Raffles Hermes (FR)","50.7900","18.7740","0.0000","0.0000","0.0000","0.0000","0.0000","0.0000","0.0000","0.0000","22.0845","65.5100","0.0000","0.0000","0.0000","0.8000","157.9585","6.50","Handicap Chase","Kimber, Harry","Walford, Robert","7","2","6","2m ","5yo+","5413","4",,
"2026-02-14","3.23.","Wincanton","3rd","Wewillgowithplanb (IRE)","37.5600","21.7150","11.5747","11.5499","0.0000","0.0000","0.0000","0.0000","0.0000","0.0000","0.0000","61.3542","0.0000","0.0000","0.0000","3.4695","147.2233","22.00","Handicap Chase","Ring, C V","Williams, Evan","7","3","9","2m ","5yo+","5413","4",,
"2026-02-14","3.23.","Wincanton","PU","Joe Cotton (IRE)","44.1800","39.3512","18.4191","10.0454","0.0000","0.0000","0.0000","0.0000","0.0000","0.0000","0.0000","0.0000","0.0000","0.0000","0.0000","1.7429","113.7386","3.00","Handicap Chase","Carver, Bryan","Scott, J","7","0","8","2m ","5yo+","5413","4",,
"2026-02-14","3.23.","Wincanton","4th","Better Off Alone (IRE)","46.2062","19.4740","11.9628","9.5712","0.0000","0.0000","0.0000","0.0000","0.0000","0.0000","0.0000","0.0000","0.0000","0.0000","0.0000","1.0334","88.2476","8.00","Handicap Chase","Best, J A","Keighley, M","7","4","7","2m ","5yo+","5413","4",,
"2026-02-14","3.35.","Ascot","1st","Jonbon (FR)","138.4020","48.7305","28.1527","21.2330","0.0000","0.0000","0.0000","0.0000","0.0000","0.0000","0.0000","89.6073","0.0000","0.0000","0.0000","10.4540","336.5795","0.44","Chase","Boinville, Nico","Henderson, N J","6","1","10","2m5f ","5yo+","99662","1","G1",
"2026-02-14","3.35.","Ascot","4th","Edwardstone","125.0051","45.8067","19.4260","16.3617","0.0000","0.0000","0.0000","0.0000","0.0000","0.0000","0.0000","90.7146","0.0000","0.0000","0.0000","2.8361","300.1502","11.00","Chase","Cannon, Tom J","King, A","6","4","12","2m5f ","5yo+","99662","1","G1",
"2026-02-14","3.35.","Ascot","2nd","Pic DOrhy (FR)","65.4860","46.8404","18.3344","25.4113","0.0000","0.0000","0.0000","0.0000","0.0000","0.0000","0.0000","84.5176","0.0000","0.0000","0.0000","10.8069","251.3967","2.50","Chase","Cobden, Harry","Nicholls, P F","6","2","11","2m5f ","5yo+","99662","1","G1",
"2026-02-14","3.35.","Ascot","3rd","Blow Your Wad (IRE)","78.1669","48.3784","23.5861","12.8347","0.0000","0.0000","0.0000","0.0000","0.0000","0.0000","0.0000","77.8230","0.0000","0.0000","0.0000","3.0777","243.8668","33.00","Chase","Mitchell, Freddie","Moore, Gary and Josh","6","3","8","2m5f ","5yo+","99662","1","G1",
"2026-02-14","3.35.","Ascot","PU","Classic Maestro (IRE)","89.1950","28.0050","17.5327","8.4646","0.0000","0.0000","0.0000","0.0000","0.0000","0.0000","0.0000","58.1668","0.0000","0.0000","0.0000","3.5052","204.8693","125.00","Chase","Scott, Luke","Candlish, Jennie","6","0","8","2m5f ","5yo+","99662","1","G1",
"2026-02-14","3.35.","Ascot","5th","Heltenham (FR)","50.8550","27.9524","22.6970","13.1722","0.0000","0.0000","0.0000","0.0000","0.0000","0.0000","0.0000","73.2229","0.0000","0.0000","0.0000","3.1914","191.0909","50.00","Chase","Durrell, Tristan","Skelton, Daniel","6","5","9","2m5f ","5yo+","99662","1","G1",
"2026-02-14","3.40.","Gowran Park","1st","Impaire Et Passe (FR)","69.6808","63.9837","20.5235","20.3445","0.0000","0.0000","0.0000","0.0000","0.0000","0.0000","0.0000","85.3864","0.0000","0.0000","0.0000","8.3574","268.2763","0.44","Chase","Townend, P","Mullins, W P","4","1","8","2m3.5f ","5yo+","23894","0","G2",
"2026-02-14","3.40.","Gowran Park","2nd","Sa Fureur (IRE)","85.7950","40.7642","26.3474","9.4790","0.0000","0.0000","0.0000","0.0000","0.0000","0.0000","0.0000","70.1636","0.0000","0.0000","0.0000","3.8738","236.4231","4.00","Chase","Kennedy, J W","Elliott, Gordon","4","2","9","2m3.5f ","5yo+","23894","0","G2",
"2026-02-14","3.40.","Gowran Park","3rd","Classic Getaway (IRE)","53.2148","31.5578","21.8475","15.5874","0.0000","0.0000","0.0000","0.0000","0.0000","0.0000","0.0000","82.1330","0.0000","0.0000","0.0000","6.8439","211.1844","5.00","Chase","Mullins, D E","Mullins, W P","4","3","10","2m3.5f ","5yo+","23894","0","G2",
"2026-02-14","3.40.","Gowran Park","4th","Buddy One (IRE)","62.9330","27.9028","11.3669","18.2590","0.0000","0.0000","0.0000","0.0000","0.0000","0.0000","0.0000","79.7128","0.0000","0.0000","0.0000","2.7664","202.9410","20.00","Chase","Gilligan, Jack G","Gilligan, Paul John","4","4","9","2m3.5f ","5yo+","23894","0","G2",
"2026-02-14","3.45.","Lingfield","6th","Uncle Nader","63.0000","26.6624","10.3267","7.3280","0.0000","0.0000","0.0000","0.0000","0.0000","0.0000","0.0000","50.8717","0.0000","0.0000","0.0000","10.1500","168.3388","3.00","Handicap","Crouch, Hector","Jones, Jack","7","6","3","1m ","3yo","3768","6",,
"2026-02-14","3.45.","Lingfield","3rd","Corniche Girl (IRE)","60.9850","20.0622","14.7242","10.4448","0.0000","0.0000","0.0000","0.0000","0.0000","0.0000","0.0000","55.2824","0.0000","0.0000","0.0000","1.1831","162.6817","20.00","Handicap","Levey, S M","Hannon (Jnr), Richard","7","3","3","1m ","3yo","3768","6",,
"2026-02-14","3.45.","Lingfield","2nd","Aneirins Sword (IRE)","53.5950","26.9500","19.1406","7.6217","0.0000","0.0000","0.0000","0.0000","0.0000","0.0000","0.0000","49.2149","0.0000","0.0000","0.0000","4.0501","160.5723","3.50","Handicap","Hornby, Rob","Osborne, J A","7","2","3","1m ","3yo","3768","6",,
"2026-02-14","3.45.","Lingfield","1st","Ebn Sabt","47.7000","26.4712","13.7225","9.4165","0.0000","0.0000","0.0000","0.0000","0.0000","0.0000","0.0000","55.2202","0.0000","0.0000","0.0000","0.5334","153.0638","5.00","Handicap","Edmunds, Lewis","Muir, W R & Grassick, C","7","1","3","1m ","3yo","3768","6",,
"2026-02-14","3.45.","Lingfield","4th","Whos On First","63.4000","18.5936","9.9620","7.7356","0.0000","0.0000","0.0000","0.0000","0.0000","0.0000","0.0000","44.5925","0.0000","0.0000","0.0000","3.1669","147.4506","1.50","Handicap","Dace, Jack","Williams, S C","7","4","3","1m ","3yo","3768","6",,
"2026-02-14","3.45.","Lingfield","5th","Prancy Peer","40.4900","20.6474","14.1121","5.9086","0.0000","0.0000","0.0000","0.0000","0.0000","0.0000","0.0000","58.2533","0.0000","0.0000","0.0000","0.1000","139.5114","22.00","Handicap","Egan, David","Sangster, Ollie","7","5","3","1m ","3yo","3768","6",,
"2026-02-14","3.45.","Lingfield","7th","Angry Ant (USA)","30.2720","26.7566","14.7150","6.3795","0.0000","0.0000","0.0000","0.0000","0.0000","0.0000","0.0000","53.2190","0.0000","0.0000","0.0000","0.3000","131.6420","28.00","Handicap","Greatrex, Edward","Osborne, J A","7","7","3","1m ","3yo","3768","6",,
"2026-02-14","3.50.","Haydock","PU","Off The Jury (IRE)","78.2683","43.5522","18.7321","20.1688","0.0000","0.0000","0.0000","0.0000","0.0000","0.0000","0.0000","77.4600","0.0000","0.0000","0.0000","2.6546","240.8359","8.00","Handicap Hurdle","Bowen, James C","Bowen, Mickey","13","0","7","3m.5f ","5yo+","13615","2",,
"2026-02-14","3.50.","Haydock","1st","Champagne Chic (IRE)","98.1000","42.2515","16.7616","7.5445","0.0000","0.0000","0.0000","0.0000","0.0000","0.0000","0.0000","70.1119","0.0000","0.0000","0.0000","3.8857","238.6551","4.50","Handicap Hurdle","Skelton, Harry","Scott, J","13","1","6","3m.5f ","5yo+","13615","2",,
"2026-02-14","3.50.","Haydock","F","Chart Topper (FR)","52.5080","51.1020","26.3888","12.5687","0.0000","0.0000","0.0000","0.0000","0.0000","0.0000","0.0000","90.7100","0.0000","0.0000","0.0000","2.5500","235.8276","20.00","Handicap Hurdle","Hayes, Brian","Mullins, W P","13","0","7","3m.5f ","5yo+","13615","2",,
"2026-02-14","3.50.","Haydock","7th","Go To War (IRE)","103.3000","23.8440","13.6205","8.4228","0.0000","0.0000","0.0000","0.0000","0.0000","0.0000","0.0000","77.2700","0.0000","0.0000","0.0000","5.7155","232.1728","9.00","Handicap Hurdle","Hughes, Brian","Henderson, N J","13","7","8","3m.5f ","5yo+","13615","2",,
"2026-02-14","3.50.","Haydock","6th","Doughmore Bay (IRE)","95.3500","25.2380","17.2886","7.7208","0.0000","0.0000","0.0000","0.0000","0.0000","0.0000","0.0000","78.3112","0.0000","0.0000","0.0000","5.2763","229.1849","8.50","Handicap Hurdle","Sheehan, Gavin","Lavelle, Miss E C","13","6","8","3m.5f ","5yo+","13615","2",,
"2026-02-14","3.50.","Haydock","PU","Gwennie May Star (FR)","86.8000","29.7085","24.6564","6.9454","0.0000","0.0000","0.0000","0.0000","0.0000","0.0000","0.0000","74.2713","0.0000","0.0000","0.0000","6.3078","228.6894","5.50","Handicap Hurdle","Bowen, Sean P","Murphy, Olly","13","0","6","3m.5f ","5yo+","13615","2",,
"2026-02-14","3.50.","Haydock","PU","Stay Away Fay (IRE)","87.3300","22.5582","16.5636","10.3948","0.0000","0.0000","0.0000","0.0000","0.0000","0.0000","0.0000","74.9995","0.0000","0.0000","0.0000","4.6486","216.4947","9.00","Handicap Hurdle","Nicholls, Miss Olive","Nicholls, P F","13","0","9","3m.5f ","5yo+","13615","2",,
"2026-02-14","3.50.","Haydock","4th","Red Dirt Road (IRE)","61.1500","25.5150","26.6850","15.9750","0.0000","0.0000","0.0000","0.0000","0.0000","0.0000","0.0000","82.5600","0.0000","0.0000","0.0000","4.0000","215.8850","18.00","Handicap Hurdle","ONeill, Jonjo (Jr)","ONeill, Jonjo and AJ","13","4","9","3m.5f ","5yo+","13615","2",,
"2026-02-14","3.50.","Haydock","3rd","Found A Diamond (IRE)","62.9950","46.6890","13.9739","16.6872","0.0000","0.0000","0.0000","0.0000","0.0000","0.0000","0.0000","68.7793","0.0000","0.0000","0.0000","4.7555","213.8799","11.00","Handicap Hurdle","Markey, S R","OSullivan, Ross","13","3","6","3m.5f ","5yo+","13615","2",,
"2026-02-14","3.50.","Haydock","5th","Thanksforthehelp (FR)","62.8100","32.3138","14.2373","19.8712","0.0000","0.0000","0.0000","0.0000","0.0000","0.0000","0.0000","74.1958","0.0000","0.0000","0.0000","7.0855","210.5136","25.00","Handicap Hurdle","McLernon, R P","Pipe, D E","13","5","9","3m.5f ","5yo+","13615","2",,
"2026-02-14","3.50.","Haydock","PU","Jupiter Des Mottes (FR)","45.1634","38.2348","17.8357","13.0044","0.0000","0.0000","0.0000","0.0000","0.0000","0.0000","0.0000","86.3400","0.0000","0.0000","0.0000","5.6667","206.2449","6.50","Handicap Hurdle","McMenamin, Daniel","Richards, N G","13","0","7","3m.5f ","5yo+","13615","2",,
"2026-02-14","3.50.","Haydock","8th","Cave Court (IRE)","56.9872","40.1204","25.0525","8.8650","0.0000","0.0000","0.0000","0.0000","0.0000","0.0000","0.0000","52.1598","0.0000","0.0000","0.0000","3.0732","186.2580","50.00","Handicap Hurdle","McGill, Mr O","Kelly, Noel C","13","8","9","3m.5f ","5yo+","13615","2",,
"2026-02-14","3.50.","Haydock","2nd","Minella Emperor (IRE)","65.3512","30.2081","18.8927","7.3048","0.0000","0.0000","0.0000","0.0000","0.0000","0.0000","0.0000","0.0000","0.0000","0.0000","0.0000","3.0998","124.8567","6.00","Handicap Hurdle","Meyler, D","Mullins, Emmet","13","2","7","3m.5f ","5yo+","13615","2",,
"2026-02-14","4.00.","Wincanton","3rd","Saladins Son (IRE)","73.7121","40.7396","27.3648","16.5136","0.0000","0.0000","0.0000","0.0000","0.0000","0.0000","0.0000","73.5109","0.0000","0.0000","0.0000","11.9166","243.7576","1.50","Handicap Chase","Godfrey, Ben","Honeyball, A J","6","3","8","3m1.5f ","5yo+","5413","4",,
"2026-02-14","4.00.","Wincanton","2nd","Cooleenymore (IRE)","77.3000","29.1488","14.4180","6.6530","0.0000","0.0000","0.0000","0.0000","0.0000","0.0000","0.0000","65.0785","0.0000","0.0000","0.0000","7.8239","200.4221","3.50","Handicap Chase","Kimber, Harry","Walford, Robert","6","2","10","3m1.5f ","5yo+","5413","4",,
"2026-02-14","4.00.","Wincanton","1st","Camulus (IRE)","80.3760","29.2875","12.4181","6.6444","0.0000","0.0000","0.0000","0.0000","0.0000","0.0000","0.0000","58.7539","0.0000","0.0000","0.0000","3.4002","190.8801","2.50","Handicap Chase","Deutsch, Charlie","Williams, Miss Venetia","6","1","9","3m1.5f ","5yo+","5413","4",,
"2026-02-14","4.00.","Wincanton","PU","Concetto (FR)","72.0100","20.9660","16.8672","8.2292","0.0000","0.0000","0.0000","0.0000","0.0000","0.0000","0.0000","63.6152","0.0000","0.0000","0.0000","2.6139","184.3015","8.00","Handicap Chase","Dunne, R T","Allwood, S","6","0","9","3m1.5f ","5yo+","5413","4",,
"2026-02-14","4.00.","Wincanton","4th","Supervisor (IRE)","46.2000","18.2073","16.8489","8.2308","0.0000","0.0000","0.0000","0.0000","0.0000","0.0000","0.0000","68.5688","0.0000","0.0000","0.0000","6.7131","164.7689","25.00","Handicap Chase","Dodd, Murray","Williams, Miss Venetia","6","4","12","3m1.5f ","5yo+","5413","4",,
"2026-02-14","4.00.","Wincanton","5th","Take Your Time (IRE)","45.9500","20.5450","10.2075","9.9665","0.0000","0.0000","0.0000","0.0000","0.0000","0.0000","0.0000","71.2325","0.0000","0.0000","0.0000","5.8885","163.7900","14.00","Handicap Chase","Twiston-Davies, Sam","Nicholls, P F","6","5","11","3m1.5f ","5yo+","5413","4",,
"2026-02-14","4.10.","Ascot","18th","Heart Over Head (IRE)","90.4000","38.8510","16.6848","10.2673","0.0000","0.0000","0.0000","0.0000","0.0000","0.0000","0.0000","66.5675","0.0000","0.0000","0.0000","2.8500","225.6206","6.00","Handicap Hurdle","Burke, Jonathan","OBrien, Fergal","18","18","7","2m7.5f ","4yo+","10157","3",,
"2026-02-14","4.10.","Ascot","10th","Top Guy (IRE)","71.7700","41.6570","19.6824","6.8776","0.0000","0.0000","0.0000","0.0000","0.0000","0.0000","0.0000","72.8473","0.0000","0.0000","0.0000","3.2750","216.1093","6.00","Handicap Hurdle","Durrell, Tristan","Skelton, Daniel","18","10","6","2m7.5f ","4yo+","10157","3",,
"2026-02-14","4.10.","Ascot","7th","Loup De Maulde (FR)","68.1000","33.7500","17.9468","13.2222","0.0000","0.0000","0.0000","0.0000","0.0000","0.0000","0.0000","75.2458","0.0000","0.0000","0.0000","6.4499","214.7147","33.00","Handicap Hurdle","Price, Charlie","Llewellyn, Robert","18","7","9","2m7.5f ","4yo+","10157","3",,
"2026-02-14","4.10.","Ascot","2nd","Diamatiste (IRE)","73.7470","34.5232","20.1922","14.4568","0.0000","0.0000","0.0000","0.0000","0.0000","0.0000","0.0000","63.8009","0.0000","0.0000","0.0000","2.4746","209.1947","11.00","Handicap Hurdle","Newman, Mr Joshua","Woollacott, Mrs Kayley","18","2","7","2m7.5f ","4yo+","10157","3",,
"2026-02-14","4.10.","Ascot","14th","Crazierthandaisy","71.0300","22.9500","27.7056","12.9550","0.0000","0.0000","0.0000","0.0000","0.0000","0.0000","0.0000","69.2887","0.0000","0.0000","0.0000","4.1000","208.0294","6.00","Handicap Hurdle","Boinville, Nico","Henderson, N J","18","14","7","2m7.5f ","4yo+","10157","3",,
"2026-02-14","4.10.","Ascot","16th","Hung Jury (IRE)","50.3620","39.8876","28.8216","13.2691","0.0000","0.0000","0.0000","0.0000","0.0000","0.0000","0.0000","73.5618","0.0000","0.0000","0.0000","2.1000","208.0022","25.00","Handicap Hurdle","Keighley, Freddie","Keighley, M","18","16","11","2m7.5f ","4yo+","10157","3",,
"2026-02-14","4.10.","Ascot","1st","Walden (FR)","56.1630","43.9040","24.3730","6.9906","0.0000","0.0000","0.0000","0.0000","0.0000","0.0000","0.0000","66.6636","0.0000","0.0000","0.0000","3.0857","201.1800","14.00","Handicap Hurdle","Sheppard, Stan","Lacey, T","18","1","6","2m7.5f ","4yo+","10157","3",,
"2026-02-14","4.10.","Ascot","8th","Sea Invasion (IRE)","58.4011","19.4343","24.7848","16.6976","0.0000","0.0000","0.0000","0.0000","0.0000","0.0000","0.0000","68.3644","0.0000","0.0000","0.0000","2.7334","190.4156","33.00","Handicap Hurdle","Dingle, Rex","Honeyball, A J","18","8","8","2m7.5f ","4yo+","10157","3",,
"2026-02-14","4.10.","Ascot","11th","Stratton Oakmont (IRE)","44.3438","41.9760","15.1725","11.9556","0.0000","0.0000","0.0000","0.0000","0.0000","0.0000","0.0000","67.2357","0.0000","0.0000","0.0000","6.2000","186.8836","14.00","Handicap Hurdle","Jones, Ben R","Woollacott, Mrs Kayley","18","11","10","2m7.5f ","4yo+","10157","3",,
"2026-02-14","4.10.","Ascot","13th","Yellow Star (FR)","43.9262","43.8060","13.5058","10.0720","0.0000","0.0000","0.0000","0.0000","0.0000","0.0000","0.0000","73.6418","0.0000","0.0000","0.0000","1.3889","186.3408","12.00","Handicap Hurdle","Quinn, Caoilin","Moore, Gary and Josh","18","13","6","2m7.5f ","4yo+","10157","3",,
"2026-02-14","4.10.","Ascot","17th","Operation Manna","48.4500","37.6534","12.2662","10.1138","0.0000","0.0000","0.0000","0.0000","0.0000","0.0000","0.0000","73.1389","0.0000","0.0000","0.0000","4.5999","186.2222","33.00","Handicap Hurdle","Iles, Cameron","Lacey, T","18","17","10","2m7.5f ","4yo+","10157","3",,
"2026-02-14","4.10.","Ascot","15th","Solar System (FR)","56.8100","20.7429","19.5177","13.5150","0.0000","0.0000","0.0000","0.0000","0.0000","0.0000","0.0000","70.9985","0.0000","0.0000","0.0000","3.6618","185.2459","5.50","Handicap Hurdle","Cobden, Harry","Hobbs, P J / White, J","18","15","7","2m7.5f ","4yo+","10157","3",,
"2026-02-14","4.10.","Ascot","9th","High Treason","71.8050","22.2886","14.5771","8.3781","0.0000","0.0000","0.0000","0.0000","0.0000","0.0000","0.0000","51.8331","0.0000","0.0000","0.0000","2.0859","170.9679","18.00","Handicap Hurdle","Bellamy, Tom","Twiston-Davies, N A","18","9","7","2m7.5f ","4yo+","10157","3",,
"2026-02-14","4.10.","Ascot","3rd","Oh My Johnny (IRE)","48.0000","31.3505","12.3667","9.2642","0.0000","0.0000","0.0000","0.0000","0.0000","0.0000","0.0000","59.4500","0.0000","0.0000","0.0000","4.0109","164.4423","22.00","Handicap Hurdle","Houlihan, Sean M","Hobbs, P J / White, J","18","3","6","2m7.5f ","4yo+","10157","3",,
"2026-02-14","4.10.","Ascot","6th","Striking A Pose (IRE)","41.6020","21.6010","20.8162","7.4623","0.0000","0.0000","0.0000","0.0000","0.0000","0.0000","0.0000","67.1380","0.0000","0.0000","0.0000","4.4609","163.0804","50.00","Handicap Hurdle","Tudor, Jack","Tizzard, Joe","18","6","10","2m7.5f ","4yo+","10157","3",,
"2026-02-14","4.10.","Ascot","4th","Kalium (FR)","69.1920","45.6500","12.1808","13.5135","0.0000","0.0000","0.0000","0.0000","0.0000","0.0000","0.0000","0.0000","0.0000","0.0000","0.0000","4.2856","144.8218","5.00","Handicap Hurdle","Vaughan, Mr Edward","Vaughan, Tim","18","4","6","2m7.5f ","4yo+","10157","3",,
"2026-02-14","4.10.","Ascot","5th","Confinentic (FR)","62.5500","20.8269","20.0700","12.8244","0.0000","0.0000","0.0000","0.0000","0.0000","0.0000","0.0000","0.0000","0.0000","0.0000","0.0000","3.6331","119.9044","16.00","Handicap Hurdle","Gordon, Fred","Gordon, C","18","5","6","2m7.5f ","4yo+","10157","3",,
"2026-02-14","4.10.","Ascot","12th","Il Va De Soi (FR)","44.1500","24.7784","19.9135","13.0652","0.0000","0.0000","0.0000","0.0000","0.0000","0.0000","0.0000","0.0000","0.0000","0.0000","0.0000","2.0665","103.9736","50.00","Handicap Hurdle","Fox, Megan","Derham, Harry","18","12","8","2m7.5f ","4yo+","10157","3",,
"2026-02-14","4.15.","Gowran Park","5th","Champagne Jury (IRE)","98.8020","36.2553","13.8759","13.4329","0.0000","0.0000","0.0000","0.0000","0.0000","0.0000","0.0000","69.5300","0.0000","0.0000","0.0000","7.9333","239.8295","4.00","Beginners Chase","Donoghue, K M","Cromwell, Gavin Patrick","8","5","7","2m3.5f ","5yo+","6637","0",,
"2026-02-14","4.15.","Gowran Park","1st","King Alexander (IRE)","66.2504","32.3728","23.9023","13.1535","0.0000","0.0000","0.0000","0.0000","0.0000","0.0000","0.0000","68.8205","0.0000","0.0000","0.0000","3.9375","208.4370","0.44","Beginners Chase","Townend, P","Mullins, W P","8","1","8","2m3.5f ","5yo+","6637","0",,
"2026-02-14","4.15.","Gowran Park","3rd","Da Capo Glory (IRE)","57.7334","19.7070","15.5251","13.9250","0.0000","0.0000","0.0000","0.0000","0.0000","0.0000","0.0000","74.7573","0.0000","0.0000","0.0000","4.1667","185.8145","6.50","Beginners Chase","Allen, Mr D","Butler, Padraig","8","3","9","2m3.5f ","5yo+","6637","0",,
"2026-02-14","4.15.","Gowran Park","PU","Mr Escobar (IRE)","36.8668","38.5973","21.8392","7.8941","0.0000","0.0000","0.0000","0.0000","0.0000","0.0000","0.0000","58.6691","0.0000","0.0000","0.0000","1.3333","165.1999","14.00","Beginners Chase","Mullins, D E","Mullins, W P","8","0","8","2m3.5f ","5yo+","6637","0",,
"2026-02-14","4.15.","Gowran Park","4th","Ballybow (IRE)","39.5366","26.1100","10.7844","13.3560","0.0000","0.0000","0.0000","0.0000","0.0000","0.0000","0.0000","42.0000","0.0000","0.0000","0.0000","3.0553","134.8423","8.50","Beginners Chase","Gilligan, D J","Elliott, Gordon","8","4","7","2m3.5f ","5yo+","6637","0",,
"2026-02-14","4.15.","Gowran Park","2nd","Yoradreamer","36.2419","22.7253","12.1285","14.7674","0.0000","0.0000","0.0000","0.0000","0.0000","0.0000","0.0000","40.0182","0.0000","0.0000","0.0000","1.3650","127.2463","40.00","Beginners Chase","OKeeffe, Sean F","Mullins, W P","8","2","7","2m3.5f ","5yo+","6637","0",,
"2026-02-14","4.15.","Gowran Park","7th","Mistyburn (IRE)","38.7465","18.4887","11.0370","8.6048","0.0000","0.0000","0.0000","0.0000","0.0000","0.0000","0.0000","29.5548","0.0000","0.0000","0.0000","0.0000","106.4318","250.00","Beginners Chase","Roche, T P","Rothwell, P J","8","7","6","2m3.5f ","5yo+","6637","0",,
"2026-02-14","4.15.","Gowran Park","6th","Lamiral Fromentin (FR)","34.7014","0.0000","0.0000","0.0000","0.0000","0.0000","0.0000","0.0000","0.0000","0.0000","34.7014","22.2600","0.0000","0.0000","0.0000","0.4000","92.0628","250.00","Beginners Chase","Robinson, D","Rothwell, P J","8","6","5","2m3.5f ","5yo+","6637","0",,
"2026-02-14","4.20.","Lingfield","1st","Combustion","63.4920","25.8034","15.4704","11.9968","0.0000","0.0000","0.0000","0.0000","0.0000","0.0000","0.0000","61.7776","0.0000","0.0000","0.0000","13.2429","191.7831","0.73","Handicap","Haynes, Joey","Banham, Chelsea","7","1","5","6f ","4yo+","4397","5",,
"2026-02-14","4.20.","Lingfield","4th","Mart","58.8850","21.6725","15.5773","7.5434","0.0000","0.0000","0.0000","0.0000","0.0000","0.0000","0.0000","66.6940","0.0000","0.0000","0.0000","4.5830","174.9552","3.00","Handicap","Levey, S M","Cunha, Dylan","7","4","5","6f ","4yo+","4397","5",,
"2026-02-14","4.20.","Lingfield","2nd","All Too Beautiful","35.8600","36.3340","19.1928","12.4464","0.0000","0.0000","0.0000","0.0000","0.0000","0.0000","0.0000","56.3478","0.0000","0.0000","0.0000","7.8148","167.9958","7.00","Handicap","Mitchell, Jack","Teal, R A","7","2","4","6f ","4yo+","4397","5",,
"2026-02-14","4.20.","Lingfield","7th","Due Date","35.9420","31.3320","18.6684","12.4832","0.0000","0.0000","0.0000","0.0000","0.0000","0.0000","0.0000","59.1581","0.0000","0.0000","0.0000","3.7618","161.3455","40.00","Handicap","Hornby, Rob","Wallis, Charlie","7","7","6","6f ","4yo+","4397","5",,
"2026-02-14","4.20.","Lingfield","3rd","Diamond Dreamer","50.5667","20.0513","14.1735","6.4554","0.0000","0.0000","0.0000","0.0000","0.0000","0.0000","0.0000","61.4378","0.0000","0.0000","0.0000","4.6942","157.3788","11.00","Handicap","Muscutt, D","Chamings, P R","7","3","6","6f ","4yo+","4397","5",,
"2026-02-14","4.20.","Lingfield","5th","Ottawa","43.4500","16.8500","19.0752","5.5272","0.0000","0.0000","0.0000","0.0000","0.0000","0.0000","0.0000","56.5797","0.0000","0.0000","0.0000","2.6706","144.1527","12.00","Handicap","Fallon, Cieren","Parr, Joseph","7","5","4","6f ","4yo+","4397","5",,
"2026-02-14","4.20.","Lingfield","6th","Stapleford Park","44.2300","17.7375","9.2925","6.6688","0.0000","0.0000","0.0000","0.0000","0.0000","0.0000","0.0000","57.6163","0.0000","0.0000","0.0000","1.7277","137.2728","50.00","Handicap","Leavy, Joe","Attwater, M J","7","6","4","6f ","4yo+","4397","5",,
"2026-02-14","4.25.","Newcastle","2nd","Forest Caper","59.3200","25.3800","19.4220","10.1904","0.0000","0.0000","0.0000","0.0000","0.0000","0.0000","0.0000","69.2909","0.0000","0.0000","0.0000","1.5569","185.1602","3.00","Handicap","Hart, Jason","OMeara, D","9","2","5","1m2f ","4yo+","4397","5",,
"2026-02-14","4.25.","Newcastle","4th","Mao Shang Wong (IRE)","59.7750","20.7624","19.7163","9.5160","0.0000","0.0000","0.0000","0.0000","0.0000","0.0000","0.0000","64.7587","0.0000","0.0000","0.0000","1.1333","175.6618","5.00","Handicap","Winn, Mark","OMeara, D","9","4","4","1m2f ","4yo+","4397","5",,
"2026-02-14","4.25.","Newcastle","5th","Prince Achille","56.9650","27.9221","16.1911","12.4488","0.0000","0.0000","0.0000","0.0000","0.0000","0.0000","0.0000","57.1243","0.0000","0.0000","0.0000","4.9526","175.6039","5.50","Handicap","Garritty, Jack","OKeeffe, Jedd","9","5","7","1m2f ","4yo+","4397","5",,
"2026-02-14","4.25.","Newcastle","1st","Bearwith","54.4750","24.9298","11.9874","11.5579","0.0000","0.0000","0.0000","0.0000","0.0000","0.0000","0.0000","60.4013","0.0000","0.0000","0.0000","4.7106","168.0619","7.00","Handicap","Brookes, Aiden","Bethell, Harriet","9","1","8","1m2f ","4yo+","4397","5",,
"2026-02-14","4.25.","Newcastle","6th","Golspie (IRE)","47.5450","26.3375","18.5277","9.1880","0.0000","0.0000","0.0000","0.0000","0.0000","0.0000","0.0000","62.3349","0.0000","0.0000","0.0000","3.0641","166.9973","5.50","Handicap","Nolan, D","Morris, Patrick","9","6","6","1m2f ","4yo+","4397","5",,
"2026-02-14","4.25.","Newcastle","7th","Star Cast","53.5800","31.7920","7.7402","5.3926","0.0000","0.0000","0.0000","0.0000","0.0000","0.0000","0.0000","56.7387","0.0000","0.0000","0.0000","4.9034","160.1469","12.00","Handicap","Fraser, Kaiya","Tutty, Gemma","9","7","4","1m2f ","4yo+","4397","5",,
"2026-02-14","4.25.","Newcastle","8th","Up The Jazz (IRE)","35.7864","27.6552","13.7050","10.9394","0.0000","0.0000","0.0000","0.0000","0.0000","0.0000","0.0000","67.7164","0.0000","0.0000","0.0000","2.2507","158.0532","10.00","Handicap","Tindall, Ethan","Fahey, R A","9","8","5","1m2f ","4yo+","4397","5",,
"2026-02-14","4.25.","Newcastle","3rd","Jack Sparowe (IRE)","41.9550","15.5360","18.0266","11.3546","0.0000","0.0000","0.0000","0.0000","0.0000","0.0000","0.0000","57.5109","0.0000","0.0000","0.0000","2.5499","146.9331","9.00","Handicap","Morris, Luke","Butler, John","9","3","7","1m2f ","4yo+","4397","5",,
"2026-02-14","4.25.","Newcastle","9th","Lieutenant Lily","30.9869","20.1911","10.5809","9.9869","0.0000","0.0000","0.0000","0.0000","0.0000","0.0000","0.0000","56.0783","0.0000","0.0000","0.0000","2.5714","130.3954","28.00","Handicap","Mullen, Andrew","Haslam, B M R","9","9","4","1m2f ","4yo+","4397","5",,
"2026-02-14","4.30.","Haydock","3rd","Shearer (IRE)","81.6894","37.4794","20.5376","15.2400","0.0000","0.0000","0.0000","0.0000","0.0000","0.0000","0.0000","71.3878","0.0000","0.0000","0.0000","3.9057","230.2399","0.80","Hunters Chase","Andrews, Gina","Nicholls, P F","6","3","10","2m6.5f ","5yo+","7700","3",,
"2026-02-14","4.30.","Haydock","1st","Unexpected Party (FR)","79.7236","24.9910","23.0682","12.3936","0.0000","0.0000","0.0000","0.0000","0.0000","0.0000","0.0000","72.4543","0.0000","0.0000","0.0000","1.8580","214.4888","3.00","Hunters Chase","Palin, Miss H","Skelton, Daniel","6","1","11","2m6.5f ","5yo+","7700","3",,
"2026-02-14","4.30.","Haydock","4th","Good Boy Bobby (IRE)","71.8774","20.2000","18.2100","12.4530","0.0000","0.0000","0.0000","0.0000","0.0000","0.0000","0.0000","76.3579","0.0000","0.0000","0.0000","3.9688","203.0671","8.00","Hunters Chase","Jackson-Fennell, Miss A","Twiston-Davies, N A","6","4","13","2m6.5f ","5yo+","7700","3",,
"2026-02-14","4.30.","Haydock","2nd","Take All (IRE)","61.4316","38.8496","13.8596","15.8201","0.0000","0.0000","0.0000","0.0000","0.0000","0.0000","0.0000","55.1531","0.0000","0.0000","0.0000","2.4619","187.5759","5.50","Hunters Chase","Scott, Mr Samuel","Osborne, M","6","2","11","2m6.5f ","5yo+","7700","3",,
"2026-02-14","4.30.","Haydock","5th","Settle Down Jill (IRE)","41.4080","27.9904","19.1354","11.2621","0.0000","0.0000","0.0000","0.0000","0.0000","0.0000","0.0000","77.3600","0.0000","0.0000","0.0000","2.5081","179.6640","66.00","Hunters Chase","Barlow, Patrick","Sanderson, Norman","6","5","6","2m6.5f ","5yo+","7700","3",,
"2026-02-14","4.30.","Haydock","PU","Lift Me Up (IRE)","57.7374","27.1695","20.1780","8.8128","0.0000","0.0000","0.0000","0.0000","0.0000","0.0000","0.0000","60.6545","0.0000","0.0000","0.0000","3.6332","178.1855","20.00","Hunters Chase","McIntyre, Mr M J","Filby, Miss M","6","0","10","2m6.5f ","5yo+","7700","3",,
"2026-02-14","4.37.","Wincanton","3rd","Seatoit (IRE)","62.7850","20.5765","22.2132","6.5281","0.0000","0.0000","0.0000","0.0000","0.0000","0.0000","0.0000","71.4855","0.0000","0.0000","0.0000","0.5444","184.1327","2.25","Handicap Novices Hurdle","Aswat, Aamilah","Bailey, K C","6","3","7","3m1.5f ","4yo+","4489","4",,
"2026-02-14","4.37.","Wincanton","1st","Call Me Legend (IRE)","86.9200","36.0055","18.2813","11.1770","0.0000","0.0000","0.0000","0.0000","0.0000","0.0000","0.0000","0.0000","0.0000","0.0000","0.0000","3.1665","155.5503","1.50","Handicap Novices Hurdle","Stenhouse, Jack","Hobbs, P J / White, J","6","1","6","3m1.5f ","4yo+","4489","4",,
"2026-02-14","4.37.","Wincanton","4th","Bredon Hill Dart","43.8680","26.7680","10.3641","13.3912","0.0000","0.0000","0.0000","0.0000","0.0000","0.0000","0.0000","56.3600","0.0000","0.0000","0.0000","3.4001","154.1514","7.00","Handicap Novices Hurdle","Worsley, Tabitha","Gardner, Mrs S","6","4","7","3m1.5f ","4yo+","4489","4",,
"2026-02-14","4.37.","Wincanton","PU","Annie Express (IRE)","38.4400","38.9500","10.0909","9.9055","0.0000","0.0000","0.0000","0.0000","0.0000","0.0000","0.0000","52.6713","0.0000","0.0000","0.0000","2.2917","152.3494","16.00","Handicap Novices Hurdle","Harrison, Liam","Llewellyn, Robert","6","0","8","3m1.5f ","4yo+","4489","4",,
"2026-02-14","4.37.","Wincanton","2nd","Crossgales King (IRE)","58.1570","29.6872","13.1613","7.3843","0.0000","0.0000","0.0000","0.0000","0.0000","0.0000","0.0000","0.0000","0.0000","0.0000","0.0000","0.4000","108.7898","6.00","Handicap Novices Hurdle","Hanlon, Paddy","Hosie, Syd","6","2","6","3m1.5f ","4yo+","4489","4",,
"2026-02-14","4.37.","Wincanton","PU","Badentaggart (IRE)","54.1400","19.8830","12.1324","7.6347","0.0000","0.0000","0.0000","0.0000","0.0000","0.0000","0.0000","0.0000","0.0000","0.0000","0.0000","2.3000","96.0901","9.00","Handicap Novices Hurdle","OBrien, P V","Scott, J","6","0","7","3m1.5f ","4yo+","4489","4",,
"2026-02-14","4.45.","Ascot","2nd","One Dimensional","80.3827","0.0000","0.0000","0.0000","0.0000","0.0000","0.0000","0.0000","0.0000","0.0000","80.3827","86.5200","0.0000","0.0000","0.0000","0.0000","247.2855","5.00","NH Flat","Bass, David","Comley, Max","9","2","6","1m7.5f ","4-6yo","8986","2",,
"2026-02-14","4.45.","Ascot","9th","Grizzled Squirrel","60.0357","20.1650","0.0000","0.0000","0.0000","0.0000","0.0000","0.0000","0.0000","0.0000","25.0914","79.3100","0.0000","0.0000","0.0000","1.0000","185.6020","6.00","NH Flat","Quinn, Caoilin","Moore, Gary and Josh","9","9","5","1m7.5f ","4-6yo","8986","2",,
"2026-02-14","4.45.","Ascot","4th","Queen Marcia","32.2516","0.0000","0.0000","0.0000","0.0000","0.0000","0.0000","0.0000","0.0000","0.0000","32.2516","63.1400","0.0000","0.0000","0.0000","0.0000","127.6432","50.00","NH Flat","Burke, Jonathan","Jeffreys, D J","9","4","5","1m7.5f ","4-6yo","8986","2",,
"2026-02-14","4.45.","Ascot","5th","Ms Des Fois (IRE)","0.0000","0.0000","0.0000","0.0000","0.0000","0.0000","0.0000","0.0000","0.0000","0.0000","0.0000","0.0000","0.0000","0.0000","0.0000","1.2000","1.2000","2.50","NH Flat","Dingle, Rex","Honeyball, A J","9","5","4","1m7.5f ","4-6yo","8986","2",,
"2026-02-14","4.45.","Ascot","8th","Miss Roc On Sal (IRE)","0.0000","0.0000","0.0000","0.0000","0.0000","0.0000","0.0000","0.0000","0.0000","0.0000","0.0000","0.0000","0.0000","0.0000","0.0000","1.2000","1.2000","16.00","NH Flat","Poste, Ben J","Symonds, Tom","9","8","4","1m7.5f ","4-6yo","8986","2",,
"2026-02-14","4.45.","Ascot","1st","Martini Majesty","0.0000","0.0000","0.0000","0.0000","0.0000","0.0000","0.0000","0.0000","0.0000","0.0000","0.0000","0.0000","0.0000","0.0000","0.0000","1.2000","1.2000","8.50","NH Flat","Bellamy, Tom","King, A","9","1","4","1m7.5f ","4-6yo","8986","2",,
"2026-02-14","4.45.","Ascot","3rd","Galante De Vassy (FR)","0.0000","0.0000","0.0000","0.0000","0.0000","0.0000","0.0000","0.0000","0.0000","0.0000","0.0000","0.0000","0.0000","0.0000","0.0000","1.2000","1.2000","12.00","NH Flat","Fox, Ned","Symonds, Tom","9","3","4","1m7.5f ","4-6yo","8986","2",,
"2026-02-14","4.45.","Ascot","7th","Harzandacassandra","0.0000","0.0000","0.0000","0.0000","0.0000","0.0000","0.0000","0.0000","0.0000","0.0000","0.0000","0.0000","0.0000","0.0000","0.0000","0.0000","0.0000","6.00","NH Flat","Woods, K K","Killahena, David / Mcpherson, Graeme","9","7","5","1m7.5f ","4-6yo","8986","2",,
"2026-02-14","4.45.","Ascot","6th","Burning Embers (IRE)","0.0000","0.0000","0.0000","0.0000","0.0000","0.0000","0.0000","0.0000","0.0000","0.0000","0.0000","0.0000","0.0000","0.0000","0.0000","0.0000","0.0000","4.50","NH Flat","Durrell, Tristan","Skelton, Daniel","9","6","5","1m7.5f ","4-6yo","8986","2",,
"2026-02-14","4.50.","Gowran Park","6th","Happy Dreams (FR)","59.1100","39.5860","25.9239","15.2256","0.0000","0.0000","0.0000","0.0000","0.0000","0.0000","0.0000","61.1839","0.0000","0.0000","0.0000","4.7976","205.8270","7.50","Handicap Chase","OKeeffe, Sean F","McDonagh, Michael J","9","6","9","2m3.5f ","5yo+","8496","0",,
"2026-02-14","4.50.","Gowran Park","3rd","Slanagaibhgoleir (IRE)","87.5120","27.8718","15.5388","9.8324","0.0000","0.0000","0.0000","0.0000","0.0000","0.0000","0.0000","59.8874","0.0000","0.0000","0.0000","2.6677","203.3101","5.50","Handicap Chase","Millar, Carl","Elliott, Gordon","9","3","8","2m3.5f ","5yo+","8496","0",,
"2026-02-14","4.50.","Gowran Park","7th","Dont Go Yet (IRE)","51.4300","38.4950","24.9283","12.6077","0.0000","0.0000","0.0000","0.0000","0.0000","0.0000","0.0000","52.9770","0.0000","0.0000","0.0000","1.9631","182.4010","33.00","Handicap Chase","Walsh, E","Cawley, Edward","9","7","12","2m3.5f ","5yo+","8496","0",,
"2026-02-14","4.50.","Gowran Park","1st","Mount Frisco (IRE)","61.4050","25.4625","12.8940","12.4337","0.0000","0.0000","0.0000","0.0000","0.0000","0.0000","0.0000","60.1647","0.0000","0.0000","0.0000","3.9831","176.3430","8.00","Handicap Chase","King, D","Ryan, John Patrick","9","1","7","2m3.5f ","5yo+","8496","0",,
"2026-02-14","4.50.","Gowran Park","2nd","Beckett Rock (IRE)","46.2902","25.2122","8.8946","11.6997","0.0000","0.0000","0.0000","0.0000","0.0000","0.0000","0.0000","73.3562","0.0000","0.0000","0.0000","5.8857","171.3386","3.00","Handicap Chase","OKeeffe, Darragh","Bromhead, Henry De","9","2","7","2m3.5f ","5yo+","8496","0",,
"2026-02-14","4.50.","Gowran Park","4th","Klass Langy (FR)","57.8329","19.1303","0.0000","0.0000","0.0000","0.0000","0.0000","0.0000","0.0000","0.0000","24.0234","67.3500","0.0000","0.0000","0.0000","0.5000","168.8366","4.00","Handicap Chase","Slevin, J J","OBrien, Joseph Patrick","9","4","6","2m3.5f ","5yo+","8496","0",,
"2026-02-14","4.50.","Gowran Park","PU","Casey West (IRE)","52.1200","30.9955","21.7975","8.1048","0.0000","0.0000","0.0000","0.0000","0.0000","0.0000","0.0000","51.9180","0.0000","0.0000","0.0000","3.8475","168.7833","6.00","Handicap Chase","Roche, T P","Rothwell, P J","9","0","10","2m3.5f ","5yo+","8496","0",,
"2026-02-14","4.50.","Gowran Park","5th","Mighty Jeremy (IRE)","54.3272","23.1699","11.8215","7.2744","0.0000","0.0000","0.0000","0.0000","0.0000","0.0000","0.0000","55.7190","0.0000","0.0000","0.0000","5.8259","158.1379","8.50","Handicap Chase","Torrens, Simon","Foley, Patrick T","9","5","12","2m3.5f ","5yo+","8496","0",,
"2026-02-14","4.50.","Gowran Park","PU","Petit King (FR)","42.7736","35.0371","18.4966","7.8148","0.0000","0.0000","0.0000","0.0000","0.0000","0.0000","0.0000","44.4747","0.0000","0.0000","0.0000","6.0825","154.6793","12.00","Handicap Chase","Enright, P T","Cawley, Edward","9","0","10","2m3.5f ","5yo+","8496","0",,
"2026-02-14","4.55.","Newcastle","9th","Spartan Fighter","72.7000","27.9850","19.3200","12.6164","0.0000","0.0000","0.0000","0.0000","0.0000","0.0000","0.0000","62.7433","0.0000","0.0000","0.0000","4.0090","199.3737","6.00","Handicap","Hardie, Cameron","Brittain, Antony","10","9","9","6f ","4yo+","4711","6",,
"2026-02-14","4.55.","Newcastle","2nd","Pit Boss","63.9000","26.4525","14.3250","8.0663","0.0000","0.0000","0.0000","0.0000","0.0000","0.0000","0.0000","62.0967","0.0000","0.0000","0.0000","3.7016","178.5421","3.33","Handicap","Garritty, Billy","Bailey, Liam","10","2","4","6f ","4yo+","4711","6",,
"2026-02-14","4.55.","Newcastle","10th","Teardrops","51.9450","28.1225","19.1400","10.1193","0.0000","0.0000","0.0000","0.0000","0.0000","0.0000","0.0000","58.4633","0.0000","0.0000","0.0000","7.7818","175.5719","10.00","Handicap","Wood, George","Spencer, Richard","10","10","4","6f ","4yo+","4711","6",,
"2026-02-14","4.55.","Newcastle","3rd","Raft Up (IRE)","43.7893","26.1808","18.3022","12.4963","0.0000","0.0000","0.0000","0.0000","0.0000","0.0000","0.0000","66.0119","0.0000","0.0000","0.0000","6.3077","173.0882","6.50","Handicap","Scott, Rowan","Bethell, Harriet","10","3","5","6f ","4yo+","4711","6",,
"2026-02-14","4.55.","Newcastle","1st","Yorkshire Glory (IRE)","49.7850","32.3000","13.0538","9.2653","0.0000","0.0000","0.0000","0.0000","0.0000","0.0000","0.0000","60.3973","0.0000","0.0000","0.0000","6.9045","171.7059","5.00","Handicap","Mullen, Andrew","Haslam, B M R","10","1","5","6f ","4yo+","4711","6",,
"2026-02-14","4.55.","Newcastle","8th","Rajstar (IRE)","63.0000","17.6264","11.6072","9.3686","0.0000","0.0000","0.0000","0.0000","0.0000","0.0000","0.0000","57.7059","0.0000","0.0000","0.0000","9.0165","168.3246","7.00","Handicap","Hart, Jason","Haslam, B M R","10","8","4","6f ","4yo+","4711","6",,
"2026-02-14","4.55.","Newcastle","5th","Mayo County","50.8250","26.1078","8.8855","6.2530","0.0000","0.0000","0.0000","0.0000","0.0000","0.0000","0.0000","62.2578","0.0000","0.0000","0.0000","4.0702","158.3992","7.00","Handicap","Marshall, Tom Kiely","Camacho, Miss J A","10","5","5","6f ","4yo+","4711","6",,
"2026-02-14","4.55.","Newcastle","7th","Pickersgill (IRE)","51.8000","19.4432","11.2285","10.3474","0.0000","0.0000","0.0000","0.0000","0.0000","0.0000","0.0000","60.2572","0.0000","0.0000","0.0000","2.5000","155.5763","9.00","Handicap","Nolan, D","Jardine, I","10","7","4","6f ","4yo+","4711","6",,
"2026-02-14","4.55.","Newcastle","4th","Andalprofit (IRE)","36.7776","29.9940","8.9098","5.7233","0.0000","0.0000","0.0000","0.0000","0.0000","0.0000","0.0000","61.4716","0.0000","0.0000","0.0000","4.9750","147.8513","22.00","Handicap","Jary, Alex","Tinkler, N","10","4","4","6f ","4yo+","4711","6",,
"2026-02-14","4.55.","Newcastle","6th","Mersea (FR)","34.1200","17.7150","14.5273","8.7779","0.0000","0.0000","0.0000","0.0000","0.0000","0.0000","0.0000","59.1558","0.0000","0.0000","0.0000","4.0236","138.3196","40.00","Handicap","Stammers, Oliver","Tuer, Grant","10","6","6","6f ","4yo+","4711","6",,
"2026-02-14","5.25.","Newcastle","3rd","Peregrine Falcon (IRE)","62.0670","19.4404","16.9522","10.1672","0.0000","0.0000","0.0000","0.0000","0.0000","0.0000","0.0000","69.3778","0.0000","0.0000","0.0000","1.3714","179.3759","2.50","Maiden","Kavanagh, Ryan","Morris, Patrick","4","3","4","5f ","3-5yo","4320","5",,
"2026-02-14","5.25.","Newcastle","4th","Ruby Red Gove","67.7282","14.9534","0.0000","0.0000","0.0000","0.0000","0.0000","0.0000","0.0000","0.0000","24.4088","57.2036","0.0000","0.0000","0.0000","1.2000","165.4940","3.50","Maiden","Nolan, D","Furtado, Ivan","4","4","4","5f ","3-5yo","4320","5",,
"2026-02-14","5.25.","Newcastle","1st","Polka","38.0709","20.6302","0.0000","0.0000","0.0000","0.0000","0.0000","0.0000","0.0000","0.0000","19.8328","48.1518","0.0000","0.0000","0.0000","0.5000","127.1857","12.00","Maiden","Scott, Rowan","Camacho, Miss J A","4","1","4","5f ","3-5yo","4320","5",,
"2026-02-14","5.25.","Newcastle","2nd","Merlier (IRE)","0.0000","0.0000","0.0000","0.0000","0.0000","0.0000","0.0000","0.0000","0.0000","0.0000","0.0000","0.0000","0.0000","0.0000","0.0000","1.1000","1.1000","1.00","Maiden","Morris, Luke","Watson, Archie","4","2","3","5f ","3-5yo","4320","5",,
"2026-02-14","5.55.","Newcastle","2nd","Aisling Oscar (IRE)","75.8000","37.7500","19.8000","13.1600","0.0000","0.0000","0.0000","0.0000","0.0000","0.0000","0.0000","65.1469","0.0000","0.0000","0.0000","11.4947","223.1516","2.50","Handicap","McSweeney, O","Keatley, Adrian Paul","8","2","5","1m ","4yo+","5653","4",,
"2026-02-14","5.55.","Newcastle","7th","Flying Fletcher","84.9000","35.8064","20.3557","10.7181","0.0000","0.0000","0.0000","0.0000","0.0000","0.0000","0.0000","57.6564","0.0000","0.0000","0.0000","4.8252","214.2619","5.50","Handicap","Gray, S A","Fahey, R A","8","7","5","1m ","4yo+","5653","4",,
"2026-02-14","5.55.","Newcastle","3rd","Inspired (IRE)","63.0219","42.3007","11.4535","0.0000","0.0000","0.0000","0.0000","0.0000","0.0000","0.0000","12.3868","69.9856","0.0000","0.0000","0.0000","8.9996","208.1481","2.00","Handicap","Nicholls, Jack","Burke, K R","8","3","4","1m ","4yo+","5653","4",,
"2026-02-14","5.55.","Newcastle","1st","Francesi (IRE)","61.0850","30.8100","16.9815","12.5160","0.0000","0.0000","0.0000","0.0000","0.0000","0.0000","0.0000","61.6418","0.0000","0.0000","0.0000","6.2573","189.2916","3.50","Handicap","Coppins, Myla","Carroll, A W","8","1","7","1m ","4yo+","5653","4",,
"2026-02-14","5.55.","Newcastle","5th","Rajapour (IRE)","61.9000","20.1250","16.8627","14.8960","0.0000","0.0000","0.0000","0.0000","0.0000","0.0000","0.0000","72.3307","0.0000","0.0000","0.0000","1.1251","187.2395","11.00","Handicap","Garritty, Billy","OMeara, D","8","5","6","1m ","4yo+","5653","4",,
"2026-02-14","5.55.","Newcastle","8th","Qazaq (FR)","52.4550","21.6416","15.5980","7.8053","0.0000","0.0000","0.0000","0.0000","0.0000","0.0000","0.0000","67.2506","0.0000","0.0000","0.0000","3.1000","167.8505","28.00","Handicap","Winn, Mark","Jardine, I","8","8","5","1m ","4yo+","5653","4",,
"2026-02-14","5.55.","Newcastle","6th","Helmsley (IRE)","45.4700","20.6094","14.3180","14.0772","0.0000","0.0000","0.0000","0.0000","0.0000","0.0000","0.0000","69.3290","0.0000","0.0000","0.0000","1.4250","165.2286","50.00","Handicap","Hart, Jason","Furtado, Ivan","8","6","4","1m ","4yo+","5653","4",,
"2026-02-14","5.55.","Newcastle","4th","Bajan Bandit","35.7450","31.8875","18.8325","12.0482","0.0000","0.0000","0.0000","0.0000","0.0000","0.0000","0.0000","59.9209","0.0000","0.0000","0.0000","3.4614","161.8955","20.00","Handicap","Morris, Luke","Morris, Patrick","8","4","6","1m ","4yo+","5653","4",,
"2026-02-14","6.25.","Newcastle","5th","Mystical Land (IRE)","55.4700","17.0030","13.6968","8.6412","0.0000","0.0000","0.0000","0.0000","0.0000","0.0000","0.0000","57.1883","0.0000","0.0000","0.0000","1.7834","153.7827","2.50","Handicap","Kirrane, Sean","Dods, M","6","5","3","5f ","3yo","3768","6",,
"2026-02-14","6.25.","Newcastle","2nd","Rogue Rebellion","62.1000","15.6578","7.8950","9.7730","0.0000","0.0000","0.0000","0.0000","0.0000","0.0000","0.0000","50.6385","0.0000","0.0000","0.0000","3.1999","149.2642","2.75","Handicap","Morris, Luke","Owen, J P","6","2","3","5f ","3yo","3768","6",,
"2026-02-14","6.25.","Newcastle","1st","Mademoiselle Belle (IRE)","35.5350","25.6050","14.1825","10.9070","0.0000","0.0000","0.0000","0.0000","0.0000","0.0000","0.0000","58.0976","0.0000","0.0000","0.0000","1.8859","146.2130","3.33","Handicap","Robinson, Ben","Ellison, B","6","1","3","5f ","3yo","3768","6",,
"2026-02-14","6.25.","Newcastle","3rd","Mythical Night (IRE)","53.5750","15.1775","10.8582","11.2781","0.0000","0.0000","0.0000","0.0000","0.0000","0.0000","0.0000","51.7917","0.0000","0.0000","0.0000","1.9666","144.6471","3.50","Handicap","Mason, Joanna","Cunha, Dylan","6","3","3","5f ","3yo","3768","6",,
"2026-02-14","6.25.","Newcastle","4th","Doilookokay","32.1856","29.3770","14.4790","8.7537","0.0000","0.0000","0.0000","0.0000","0.0000","0.0000","0.0000","51.2664","0.0000","0.0000","0.0000","3.0001","139.0619","12.00","Handicap","McManoman, Faye","Tinkler, N","6","4","3","5f ","3yo","3768","6",,
"2026-02-14","6.25.","Newcastle","6th","Calabrian Soldato (IRE)","37.3000","13.0750","13.9483","8.0424","0.0000","0.0000","0.0000","0.0000","0.0000","0.0000","0.0000","42.6374","0.0000","0.0000","0.0000","2.5334","117.5364","25.00","Handicap","Coughlan, Laura","Souza, Lemos","6","6","3","5f ","3yo","3768","6",,
"2026-02-14","6.55.","Newcastle","3rd","Brazilian Rose (IRE)","76.2000","28.1000","22.7400","14.7112","0.0000","0.0000","0.0000","0.0000","0.0000","0.0000","0.0000","66.9836","0.0000","0.0000","0.0000","3.9246","212.6594","1.38","Handicap","Fraser, Kaiya","Menzies, Rebecca","4","3","5","7f ","4yo+","4397","5",,
"2026-02-14","6.55.","Newcastle","4th","Party Bear (IRE)","75.4000","34.6025","13.7724","6.9264","0.0000","0.0000","0.0000","0.0000","0.0000","0.0000","0.0000","70.2864","0.0000","0.0000","0.0000","3.7342","204.7219","3.00","Handicap","Nicholls, Jack","Burke, K R","4","4","4","7f ","4yo+","4397","5",,
"2026-02-14","6.55.","Newcastle","1st","Mereside Diva (IRE)","56.2750","34.1650","13.7055","7.6792","0.0000","0.0000","0.0000","0.0000","0.0000","0.0000","0.0000","70.9624","0.0000","0.0000","0.0000","2.7674","185.5545","2.00","Handicap","Pyle, William","Barron, T D","4","1","6","7f ","4yo+","4397","5",,
"2026-02-14","6.55.","Newcastle","2nd","Penny Mountain (IRE)","31.3700","16.3325","14.4928","12.4228","0.0000","0.0000","0.0000","0.0000","0.0000","0.0000","0.0000","53.0154","0.0000","0.0000","0.0000","3.8275","131.4610","7.50","Handicap","Waugh, Amie","Rutherford, Gary","4","2","5","7f ","4yo+","4397","5",,
"2026-02-14","7.25.","Newcastle","1st","Silver State (IRE)","63.7000","14.2618","12.8412","5.6120","0.0000","0.0000","0.0000","0.0000","0.0000","0.0000","0.0000","52.5697","0.0000","0.0000","0.0000","2.1500","151.1348","1.38","Handicap","Dawes, Rose","Channon, Jack","8","1","3","1m ","3yo","3768","6",,
"2026-02-14","7.25.","Newcastle","2nd","Popty Ping","36.9150","23.4750","15.2100","12.6384","0.0000","0.0000","0.0000","0.0000","0.0000","0.0000","0.0000","54.9975","0.0000","0.0000","0.0000","3.6409","146.8768","4.00","Handicap","Winn, Mark","OMeara, D","8","2","3","1m ","3yo","3768","6",,
"2026-02-14","7.25.","Newcastle","3rd","Archangel Josepi (IRE)","35.2600","20.4375","15.5535","11.0254","0.0000","0.0000","0.0000","0.0000","0.0000","0.0000","0.0000","58.7507","0.0000","0.0000","0.0000","2.6777","143.7049","2.25","Handicap","Robinson, Ben","Ellison, B","8","3","3","1m ","3yo","3768","6",,
"2026-02-14","7.25.","Newcastle","5th","Fickle Mcselfish","39.4300","16.6987","12.9677","6.3050","0.0000","0.0000","0.0000","0.0000","0.0000","0.0000","0.0000","52.4797","0.0000","0.0000","0.0000","1.7000","129.5811","28.00","Handicap","Hardie, Cameron","Coyle, Tony","8","5","3","1m ","3yo","3768","6",,
"2026-02-14","7.25.","Newcastle","6th","The Caddy Master (IRE)","28.8240","23.8900","11.2917","5.4216","0.0000","0.0000","0.0000","0.0000","0.0000","0.0000","0.0000","54.7985","0.0000","0.0000","0.0000","1.1858","125.4116","11.00","Handicap","Gray, S A","Ryan, K A","8","6","3","1m ","3yo","3768","6",,
"2026-02-14","7.25.","Newcastle","4th","Riddikulus","30.5758","25.1918","10.4829","5.8277","0.0000","0.0000","0.0000","0.0000","0.0000","0.0000","0.0000","45.6513","0.0000","0.0000","0.0000","1.3000","119.0295","33.00","Handicap","Pyle, William","Tuer, Grant","8","4","3","1m ","3yo","3768","6",,
"2026-02-14","7.25.","Newcastle","8th","Crown Inn To Win (IRE)","29.1266","14.7189","12.8350","0.0000","0.0000","0.0000","0.0000","0.0000","0.0000","0.0000","6.7565","52.3650","0.0000","0.0000","0.0000","1.7000","117.5019","14.00","Handicap","McHugh, B","Furtado, Ivan","8","8","3","1m ","3yo","3768","6",,
"2026-02-14","7.25.","Newcastle","7th","Charcon","35.7854","21.3962","8.4022","6.5136","0.0000","0.0000","0.0000","0.0000","0.0000","0.0000","0.0000","42.0995","0.0000","0.0000","0.0000","1.5000","115.6969","40.00","Handicap","Morris, Luke","Haslam, B M R","8","7","3","1m ","3yo","3768","6",,

